Date,Day,RouteId,Line,From,To,IsMaster,MetroKm,CarKm,Slot,MetroMin,CarMin,IsWalkingFallback,IsMissingMetro,DataTier
2026-08-30,Sun,MC-01,Blue,"Dakshineswar","Esplanade",true,15,12.4,12:00 AM,28,32,false,false,CleanOperational
2026-08-30,Sun,MC-02,Blue,"Shahid Khudiram","Esplanade",true,14.9,16.5,12:00 AM,28,31,false,false,CleanOperational
2026-08-30,Sun,MC-03,Blue,"Shyambazar","Dum Dum",false,3.8,3.5,12:00 AM,7,12,false,false,CleanOperational
2026-08-30,Sun,MC-04,Blue,"Shyambazar","Esplanade",false,5.1,5.2,12:00 AM,11,16,false,false,CleanOperational
2026-08-30,Sun,MC-05,Blue,"Kalighat","Esplanade",false,5.2,5.1,12:00 AM,11,11,false,false,CleanOperational
2026-08-30,Sun,MC-06,Blue,"Dakshineswar","Dum Dum",false,6.2,7,12:00 AM,12,18,false,false,CleanOperational
2026-08-30,Sun,MC-07,Blue,"Esplanade","Mahanayak Uttam Kumar (Tollygunge)",false,7.8,8.3,12:00 AM,17,19,false,false,CleanOperational
2026-08-30,Sun,MC-08,Blue,"Mahanayak Uttam Kumar (Tollygunge)","Kavi Subhash",false,7.1,6.4,12:00 AM,15,17,false,false,CleanOperational
2026-08-30,Sun,MC-09,Blue,"Dum Dum","Esplanade",false,8.8,8.8,12:00 AM,16,27,false,false,CleanOperational
2026-08-30,Sun,MC-10,Green,"Howrah","Salt Lake Sector V",true,14.2,12.4,12:00 AM,30,32,false,false,CleanOperational
2026-08-30,Sun,MC-11,Green,"Sealdah","Salt Lake Sector V",false,8.6,8,12:00 AM,22,19,false,false,CleanOperational
2026-08-30,Sun,MC-12,Green,"Howrah","Sealdah",false,5.6,6.8,12:00 AM,10,16,false,false,CleanOperational
2026-08-30,Sun,MC-13,Green,"Phoolbagan","Salt Lake Sector V",false,6.6,4.9,12:00 AM,19,15,false,false,CleanOperational
2026-08-30,Sun,MC-14,Green,"Howrah","Phoolbagan",false,7.7,7.6,12:00 AM,11,19,false,false,CleanOperational
2026-08-30,Sun,MC-15,Green,"Esplanade","Salt Lake Sector V",false,11.3,13.3,12:00 AM,25,26,false,false,CleanOperational
2026-08-30,Sun,MC-16,Orange,"Kavi Subhash","Beleghata",true,9.8,9.8,12:00 AM,0,20,false,true,MissingMetro
2026-08-30,Sun,MC-17,Orange,"Hemanta Mukhopadhyay","Beleghata",false,4.4,4.4,12:00 AM,0,8,false,true,MissingMetro
2026-08-30,Sun,MC-18,Orange,"Kavi Subhash","Science City",false,8.9,8.8,12:00 AM,0,19,false,true,MissingMetro
2026-08-30,Sun,MC-19,Purple,"Joka","Majerhat",true,7.9,7.8,12:00 AM,0,18,false,true,MissingMetro
2026-08-30,Sun,MC-20,Purple,"Behala Chowrasta","Majerhat",false,3.7,3.7,12:00 AM,0,10,false,true,MissingMetro
2026-08-30,Sun,MC-21,Purple,"Joka","Behala Chowrasta",false,4.2,4.1,12:00 AM,0,9,false,true,MissingMetro
2026-08-30,Sun,MC-22,Purple,"Joka","Taratala",false,6.6,6.5,12:00 AM,0,16,false,true,MissingMetro
2026-08-30,Sun,MC-23,Purple,"Behala Chowrasta","Taratala",false,2.4,2.4,12:00 AM,33,6,true,false,WalkingFallback
2026-08-30,Sun,MC-24,Purple,"Taratala","Majerhat",false,1.3,1.3,12:00 AM,18,3,true,false,WalkingFallback
2026-08-31,Mon,MC-01,Blue,"Dakshineswar","Esplanade",true,15,12.4,12:00 AM,28,28,false,false,CleanOperational
2026-08-31,Mon,MC-01,Blue,"Dakshineswar","Esplanade",true,15,12.4,7:54 PM,29,48,false,false,CleanOperational
2026-08-31,Mon,MC-01,Blue,"Dakshineswar","Esplanade",true,15,12.4,7:00 PM,28,42,false,false,CleanOperational
2026-08-31,Mon,MC-02,Blue,"Shahid Khudiram","Esplanade",true,14.9,16.5,12:00 AM,28,27,false,false,CleanOperational
2026-08-31,Mon,MC-02,Blue,"Shahid Khudiram","Esplanade",true,14.9,16.5,7:54 PM,28,43,false,false,CleanOperational
2026-08-31,Mon,MC-02,Blue,"Shahid Khudiram","Esplanade",true,14.9,16.5,7:00 PM,29,36,false,false,CleanOperational
2026-08-31,Mon,MC-03,Blue,"Shyambazar","Dum Dum",false,3.8,3.5,12:00 AM,7,10,false,false,CleanOperational
2026-08-31,Mon,MC-03,Blue,"Shyambazar","Dum Dum",false,3.8,3.5,7:54 PM,7,16,false,false,CleanOperational
2026-08-31,Mon,MC-03,Blue,"Shyambazar","Dum Dum",false,3.8,3.5,7:00 PM,8,16,false,false,CleanOperational
2026-08-31,Mon,MC-04,Blue,"Shyambazar","Esplanade",false,5.1,5.2,12:00 AM,11,14,false,false,CleanOperational
2026-08-31,Mon,MC-04,Blue,"Shyambazar","Esplanade",false,5.1,5.2,7:54 PM,11,26,false,false,CleanOperational
2026-08-31,Mon,MC-04,Blue,"Shyambazar","Esplanade",false,5.1,5.2,7:00 PM,11,20,false,false,CleanOperational
2026-08-31,Mon,MC-05,Blue,"Kalighat","Esplanade",false,5.2,5.1,12:00 AM,11,10,false,false,CleanOperational
2026-08-31,Mon,MC-05,Blue,"Kalighat","Esplanade",false,5.2,5.1,7:54 PM,11,21,false,false,CleanOperational
2026-08-31,Mon,MC-05,Blue,"Kalighat","Esplanade",false,5.2,5.1,7:00 PM,11,16,false,false,CleanOperational
2026-08-31,Mon,MC-06,Blue,"Dakshineswar","Dum Dum",false,6.2,7,12:00 AM,15,17,true,false,WalkingFallback
2026-08-31,Mon,MC-06,Blue,"Dakshineswar","Dum Dum",false,6.2,7,7:54 PM,13,26,false,false,CleanOperational
2026-08-31,Mon,MC-06,Blue,"Dakshineswar","Dum Dum",false,6.2,7,7:00 PM,12,25,false,false,CleanOperational
2026-08-31,Mon,MC-07,Blue,"Esplanade","Mahanayak Uttam Kumar (Tollygunge)",false,7.8,8.3,12:00 AM,17,16,false,false,CleanOperational
2026-08-31,Mon,MC-07,Blue,"Esplanade","Mahanayak Uttam Kumar (Tollygunge)",false,7.8,8.3,7:54 PM,17,31,false,false,CleanOperational
2026-08-31,Mon,MC-07,Blue,"Esplanade","Mahanayak Uttam Kumar (Tollygunge)",false,7.8,8.3,7:00 PM,18,27,false,false,CleanOperational
2026-08-31,Mon,MC-08,Blue,"Mahanayak Uttam Kumar (Tollygunge)","Kavi Subhash",false,7.1,6.4,12:00 AM,15,13,false,false,CleanOperational
2026-08-31,Mon,MC-08,Blue,"Mahanayak Uttam Kumar (Tollygunge)","Kavi Subhash",false,7.1,6.4,7:54 PM,15,25,false,false,CleanOperational
2026-08-31,Mon,MC-08,Blue,"Mahanayak Uttam Kumar (Tollygunge)","Kavi Subhash",false,7.1,6.4,7:00 PM,15,28,false,false,CleanOperational
2026-08-31,Mon,MC-09,Blue,"Dum Dum","Esplanade",false,8.8,8.8,12:00 AM,16,22,false,false,CleanOperational
2026-08-31,Mon,MC-09,Blue,"Dum Dum","Esplanade",false,8.8,8.8,7:54 PM,16,43,false,false,CleanOperational
2026-08-31,Mon,MC-09,Blue,"Dum Dum","Esplanade",false,8.8,8.8,7:00 PM,16,35,false,false,CleanOperational
2026-08-31,Mon,MC-10,Green,"Howrah","Salt Lake Sector V",true,14.2,12.4,12:00 AM,30,26,false,false,CleanOperational
2026-08-31,Mon,MC-10,Green,"Howrah","Salt Lake Sector V",true,14.2,12.4,7:54 PM,30,52,false,false,CleanOperational
2026-08-31,Mon,MC-10,Green,"Howrah","Salt Lake Sector V",true,14.2,12.4,7:00 PM,30,43,false,false,CleanOperational
2026-08-31,Mon,MC-11,Green,"Sealdah","Salt Lake Sector V",false,8.6,8,12:00 AM,22,15,false,false,CleanOperational
2026-08-31,Mon,MC-11,Green,"Sealdah","Salt Lake Sector V",false,8.6,8,7:54 PM,21,27,false,false,CleanOperational
2026-08-31,Mon,MC-11,Green,"Sealdah","Salt Lake Sector V",false,8.6,8,7:00 PM,21,25,false,false,CleanOperational
2026-08-31,Mon,MC-12,Green,"Howrah","Sealdah",false,5.6,6.8,12:00 AM,10,14,false,false,CleanOperational
2026-08-31,Mon,MC-12,Green,"Howrah","Sealdah",false,5.6,6.8,7:54 PM,11,39,false,false,CleanOperational
2026-08-31,Mon,MC-12,Green,"Howrah","Sealdah",false,5.6,6.8,7:00 PM,11,24,false,false,CleanOperational
2026-08-31,Mon,MC-13,Green,"Phoolbagan","Salt Lake Sector V",false,6.6,4.9,12:00 AM,19,13,false,false,CleanOperational
2026-08-31,Mon,MC-13,Green,"Phoolbagan","Salt Lake Sector V",false,6.6,4.9,7:54 PM,18,19,false,false,CleanOperational
2026-08-31,Mon,MC-13,Green,"Phoolbagan","Salt Lake Sector V",false,6.6,4.9,7:00 PM,18,19,false,false,CleanOperational
2026-08-31,Mon,MC-14,Green,"Howrah","Phoolbagan",false,7.7,7.6,12:00 AM,11,15,false,false,CleanOperational
2026-08-31,Mon,MC-14,Green,"Howrah","Phoolbagan",false,7.7,7.6,7:54 PM,12,39,false,false,CleanOperational
2026-08-31,Mon,MC-14,Green,"Howrah","Phoolbagan",false,7.7,7.6,7:00 PM,12,31,false,false,CleanOperational
2026-08-31,Mon,MC-15,Green,"Esplanade","Salt Lake Sector V",false,11.3,13.3,12:00 AM,25,21,false,false,CleanOperational
2026-08-31,Mon,MC-15,Green,"Esplanade","Salt Lake Sector V",false,11.3,13.3,7:54 PM,25,31,false,false,CleanOperational
2026-08-31,Mon,MC-15,Green,"Esplanade","Salt Lake Sector V",false,11.3,13.3,7:00 PM,25,28,false,false,CleanOperational
2026-08-31,Mon,MC-16,Orange,"Kavi Subhash","Beleghata",true,9.8,9.8,12:00 AM,0,17,false,true,MissingMetro
2026-08-31,Mon,MC-16,Orange,"Kavi Subhash","Beleghata",true,9.8,9.8,7:54 PM,23,26,false,false,CleanOperational
2026-08-31,Mon,MC-16,Orange,"Kavi Subhash","Beleghata",true,9.8,9.8,7:00 PM,28,22,false,false,CleanOperational
2026-08-31,Mon,MC-17,Orange,"Hemanta Mukhopadhyay","Beleghata",false,4.4,4.4,12:00 AM,0,8,false,true,MissingMetro
2026-08-31,Mon,MC-17,Orange,"Hemanta Mukhopadhyay","Beleghata",false,4.4,4.4,7:54 PM,12,10,false,false,CleanOperational
2026-08-31,Mon,MC-17,Orange,"Hemanta Mukhopadhyay","Beleghata",false,4.4,4.4,7:00 PM,17,9,false,false,CleanOperational
2026-08-31,Mon,MC-18,Orange,"Kavi Subhash","Science City",false,8.9,8.8,12:00 AM,0,16,false,true,MissingMetro
2026-08-31,Mon,MC-18,Orange,"Kavi Subhash","Science City",false,8.9,8.8,7:54 PM,19,22,false,false,CleanOperational
2026-08-31,Mon,MC-18,Orange,"Kavi Subhash","Science City",false,8.9,8.8,7:00 PM,23,21,false,false,CleanOperational
2026-08-31,Mon,MC-19,Purple,"Joka","Majerhat",true,7.9,7.8,12:00 AM,0,13,false,true,MissingMetro
2026-08-31,Mon,MC-19,Purple,"Joka","Majerhat",true,7.9,7.8,7:54 PM,17,23,false,false,CleanOperational
2026-08-31,Mon,MC-19,Purple,"Joka","Majerhat",true,7.9,7.8,7:00 PM,17,21,false,false,CleanOperational
2026-08-31,Mon,MC-20,Purple,"Behala Chowrasta","Majerhat",false,3.7,3.7,12:00 AM,51,6,true,false,WalkingFallback
2026-08-31,Mon,MC-20,Purple,"Behala Chowrasta","Majerhat",false,3.7,3.7,7:54 PM,9,11,false,false,CleanOperational
2026-08-31,Mon,MC-20,Purple,"Behala Chowrasta","Majerhat",false,3.7,3.7,7:00 PM,9,10,false,false,CleanOperational
2026-08-31,Mon,MC-21,Purple,"Joka","Behala Chowrasta",false,4.2,4.1,12:00 AM,0,7,false,true,MissingMetro
2026-08-31,Mon,MC-21,Purple,"Joka","Behala Chowrasta",false,4.2,4.1,7:54 PM,8,12,false,false,CleanOperational
2026-08-31,Mon,MC-21,Purple,"Joka","Behala Chowrasta",false,4.2,4.1,7:00 PM,8,11,false,false,CleanOperational
2026-08-31,Mon,MC-22,Purple,"Joka","Taratala",false,6.6,6.5,12:00 AM,0,11,false,true,MissingMetro
2026-08-31,Mon,MC-22,Purple,"Joka","Taratala",false,6.6,6.5,7:54 PM,14,20,false,false,CleanOperational
2026-08-31,Mon,MC-22,Purple,"Joka","Taratala",false,6.6,6.5,7:00 PM,14,19,false,false,CleanOperational
2026-08-31,Mon,MC-23,Purple,"Behala Chowrasta","Taratala",false,2.4,2.4,12:00 AM,33,4,true,false,WalkingFallback
2026-08-31,Mon,MC-23,Purple,"Behala Chowrasta","Taratala",false,2.4,2.4,7:54 PM,6,8,false,false,CleanOperational
2026-08-31,Mon,MC-23,Purple,"Behala Chowrasta","Taratala",false,2.4,2.4,7:00 PM,6,7,false,false,CleanOperational
2026-08-31,Mon,MC-24,Purple,"Taratala","Majerhat",false,1.3,1.3,12:00 AM,0,2,false,true,MissingMetro
2026-08-31,Mon,MC-24,Purple,"Taratala","Majerhat",false,1.3,1.3,7:54 PM,3,3,false,false,CleanOperational
2026-08-31,Mon,MC-24,Purple,"Taratala","Majerhat",false,1.3,1.3,7:00 PM,3,3,false,false,CleanOperational
2026-09-01,Tue,MC-01,Blue,"Dakshineswar","Esplanade",true,15,12.4,12:00 AM,28,28,false,false,CleanOperational
2026-09-01,Tue,MC-01,Blue,"Dakshineswar","Esplanade",true,15,12.4,10:00 AM,28,27,false,false,CleanOperational
2026-09-01,Tue,MC-01,Blue,"Dakshineswar","Esplanade",true,15,12.4,1:00 PM,31,48,false,false,CleanOperational
2026-09-01,Tue,MC-01,Blue,"Dakshineswar","Esplanade",true,15,12.4,7:00 PM,28,33,false,false,CleanOperational
2026-09-01,Tue,MC-02,Blue,"Shahid Khudiram","Esplanade",true,14.9,16.5,12:00 AM,28,30,false,false,CleanOperational
2026-09-01,Tue,MC-02,Blue,"Shahid Khudiram","Esplanade",true,14.9,16.5,10:00 AM,28,27,false,false,CleanOperational
2026-09-01,Tue,MC-02,Blue,"Shahid Khudiram","Esplanade",true,14.9,16.5,1:00 PM,30,47,false,false,CleanOperational
2026-09-01,Tue,MC-02,Blue,"Shahid Khudiram","Esplanade",true,14.9,16.5,7:00 PM,29,32,false,false,CleanOperational
2026-09-01,Tue,MC-03,Blue,"Shyambazar","Dum Dum",false,3.8,3.5,12:00 AM,7,11,false,false,CleanOperational
2026-09-01,Tue,MC-03,Blue,"Shyambazar","Dum Dum",false,3.8,3.5,10:00 AM,7,10,false,false,CleanOperational
2026-09-01,Tue,MC-03,Blue,"Shyambazar","Dum Dum",false,3.8,3.5,1:00 PM,53,17,true,false,WalkingFallback
2026-09-01,Tue,MC-03,Blue,"Shyambazar","Dum Dum",false,3.8,3.5,7:00 PM,8,14,false,false,CleanOperational
2026-09-01,Tue,MC-04,Blue,"Shyambazar","Esplanade",false,5.1,5.2,12:00 AM,11,14,false,false,CleanOperational
2026-09-01,Tue,MC-04,Blue,"Shyambazar","Esplanade",false,5.1,5.2,10:00 AM,11,13,false,false,CleanOperational
2026-09-01,Tue,MC-04,Blue,"Shyambazar","Esplanade",false,5.1,5.2,1:00 PM,11,25,false,false,CleanOperational
2026-09-01,Tue,MC-04,Blue,"Shyambazar","Esplanade",false,5.1,5.2,7:00 PM,11,17,false,false,CleanOperational
2026-09-01,Tue,MC-05,Blue,"Kalighat","Esplanade",false,5.2,5.1,12:00 AM,11,11,false,false,CleanOperational
2026-09-01,Tue,MC-05,Blue,"Kalighat","Esplanade",false,5.2,5.1,10:00 AM,11,10,false,false,CleanOperational
2026-09-01,Tue,MC-05,Blue,"Kalighat","Esplanade",false,5.2,5.1,1:00 PM,11,22,false,false,CleanOperational
2026-09-01,Tue,MC-05,Blue,"Kalighat","Esplanade",false,5.2,5.1,7:00 PM,11,12,false,false,CleanOperational
2026-09-01,Tue,MC-06,Blue,"Dakshineswar","Dum Dum",false,6.2,7,12:00 AM,12,16,false,false,CleanOperational
2026-09-01,Tue,MC-06,Blue,"Dakshineswar","Dum Dum",false,6.2,7,10:00 AM,12,18,false,false,CleanOperational
2026-09-01,Tue,MC-06,Blue,"Dakshineswar","Dum Dum",false,6.2,7,1:00 PM,15,26,false,false,CleanOperational
2026-09-01,Tue,MC-06,Blue,"Dakshineswar","Dum Dum",false,6.2,7,7:00 PM,12,20,false,false,CleanOperational
2026-09-01,Tue,MC-07,Blue,"Esplanade","Mahanayak Uttam Kumar (Tollygunge)",false,7.8,8.3,12:00 AM,17,17,false,false,CleanOperational
2026-09-01,Tue,MC-07,Blue,"Esplanade","Mahanayak Uttam Kumar (Tollygunge)",false,7.8,8.3,10:00 AM,17,16,false,false,CleanOperational
2026-09-01,Tue,MC-07,Blue,"Esplanade","Mahanayak Uttam Kumar (Tollygunge)",false,7.8,8.3,1:00 PM,23,35,false,false,CleanOperational
2026-09-01,Tue,MC-07,Blue,"Esplanade","Mahanayak Uttam Kumar (Tollygunge)",false,7.8,8.3,7:00 PM,18,22,false,false,CleanOperational
2026-09-01,Tue,MC-08,Blue,"Mahanayak Uttam Kumar (Tollygunge)","Kavi Subhash",false,7.1,6.4,12:00 AM,15,14,false,false,CleanOperational
2026-09-01,Tue,MC-08,Blue,"Mahanayak Uttam Kumar (Tollygunge)","Kavi Subhash",false,7.1,6.4,10:00 AM,15,15,false,false,CleanOperational
2026-09-01,Tue,MC-08,Blue,"Mahanayak Uttam Kumar (Tollygunge)","Kavi Subhash",false,7.1,6.4,1:00 PM,17,28,false,false,CleanOperational
2026-09-01,Tue,MC-08,Blue,"Mahanayak Uttam Kumar (Tollygunge)","Kavi Subhash",false,7.1,6.4,7:00 PM,15,19,false,false,CleanOperational
2026-09-01,Tue,MC-09,Blue,"Dum Dum","Esplanade",false,8.8,8.8,12:00 AM,16,25,false,false,CleanOperational
2026-09-01,Tue,MC-09,Blue,"Dum Dum","Esplanade",false,8.8,8.8,10:00 AM,16,22,false,false,CleanOperational
2026-09-01,Tue,MC-09,Blue,"Dum Dum","Esplanade",false,8.8,8.8,1:00 PM,16,42,false,false,CleanOperational
2026-09-01,Tue,MC-09,Blue,"Dum Dum","Esplanade",false,8.8,8.8,7:00 PM,16,30,false,false,CleanOperational
2026-09-01,Tue,MC-10,Green,"Howrah","Salt Lake Sector V",true,14.2,12.4,12:00 AM,30,28,false,false,CleanOperational
2026-09-01,Tue,MC-10,Green,"Howrah","Salt Lake Sector V",true,14.2,12.4,10:00 AM,30,28,false,false,CleanOperational
2026-09-01,Tue,MC-10,Green,"Howrah","Salt Lake Sector V",true,14.2,12.4,1:00 PM,30,61,false,false,CleanOperational
2026-09-01,Tue,MC-10,Green,"Howrah","Salt Lake Sector V",true,14.2,12.4,7:00 PM,30,33,false,false,CleanOperational
2026-09-01,Tue,MC-11,Green,"Sealdah","Salt Lake Sector V",false,8.6,8,12:00 AM,21,17,false,false,CleanOperational
2026-09-01,Tue,MC-11,Green,"Sealdah","Salt Lake Sector V",false,8.6,8,10:00 AM,21,17,false,false,CleanOperational
2026-09-01,Tue,MC-11,Green,"Sealdah","Salt Lake Sector V",false,8.6,8,1:00 PM,21,29,false,false,CleanOperational
2026-09-01,Tue,MC-11,Green,"Sealdah","Salt Lake Sector V",false,8.6,8,7:00 PM,21,20,false,false,CleanOperational
2026-09-01,Tue,MC-12,Green,"Howrah","Sealdah",false,5.6,6.8,12:00 AM,11,15,false,false,CleanOperational
2026-09-01,Tue,MC-12,Green,"Howrah","Sealdah",false,5.6,6.8,10:00 AM,11,16,false,false,CleanOperational
2026-09-01,Tue,MC-12,Green,"Howrah","Sealdah",false,5.6,6.8,1:00 PM,11,36,false,false,CleanOperational
2026-09-01,Tue,MC-12,Green,"Howrah","Sealdah",false,5.6,6.8,7:00 PM,11,17,false,false,CleanOperational
2026-09-01,Tue,MC-13,Green,"Phoolbagan","Salt Lake Sector V",false,6.6,4.9,12:00 AM,18,14,false,false,CleanOperational
2026-09-01,Tue,MC-13,Green,"Phoolbagan","Salt Lake Sector V",false,6.6,4.9,10:00 AM,18,13,false,false,CleanOperational
2026-09-01,Tue,MC-13,Green,"Phoolbagan","Salt Lake Sector V",false,6.6,4.9,1:00 PM,18,23,false,false,CleanOperational
2026-09-01,Tue,MC-13,Green,"Phoolbagan","Salt Lake Sector V",false,6.6,4.9,7:00 PM,18,16,false,false,CleanOperational
2026-09-01,Tue,MC-14,Green,"Howrah","Phoolbagan",false,7.7,7.6,12:00 AM,12,17,false,false,CleanOperational
2026-09-01,Tue,MC-14,Green,"Howrah","Phoolbagan",false,7.7,7.6,10:00 AM,12,17,false,false,CleanOperational
2026-09-01,Tue,MC-14,Green,"Howrah","Phoolbagan",false,7.7,7.6,1:00 PM,12,40,false,false,CleanOperational
2026-09-01,Tue,MC-14,Green,"Howrah","Phoolbagan",false,7.7,7.6,7:00 PM,12,21,false,false,CleanOperational
2026-09-01,Tue,MC-15,Green,"Esplanade","Salt Lake Sector V",false,11.3,13.3,12:00 AM,25,21,false,false,CleanOperational
2026-09-01,Tue,MC-15,Green,"Esplanade","Salt Lake Sector V",false,11.3,13.3,10:00 AM,25,20,false,false,CleanOperational
2026-09-01,Tue,MC-15,Green,"Esplanade","Salt Lake Sector V",false,11.3,13.3,1:00 PM,25,38,false,false,CleanOperational
2026-09-01,Tue,MC-15,Green,"Esplanade","Salt Lake Sector V",false,11.3,13.3,7:00 PM,25,24,false,false,CleanOperational
2026-09-01,Tue,MC-16,Orange,"Kavi Subhash","Beleghata",true,9.8,9.8,12:00 AM,28,19,false,false,CleanOperational
2026-09-01,Tue,MC-16,Orange,"Kavi Subhash","Beleghata",true,9.8,9.8,10:00 AM,23,17,false,false,CleanOperational
2026-09-01,Tue,MC-16,Orange,"Kavi Subhash","Beleghata",true,9.8,9.8,1:00 PM,28,28,false,false,CleanOperational
2026-09-01,Tue,MC-16,Orange,"Kavi Subhash","Beleghata",true,9.8,9.8,7:00 PM,28,21,false,false,CleanOperational
2026-09-01,Tue,MC-17,Orange,"Hemanta Mukhopadhyay","Beleghata",false,4.4,4.4,12:00 AM,12,8,false,false,CleanOperational
2026-09-01,Tue,MC-17,Orange,"Hemanta Mukhopadhyay","Beleghata",false,4.4,4.4,10:00 AM,12,7,false,false,CleanOperational
2026-09-01,Tue,MC-17,Orange,"Hemanta Mukhopadhyay","Beleghata",false,4.4,4.4,1:00 PM,12,11,false,false,CleanOperational
2026-09-01,Tue,MC-17,Orange,"Hemanta Mukhopadhyay","Beleghata",false,4.4,4.4,7:00 PM,17,9,false,false,CleanOperational
2026-09-01,Tue,MC-18,Orange,"Kavi Subhash","Science City",false,8.9,8.8,12:00 AM,23,18,false,false,CleanOperational
2026-09-01,Tue,MC-18,Orange,"Kavi Subhash","Science City",false,8.9,8.8,10:00 AM,19,16,false,false,CleanOperational
2026-09-01,Tue,MC-18,Orange,"Kavi Subhash","Science City",false,8.9,8.8,1:00 PM,23,27,false,false,CleanOperational
2026-09-01,Tue,MC-18,Orange,"Kavi Subhash","Science City",false,8.9,8.8,7:00 PM,23,20,false,false,CleanOperational
2026-09-01,Tue,MC-19,Purple,"Joka","Majerhat",true,7.9,7.8,12:00 AM,17,16,false,false,CleanOperational
2026-09-01,Tue,MC-19,Purple,"Joka","Majerhat",true,7.9,7.8,10:00 AM,17,14,false,false,CleanOperational
2026-09-01,Tue,MC-19,Purple,"Joka","Majerhat",true,7.9,7.8,1:00 PM,17,22,false,false,CleanOperational
2026-09-01,Tue,MC-19,Purple,"Joka","Majerhat",true,7.9,7.8,7:00 PM,17,22,false,false,CleanOperational
2026-09-01,Tue,MC-20,Purple,"Behala Chowrasta","Majerhat",false,3.7,3.7,12:00 AM,51,8,true,false,WalkingFallback
2026-09-01,Tue,MC-20,Purple,"Behala Chowrasta","Majerhat",false,3.7,3.7,10:00 AM,9,7,false,false,CleanOperational
2026-09-01,Tue,MC-20,Purple,"Behala Chowrasta","Majerhat",false,3.7,3.7,1:00 PM,51,11,true,false,WalkingFallback
2026-09-01,Tue,MC-20,Purple,"Behala Chowrasta","Majerhat",false,3.7,3.7,7:00 PM,9,12,false,false,CleanOperational
2026-09-01,Tue,MC-21,Purple,"Joka","Behala Chowrasta",false,4.2,4.1,12:00 AM,8,8,false,false,CleanOperational
2026-09-01,Tue,MC-21,Purple,"Joka","Behala Chowrasta",false,4.2,4.1,10:00 AM,8,7,false,false,CleanOperational
2026-09-01,Tue,MC-21,Purple,"Joka","Behala Chowrasta",false,4.2,4.1,1:00 PM,57,12,true,false,WalkingFallback
2026-09-01,Tue,MC-21,Purple,"Joka","Behala Chowrasta",false,4.2,4.1,7:00 PM,8,10,false,false,CleanOperational
2026-09-01,Tue,MC-22,Purple,"Joka","Taratala",false,6.6,6.5,12:00 AM,14,13,false,false,CleanOperational
2026-09-01,Tue,MC-22,Purple,"Joka","Taratala",false,6.6,6.5,10:00 AM,14,11,false,false,CleanOperational
2026-09-01,Tue,MC-22,Purple,"Joka","Taratala",false,6.6,6.5,1:00 PM,14,20,false,false,CleanOperational
2026-09-01,Tue,MC-22,Purple,"Joka","Taratala",false,6.6,6.5,7:00 PM,14,18,false,false,CleanOperational
2026-09-01,Tue,MC-23,Purple,"Behala Chowrasta","Taratala",false,2.4,2.4,12:00 AM,6,5,false,false,CleanOperational
2026-09-01,Tue,MC-23,Purple,"Behala Chowrasta","Taratala",false,2.4,2.4,10:00 AM,6,4,false,false,CleanOperational
2026-09-01,Tue,MC-23,Purple,"Behala Chowrasta","Taratala",false,2.4,2.4,1:00 PM,33,8,true,false,WalkingFallback
2026-09-01,Tue,MC-23,Purple,"Behala Chowrasta","Taratala",false,2.4,2.4,7:00 PM,6,7,false,false,CleanOperational
2026-09-01,Tue,MC-24,Purple,"Taratala","Majerhat",false,1.3,1.3,12:00 AM,18,2,true,false,WalkingFallback
2026-09-01,Tue,MC-24,Purple,"Taratala","Majerhat",false,1.3,1.3,10:00 AM,3,2,false,false,CleanOperational
2026-09-01,Tue,MC-24,Purple,"Taratala","Majerhat",false,1.3,1.3,1:00 PM,18,3,true,false,WalkingFallback
2026-09-01,Tue,MC-24,Purple,"Taratala","Majerhat",false,1.3,1.3,7:00 PM,3,4,false,false,CleanOperational
2026-09-02,Wed,MC-01,Blue,"Dakshineswar","Esplanade",true,15,12.4,12:00 AM,31,26,false,false,CleanOperational
2026-09-02,Wed,MC-01,Blue,"Dakshineswar","Esplanade",true,15,12.4,10:00 AM,28,67,false,false,CleanOperational
2026-09-02,Wed,MC-01,Blue,"Dakshineswar","Esplanade",true,15,12.4,1:00 PM,31,56,false,false,CleanOperational
2026-09-02,Wed,MC-01,Blue,"Dakshineswar","Esplanade",true,15,12.4,7:00 PM,28,39,false,false,CleanOperational
2026-09-02,Wed,MC-02,Blue,"Shahid Khudiram","Esplanade",true,14.9,16.5,12:00 AM,28,28,false,false,CleanOperational
2026-09-02,Wed,MC-02,Blue,"Shahid Khudiram","Esplanade",true,14.9,16.5,10:00 AM,28,68,false,false,CleanOperational
2026-09-02,Wed,MC-02,Blue,"Shahid Khudiram","Esplanade",true,14.9,16.5,1:00 PM,30,62,false,false,CleanOperational
2026-09-02,Wed,MC-02,Blue,"Shahid Khudiram","Esplanade",true,14.9,16.5,7:00 PM,29,39,false,false,CleanOperational
2026-09-02,Wed,MC-03,Blue,"Shyambazar","Dum Dum",false,3.8,3.5,12:00 AM,7,11,false,false,CleanOperational
2026-09-02,Wed,MC-03,Blue,"Shyambazar","Dum Dum",false,3.8,3.5,10:00 AM,7,17,false,false,CleanOperational
2026-09-02,Wed,MC-03,Blue,"Shyambazar","Dum Dum",false,3.8,3.5,1:00 PM,53,17,true,false,WalkingFallback
2026-09-02,Wed,MC-03,Blue,"Shyambazar","Dum Dum",false,3.8,3.5,7:00 PM,8,17,false,false,CleanOperational
2026-09-02,Wed,MC-04,Blue,"Shyambazar","Esplanade",false,5.1,5.2,12:00 AM,11,14,false,false,CleanOperational
2026-09-02,Wed,MC-04,Blue,"Shyambazar","Esplanade",false,5.1,5.2,10:00 AM,11,41,false,false,CleanOperational
2026-09-02,Wed,MC-04,Blue,"Shyambazar","Esplanade",false,5.1,5.2,1:00 PM,11,33,false,false,CleanOperational
2026-09-02,Wed,MC-04,Blue,"Shyambazar","Esplanade",false,5.1,5.2,7:00 PM,11,19,false,false,CleanOperational
2026-09-02,Wed,MC-05,Blue,"Kalighat","Esplanade",false,5.2,5.1,12:00 AM,11,11,false,false,CleanOperational
2026-09-02,Wed,MC-05,Blue,"Kalighat","Esplanade",false,5.2,5.1,10:00 AM,11,44,false,false,CleanOperational
2026-09-02,Wed,MC-05,Blue,"Kalighat","Esplanade",false,5.2,5.1,1:00 PM,11,31,false,false,CleanOperational
2026-09-02,Wed,MC-05,Blue,"Kalighat","Esplanade",false,5.2,5.1,7:00 PM,11,18,false,false,CleanOperational
2026-09-02,Wed,MC-06,Blue,"Dakshineswar","Dum Dum",false,6.2,7,12:00 AM,12,15,false,false,CleanOperational
2026-09-02,Wed,MC-06,Blue,"Dakshineswar","Dum Dum",false,6.2,7,10:00 AM,12,28,false,false,CleanOperational
2026-09-02,Wed,MC-06,Blue,"Dakshineswar","Dum Dum",false,6.2,7,1:00 PM,15,27,false,false,CleanOperational
2026-09-02,Wed,MC-06,Blue,"Dakshineswar","Dum Dum",false,6.2,7,7:00 PM,12,25,false,false,CleanOperational
2026-09-02,Wed,MC-07,Blue,"Esplanade","Mahanayak Uttam Kumar (Tollygunge)",false,7.8,8.3,12:00 AM,17,16,false,false,CleanOperational
2026-09-02,Wed,MC-07,Blue,"Esplanade","Mahanayak Uttam Kumar (Tollygunge)",false,7.8,8.3,10:00 AM,17,49,false,false,CleanOperational
2026-09-02,Wed,MC-07,Blue,"Esplanade","Mahanayak Uttam Kumar (Tollygunge)",false,7.8,8.3,1:00 PM,23,36,false,false,CleanOperational
2026-09-02,Wed,MC-07,Blue,"Esplanade","Mahanayak Uttam Kumar (Tollygunge)",false,7.8,8.3,7:00 PM,18,38,false,false,CleanOperational
2026-09-02,Wed,MC-08,Blue,"Mahanayak Uttam Kumar (Tollygunge)","Kavi Subhash",false,7.1,6.4,12:00 AM,17,14,false,false,CleanOperational
2026-09-02,Wed,MC-08,Blue,"Mahanayak Uttam Kumar (Tollygunge)","Kavi Subhash",false,7.1,6.4,10:00 AM,15,26,false,false,CleanOperational
2026-09-02,Wed,MC-08,Blue,"Mahanayak Uttam Kumar (Tollygunge)","Kavi Subhash",false,7.1,6.4,1:00 PM,17,29,false,false,CleanOperational
2026-09-02,Wed,MC-08,Blue,"Mahanayak Uttam Kumar (Tollygunge)","Kavi Subhash",false,7.1,6.4,7:00 PM,15,28,false,false,CleanOperational
2026-09-02,Wed,MC-09,Blue,"Dum Dum","Esplanade",false,8.8,8.8,12:00 AM,16,23,false,false,CleanOperational
2026-09-02,Wed,MC-09,Blue,"Dum Dum","Esplanade",false,8.8,8.8,10:00 AM,16,53,false,false,CleanOperational
2026-09-02,Wed,MC-09,Blue,"Dum Dum","Esplanade",false,8.8,8.8,1:00 PM,16,52,false,false,CleanOperational
2026-09-02,Wed,MC-09,Blue,"Dum Dum","Esplanade",false,8.8,8.8,7:00 PM,16,35,false,false,CleanOperational
2026-09-02,Wed,MC-10,Green,"Howrah","Salt Lake Sector V",true,14.2,12.4,12:00 AM,30,27,false,false,CleanOperational
2026-09-02,Wed,MC-10,Green,"Howrah","Salt Lake Sector V",true,14.2,12.4,10:00 AM,30,56,false,false,CleanOperational
2026-09-02,Wed,MC-10,Green,"Howrah","Salt Lake Sector V",true,14.2,12.4,1:00 PM,30,61,false,false,CleanOperational
2026-09-02,Wed,MC-10,Green,"Howrah","Salt Lake Sector V",true,14.2,12.4,7:00 PM,30,43,false,false,CleanOperational
2026-09-02,Wed,MC-11,Green,"Sealdah","Salt Lake Sector V",false,8.6,8,12:00 AM,21,17,false,false,CleanOperational
2026-09-02,Wed,MC-11,Green,"Sealdah","Salt Lake Sector V",false,8.6,8,10:00 AM,21,29,false,false,CleanOperational
2026-09-02,Wed,MC-11,Green,"Sealdah","Salt Lake Sector V",false,8.6,8,1:00 PM,21,26,false,false,CleanOperational
2026-09-02,Wed,MC-11,Green,"Sealdah","Salt Lake Sector V",false,8.6,8,7:00 PM,21,26,false,false,CleanOperational
2026-09-02,Wed,MC-12,Green,"Howrah","Sealdah",false,5.6,6.8,12:00 AM,11,14,false,false,CleanOperational
2026-09-02,Wed,MC-12,Green,"Howrah","Sealdah",false,5.6,6.8,10:00 AM,11,39,false,false,CleanOperational
2026-09-02,Wed,MC-12,Green,"Howrah","Sealdah",false,5.6,6.8,1:00 PM,11,38,false,false,CleanOperational
2026-09-02,Wed,MC-12,Green,"Howrah","Sealdah",false,5.6,6.8,7:00 PM,11,23,false,false,CleanOperational
2026-09-02,Wed,MC-13,Green,"Phoolbagan","Salt Lake Sector V",false,6.6,4.9,12:00 AM,18,13,false,false,CleanOperational
2026-09-02,Wed,MC-13,Green,"Phoolbagan","Salt Lake Sector V",false,6.6,4.9,10:00 AM,18,22,false,false,CleanOperational
2026-09-02,Wed,MC-13,Green,"Phoolbagan","Salt Lake Sector V",false,6.6,4.9,1:00 PM,18,22,false,false,CleanOperational
2026-09-02,Wed,MC-13,Green,"Phoolbagan","Salt Lake Sector V",false,6.6,4.9,7:00 PM,18,21,false,false,CleanOperational
2026-09-02,Wed,MC-14,Green,"Howrah","Phoolbagan",false,7.7,7.6,12:00 AM,12,16,false,false,CleanOperational
2026-09-02,Wed,MC-14,Green,"Howrah","Phoolbagan",false,7.7,7.6,10:00 AM,12,37,false,false,CleanOperational
2026-09-02,Wed,MC-14,Green,"Howrah","Phoolbagan",false,7.7,7.6,1:00 PM,12,42,false,false,CleanOperational
2026-09-02,Wed,MC-14,Green,"Howrah","Phoolbagan",false,7.7,7.6,7:00 PM,12,30,false,false,CleanOperational
2026-09-02,Wed,MC-15,Green,"Esplanade","Salt Lake Sector V",false,11.3,13.3,12:00 AM,25,20,false,false,CleanOperational
2026-09-02,Wed,MC-15,Green,"Esplanade","Salt Lake Sector V",false,11.3,13.3,10:00 AM,25,45,false,false,CleanOperational
2026-09-02,Wed,MC-15,Green,"Esplanade","Salt Lake Sector V",false,11.3,13.3,1:00 PM,25,36,false,false,CleanOperational
2026-09-02,Wed,MC-15,Green,"Esplanade","Salt Lake Sector V",false,11.3,13.3,7:00 PM,25,29,false,false,CleanOperational
2026-09-02,Wed,MC-16,Orange,"Kavi Subhash","Beleghata",true,9.8,9.8,12:00 AM,23,17,false,false,CleanOperational
2026-09-02,Wed,MC-16,Orange,"Kavi Subhash","Beleghata",true,9.8,9.8,10:00 AM,23,27,false,false,CleanOperational
2026-09-02,Wed,MC-16,Orange,"Kavi Subhash","Beleghata",true,9.8,9.8,1:00 PM,28,27,false,false,CleanOperational
2026-09-02,Wed,MC-16,Orange,"Kavi Subhash","Beleghata",true,9.8,9.8,7:00 PM,28,24,false,false,CleanOperational
2026-09-02,Wed,MC-17,Orange,"Hemanta Mukhopadhyay","Beleghata",false,4.4,4.4,12:00 AM,12,7,false,false,CleanOperational
2026-09-02,Wed,MC-17,Orange,"Hemanta Mukhopadhyay","Beleghata",false,4.4,4.4,10:00 AM,12,12,false,false,CleanOperational
2026-09-02,Wed,MC-17,Orange,"Hemanta Mukhopadhyay","Beleghata",false,4.4,4.4,1:00 PM,12,11,false,false,CleanOperational
2026-09-02,Wed,MC-17,Orange,"Hemanta Mukhopadhyay","Beleghata",false,4.4,4.4,7:00 PM,17,11,false,false,CleanOperational
2026-09-02,Wed,MC-18,Orange,"Kavi Subhash","Science City",false,8.9,8.8,12:00 AM,19,15,false,false,CleanOperational
2026-09-02,Wed,MC-18,Orange,"Kavi Subhash","Science City",false,8.9,8.8,10:00 AM,19,24,false,false,CleanOperational
2026-09-02,Wed,MC-18,Orange,"Kavi Subhash","Science City",false,8.9,8.8,1:00 PM,23,25,false,false,CleanOperational
2026-09-02,Wed,MC-18,Orange,"Kavi Subhash","Science City",false,8.9,8.8,7:00 PM,23,22,false,false,CleanOperational
2026-09-02,Wed,MC-19,Purple,"Joka","Majerhat",true,7.9,7.8,12:00 AM,17,14,false,false,CleanOperational
2026-09-02,Wed,MC-19,Purple,"Joka","Majerhat",true,7.9,7.8,10:00 AM,17,27,false,false,CleanOperational
2026-09-02,Wed,MC-19,Purple,"Joka","Majerhat",true,7.9,7.8,1:00 PM,17,27,false,false,CleanOperational
2026-09-02,Wed,MC-19,Purple,"Joka","Majerhat",true,7.9,7.8,7:00 PM,17,24,false,false,CleanOperational
2026-09-02,Wed,MC-20,Purple,"Behala Chowrasta","Majerhat",false,3.7,3.7,12:00 AM,9,6,false,false,CleanOperational
2026-09-02,Wed,MC-20,Purple,"Behala Chowrasta","Majerhat",false,3.7,3.7,10:00 AM,9,15,false,false,CleanOperational
2026-09-02,Wed,MC-20,Purple,"Behala Chowrasta","Majerhat",false,3.7,3.7,1:00 PM,51,14,true,false,WalkingFallback
2026-09-02,Wed,MC-20,Purple,"Behala Chowrasta","Majerhat",false,3.7,3.7,7:00 PM,9,13,false,false,CleanOperational
2026-09-02,Wed,MC-21,Purple,"Joka","Behala Chowrasta",false,4.2,4.1,12:00 AM,8,7,false,false,CleanOperational
2026-09-02,Wed,MC-21,Purple,"Joka","Behala Chowrasta",false,4.2,4.1,10:00 AM,8,11,false,false,CleanOperational
2026-09-02,Wed,MC-21,Purple,"Joka","Behala Chowrasta",false,4.2,4.1,1:00 PM,57,12,true,false,WalkingFallback
2026-09-02,Wed,MC-21,Purple,"Joka","Behala Chowrasta",false,4.2,4.1,7:00 PM,8,12,false,false,CleanOperational
2026-09-02,Wed,MC-22,Purple,"Joka","Taratala",false,6.6,6.5,12:00 AM,14,11,false,false,CleanOperational
2026-09-02,Wed,MC-22,Purple,"Joka","Taratala",false,6.6,6.5,10:00 AM,14,21,false,false,CleanOperational
2026-09-02,Wed,MC-22,Purple,"Joka","Taratala",false,6.6,6.5,1:00 PM,14,26,false,false,CleanOperational
2026-09-02,Wed,MC-22,Purple,"Joka","Taratala",false,6.6,6.5,7:00 PM,14,20,false,false,CleanOperational
2026-09-02,Wed,MC-23,Purple,"Behala Chowrasta","Taratala",false,2.4,2.4,12:00 AM,6,4,false,false,CleanOperational
2026-09-02,Wed,MC-23,Purple,"Behala Chowrasta","Taratala",false,2.4,2.4,10:00 AM,6,10,false,false,CleanOperational
2026-09-02,Wed,MC-23,Purple,"Behala Chowrasta","Taratala",false,2.4,2.4,1:00 PM,33,15,true,false,WalkingFallback
2026-09-02,Wed,MC-23,Purple,"Behala Chowrasta","Taratala",false,2.4,2.4,7:00 PM,6,9,false,false,CleanOperational
2026-09-02,Wed,MC-24,Purple,"Taratala","Majerhat",false,1.3,1.3,12:00 AM,18,2,true,false,WalkingFallback
2026-09-02,Wed,MC-24,Purple,"Taratala","Majerhat",false,1.3,1.3,10:00 AM,3,5,false,false,CleanOperational
2026-09-02,Wed,MC-24,Purple,"Taratala","Majerhat",false,1.3,1.3,1:00 PM,18,3,true,false,WalkingFallback
2026-09-02,Wed,MC-24,Purple,"Taratala","Majerhat",false,1.3,1.3,7:00 PM,3,3,false,false,CleanOperational
2026-09-03,Thu,MC-01,Blue,"Dakshineswar","Esplanade",true,15,12.4,12:00 AM,28,31,false,false,CleanOperational
2026-09-03,Thu,MC-01,Blue,"Dakshineswar","Esplanade",true,15,12.4,10:00 AM,28,44,false,false,CleanOperational
2026-09-03,Thu,MC-01,Blue,"Dakshineswar","Esplanade",true,15,12.4,1:00 PM,31,52,false,false,CleanOperational
2026-09-03,Thu,MC-01,Blue,"Dakshineswar","Esplanade",true,15,12.4,7:00 PM,28,51,false,false,CleanOperational
2026-09-03,Thu,MC-02,Blue,"Shahid Khudiram","Esplanade",true,14.9,16.5,12:00 AM,28,31,false,false,CleanOperational
2026-09-03,Thu,MC-02,Blue,"Shahid Khudiram","Esplanade",true,14.9,16.5,10:00 AM,28,55,false,false,CleanOperational
2026-09-03,Thu,MC-02,Blue,"Shahid Khudiram","Esplanade",true,14.9,16.5,1:00 PM,30,45,false,false,CleanOperational
2026-09-03,Thu,MC-02,Blue,"Shahid Khudiram","Esplanade",true,14.9,16.5,7:00 PM,29,59,false,false,CleanOperational
2026-09-03,Thu,MC-03,Blue,"Shyambazar","Dum Dum",false,3.8,3.5,12:00 AM,53,12,true,false,WalkingFallback
2026-09-03,Thu,MC-03,Blue,"Shyambazar","Dum Dum",false,3.8,3.5,10:00 AM,7,16,false,false,CleanOperational
2026-09-03,Thu,MC-03,Blue,"Shyambazar","Dum Dum",false,3.8,3.5,1:00 PM,53,17,true,false,WalkingFallback
2026-09-03,Thu,MC-03,Blue,"Shyambazar","Dum Dum",false,3.8,3.5,7:00 PM,8,25,false,false,CleanOperational
2026-09-03,Thu,MC-04,Blue,"Shyambazar","Esplanade",false,5.1,5.2,12:00 AM,11,16,false,false,CleanOperational
2026-09-03,Thu,MC-04,Blue,"Shyambazar","Esplanade",false,5.1,5.2,10:00 AM,11,20,false,false,CleanOperational
2026-09-03,Thu,MC-04,Blue,"Shyambazar","Esplanade",false,5.1,5.2,1:00 PM,11,27,false,false,CleanOperational
2026-09-03,Thu,MC-04,Blue,"Shyambazar","Esplanade",false,5.1,5.2,7:00 PM,11,27,false,false,CleanOperational
2026-09-03,Thu,MC-05,Blue,"Kalighat","Esplanade",false,5.2,5.1,12:00 AM,11,12,false,false,CleanOperational
2026-09-03,Thu,MC-05,Blue,"Kalighat","Esplanade",false,5.2,5.1,10:00 AM,11,17,false,false,CleanOperational
2026-09-03,Thu,MC-05,Blue,"Kalighat","Esplanade",false,5.2,5.1,1:00 PM,11,25,false,false,CleanOperational
2026-09-03,Thu,MC-05,Blue,"Kalighat","Esplanade",false,5.2,5.1,7:00 PM,11,32,false,false,CleanOperational
2026-09-03,Thu,MC-06,Blue,"Dakshineswar","Dum Dum",false,6.2,7,12:00 AM,15,19,false,false,CleanOperational
2026-09-03,Thu,MC-06,Blue,"Dakshineswar","Dum Dum",false,6.2,7,10:00 AM,12,27,false,false,CleanOperational
2026-09-03,Thu,MC-06,Blue,"Dakshineswar","Dum Dum",false,6.2,7,1:00 PM,15,30,false,false,CleanOperational
2026-09-03,Thu,MC-06,Blue,"Dakshineswar","Dum Dum",false,6.2,7,7:00 PM,12,28,false,false,CleanOperational
2026-09-03,Thu,MC-07,Blue,"Esplanade","Mahanayak Uttam Kumar (Tollygunge)",false,7.8,8.3,12:00 AM,23,18,false,false,CleanOperational
2026-09-03,Thu,MC-07,Blue,"Esplanade","Mahanayak Uttam Kumar (Tollygunge)",false,7.8,8.3,10:00 AM,17,28,false,false,CleanOperational
2026-09-03,Thu,MC-07,Blue,"Esplanade","Mahanayak Uttam Kumar (Tollygunge)",false,7.8,8.3,1:00 PM,23,33,false,false,CleanOperational
2026-09-03,Thu,MC-07,Blue,"Esplanade","Mahanayak Uttam Kumar (Tollygunge)",false,7.8,8.3,7:00 PM,18,43,false,false,CleanOperational
2026-09-03,Thu,MC-08,Blue,"Mahanayak Uttam Kumar (Tollygunge)","Kavi Subhash",false,7.1,6.4,12:00 AM,15,16,false,false,CleanOperational
2026-09-03,Thu,MC-08,Blue,"Mahanayak Uttam Kumar (Tollygunge)","Kavi Subhash",false,7.1,6.4,10:00 AM,15,30,false,false,CleanOperational
2026-09-03,Thu,MC-08,Blue,"Mahanayak Uttam Kumar (Tollygunge)","Kavi Subhash",false,7.1,6.4,1:00 PM,17,27,false,false,CleanOperational
2026-09-03,Thu,MC-08,Blue,"Mahanayak Uttam Kumar (Tollygunge)","Kavi Subhash",false,7.1,6.4,7:00 PM,15,33,false,false,CleanOperational
2026-09-03,Thu,MC-09,Blue,"Dum Dum","Esplanade",false,8.8,8.8,12:00 AM,16,26,false,false,CleanOperational
2026-09-03,Thu,MC-09,Blue,"Dum Dum","Esplanade",false,8.8,8.8,10:00 AM,16,37,false,false,CleanOperational
2026-09-03,Thu,MC-09,Blue,"Dum Dum","Esplanade",false,8.8,8.8,1:00 PM,16,42,false,false,CleanOperational
2026-09-03,Thu,MC-09,Blue,"Dum Dum","Esplanade",false,8.8,8.8,7:00 PM,16,48,false,false,CleanOperational
2026-09-03,Thu,MC-10,Green,"Howrah","Salt Lake Sector V",true,14.2,12.4,12:00 AM,30,29,false,false,CleanOperational
2026-09-03,Thu,MC-10,Green,"Howrah","Salt Lake Sector V",true,14.2,12.4,10:00 AM,30,49,false,false,CleanOperational
2026-09-03,Thu,MC-10,Green,"Howrah","Salt Lake Sector V",true,14.2,12.4,1:00 PM,30,48,false,false,CleanOperational
2026-09-03,Thu,MC-10,Green,"Howrah","Salt Lake Sector V",true,14.2,12.4,7:00 PM,30,61,false,false,CleanOperational
2026-09-03,Thu,MC-11,Green,"Sealdah","Salt Lake Sector V",false,8.6,8,12:00 AM,21,18,false,false,CleanOperational
2026-09-03,Thu,MC-11,Green,"Sealdah","Salt Lake Sector V",false,8.6,8,10:00 AM,21,32,false,false,CleanOperational
2026-09-03,Thu,MC-11,Green,"Sealdah","Salt Lake Sector V",false,8.6,8,1:00 PM,21,28,false,false,CleanOperational
2026-09-03,Thu,MC-11,Green,"Sealdah","Salt Lake Sector V",false,8.6,8,7:00 PM,21,30,false,false,CleanOperational
2026-09-03,Thu,MC-12,Green,"Howrah","Sealdah",false,5.6,6.8,12:00 AM,11,15,false,false,CleanOperational
2026-09-03,Thu,MC-12,Green,"Howrah","Sealdah",false,5.6,6.8,10:00 AM,11,26,false,false,CleanOperational
2026-09-03,Thu,MC-12,Green,"Howrah","Sealdah",false,5.6,6.8,1:00 PM,11,30,false,false,CleanOperational
2026-09-03,Thu,MC-12,Green,"Howrah","Sealdah",false,5.6,6.8,7:00 PM,11,37,false,false,CleanOperational
2026-09-03,Thu,MC-13,Green,"Phoolbagan","Salt Lake Sector V",false,6.6,4.9,12:00 AM,18,14,false,false,CleanOperational
2026-09-03,Thu,MC-13,Green,"Phoolbagan","Salt Lake Sector V",false,6.6,4.9,10:00 AM,18,23,false,false,CleanOperational
2026-09-03,Thu,MC-13,Green,"Phoolbagan","Salt Lake Sector V",false,6.6,4.9,1:00 PM,18,21,false,false,CleanOperational
2026-09-03,Thu,MC-13,Green,"Phoolbagan","Salt Lake Sector V",false,6.6,4.9,7:00 PM,18,25,false,false,CleanOperational
2026-09-03,Thu,MC-14,Green,"Howrah","Phoolbagan",false,7.7,7.6,12:00 AM,12,18,false,false,CleanOperational
2026-09-03,Thu,MC-14,Green,"Howrah","Phoolbagan",false,7.7,7.6,10:00 AM,12,28,false,false,CleanOperational
2026-09-03,Thu,MC-14,Green,"Howrah","Phoolbagan",false,7.7,7.6,1:00 PM,12,31,false,false,CleanOperational
2026-09-03,Thu,MC-14,Green,"Howrah","Phoolbagan",false,7.7,7.6,7:00 PM,12,42,false,false,CleanOperational
2026-09-03,Thu,MC-15,Green,"Esplanade","Salt Lake Sector V",false,11.3,13.3,12:00 AM,25,24,false,false,CleanOperational
2026-09-03,Thu,MC-15,Green,"Esplanade","Salt Lake Sector V",false,11.3,13.3,10:00 AM,25,45,false,false,CleanOperational
2026-09-03,Thu,MC-15,Green,"Esplanade","Salt Lake Sector V",false,11.3,13.3,1:00 PM,25,33,false,false,CleanOperational
2026-09-03,Thu,MC-15,Green,"Esplanade","Salt Lake Sector V",false,11.3,13.3,7:00 PM,25,38,false,false,CleanOperational
2026-09-03,Thu,MC-16,Orange,"Kavi Subhash","Beleghata",true,9.8,9.8,12:00 AM,23,19,false,false,CleanOperational
2026-09-03,Thu,MC-16,Orange,"Kavi Subhash","Beleghata",true,9.8,9.8,10:00 AM,23,31,false,false,CleanOperational
2026-09-03,Thu,MC-16,Orange,"Kavi Subhash","Beleghata",true,9.8,9.8,1:00 PM,28,24,false,false,CleanOperational
2026-09-03,Thu,MC-16,Orange,"Kavi Subhash","Beleghata",true,9.8,9.8,7:00 PM,28,32,false,false,CleanOperational
2026-09-03,Thu,MC-17,Orange,"Hemanta Mukhopadhyay","Beleghata",false,4.4,4.4,12:00 AM,12,8,false,false,CleanOperational
2026-09-03,Thu,MC-17,Orange,"Hemanta Mukhopadhyay","Beleghata",false,4.4,4.4,10:00 AM,12,16,false,false,CleanOperational
2026-09-03,Thu,MC-17,Orange,"Hemanta Mukhopadhyay","Beleghata",false,4.4,4.4,1:00 PM,12,10,false,false,CleanOperational
2026-09-03,Thu,MC-17,Orange,"Hemanta Mukhopadhyay","Beleghata",false,4.4,4.4,7:00 PM,17,14,false,false,CleanOperational
2026-09-03,Thu,MC-18,Orange,"Kavi Subhash","Science City",false,8.9,8.8,12:00 AM,23,18,false,false,CleanOperational
2026-09-03,Thu,MC-18,Orange,"Kavi Subhash","Science City",false,8.9,8.8,10:00 AM,19,29,false,false,CleanOperational
2026-09-03,Thu,MC-18,Orange,"Kavi Subhash","Science City",false,8.9,8.8,1:00 PM,23,23,false,false,CleanOperational
2026-09-03,Thu,MC-18,Orange,"Kavi Subhash","Science City",false,8.9,8.8,7:00 PM,23,29,false,false,CleanOperational
2026-09-03,Thu,MC-19,Purple,"Joka","Majerhat",true,7.9,7.8,12:00 AM,17,18,false,false,CleanOperational
2026-09-03,Thu,MC-19,Purple,"Joka","Majerhat",true,7.9,7.8,10:00 AM,17,27,false,false,CleanOperational
2026-09-03,Thu,MC-19,Purple,"Joka","Majerhat",true,7.9,7.8,1:00 PM,17,28,false,false,CleanOperational
2026-09-03,Thu,MC-19,Purple,"Joka","Majerhat",true,7.9,7.8,7:00 PM,17,26,false,false,CleanOperational
2026-09-03,Thu,MC-20,Purple,"Behala Chowrasta","Majerhat",false,3.7,3.7,12:00 AM,9,9,false,false,CleanOperational
2026-09-03,Thu,MC-20,Purple,"Behala Chowrasta","Majerhat",false,3.7,3.7,10:00 AM,9,16,false,false,CleanOperational
2026-09-03,Thu,MC-20,Purple,"Behala Chowrasta","Majerhat",false,3.7,3.7,1:00 PM,51,15,true,false,WalkingFallback
2026-09-03,Thu,MC-20,Purple,"Behala Chowrasta","Majerhat",false,3.7,3.7,7:00 PM,9,11,false,false,CleanOperational
2026-09-03,Thu,MC-21,Purple,"Joka","Behala Chowrasta",false,4.2,4.1,12:00 AM,8,9,false,false,CleanOperational
2026-09-03,Thu,MC-21,Purple,"Joka","Behala Chowrasta",false,4.2,4.1,10:00 AM,8,12,false,false,CleanOperational
2026-09-03,Thu,MC-21,Purple,"Joka","Behala Chowrasta",false,4.2,4.1,1:00 PM,57,12,true,false,WalkingFallback
2026-09-03,Thu,MC-21,Purple,"Joka","Behala Chowrasta",false,4.2,4.1,7:00 PM,8,15,false,false,CleanOperational
2026-09-03,Thu,MC-22,Purple,"Joka","Taratala",false,6.6,6.5,12:00 AM,14,15,false,false,CleanOperational
2026-09-03,Thu,MC-22,Purple,"Joka","Taratala",false,6.6,6.5,10:00 AM,14,21,false,false,CleanOperational
2026-09-03,Thu,MC-22,Purple,"Joka","Taratala",false,6.6,6.5,1:00 PM,14,20,false,false,CleanOperational
2026-09-03,Thu,MC-22,Purple,"Joka","Taratala",false,6.6,6.5,7:00 PM,14,24,false,false,CleanOperational
2026-09-03,Thu,MC-23,Purple,"Behala Chowrasta","Taratala",false,2.4,2.4,12:00 AM,6,6,false,false,CleanOperational
2026-09-03,Thu,MC-23,Purple,"Behala Chowrasta","Taratala",false,2.4,2.4,10:00 AM,6,8,false,false,CleanOperational
2026-09-03,Thu,MC-23,Purple,"Behala Chowrasta","Taratala",false,2.4,2.4,1:00 PM,33,8,true,false,WalkingFallback
2026-09-03,Thu,MC-23,Purple,"Behala Chowrasta","Taratala",false,2.4,2.4,7:00 PM,6,8,false,false,CleanOperational
2026-09-03,Thu,MC-24,Purple,"Taratala","Majerhat",false,1.3,1.3,12:00 AM,3,3,false,false,CleanOperational
2026-09-03,Thu,MC-24,Purple,"Taratala","Majerhat",false,1.3,1.3,10:00 AM,3,13,false,false,CleanOperational
2026-09-03,Thu,MC-24,Purple,"Taratala","Majerhat",false,1.3,1.3,1:00 PM,18,7,true,false,WalkingFallback
2026-09-03,Thu,MC-24,Purple,"Taratala","Majerhat",false,1.3,1.3,7:00 PM,3,3,false,false,CleanOperational
2026-09-04,Fri,MC-01,Blue,"Dakshineswar","Esplanade",true,15,12.4,12:00 AM,28,31,false,false,CleanOperational
2026-09-04,Fri,MC-01,Blue,"Dakshineswar","Esplanade",true,15,12.4,10:00 AM,28,36,false,false,CleanOperational
2026-09-04,Fri,MC-01,Blue,"Dakshineswar","Esplanade",true,15,12.4,1:00 PM,31,42,false,false,CleanOperational
2026-09-04,Fri,MC-01,Blue,"Dakshineswar","Esplanade",true,15,12.4,7:00 PM,28,45,false,false,CleanOperational
2026-09-04,Fri,MC-02,Blue,"Shahid Khudiram","Esplanade",true,14.9,16.5,12:00 AM,30,31,false,false,CleanOperational
2026-09-04,Fri,MC-02,Blue,"Shahid Khudiram","Esplanade",true,14.9,16.5,10:00 AM,28,35,false,false,CleanOperational
2026-09-04,Fri,MC-02,Blue,"Shahid Khudiram","Esplanade",true,14.9,16.5,1:00 PM,30,36,false,false,CleanOperational
2026-09-04,Fri,MC-02,Blue,"Shahid Khudiram","Esplanade",true,14.9,16.5,7:00 PM,29,48,false,false,CleanOperational
2026-09-04,Fri,MC-03,Blue,"Shyambazar","Dum Dum",false,3.8,3.5,12:00 AM,53,12,true,false,WalkingFallback
2026-09-04,Fri,MC-03,Blue,"Shyambazar","Dum Dum",false,3.8,3.5,10:00 AM,7,14,false,false,CleanOperational
2026-09-04,Fri,MC-03,Blue,"Shyambazar","Dum Dum",false,3.8,3.5,1:00 PM,53,16,true,false,WalkingFallback
2026-09-04,Fri,MC-03,Blue,"Shyambazar","Dum Dum",false,3.8,3.5,7:00 PM,8,16,false,false,CleanOperational
2026-09-04,Fri,MC-04,Blue,"Shyambazar","Esplanade",false,5.1,5.2,12:00 AM,11,15,false,false,CleanOperational
2026-09-04,Fri,MC-04,Blue,"Shyambazar","Esplanade",false,5.1,5.2,10:00 AM,11,18,false,false,CleanOperational
2026-09-04,Fri,MC-04,Blue,"Shyambazar","Esplanade",false,5.1,5.2,1:00 PM,11,20,false,false,CleanOperational
2026-09-04,Fri,MC-04,Blue,"Shyambazar","Esplanade",false,5.1,5.2,7:00 PM,11,24,false,false,CleanOperational
2026-09-04,Fri,MC-05,Blue,"Kalighat","Esplanade",false,5.2,5.1,12:00 AM,11,12,false,false,CleanOperational
2026-09-04,Fri,MC-05,Blue,"Kalighat","Esplanade",false,5.2,5.1,10:00 AM,11,15,false,false,CleanOperational
2026-09-04,Fri,MC-05,Blue,"Kalighat","Esplanade",false,5.2,5.1,1:00 PM,11,17,false,false,CleanOperational
2026-09-04,Fri,MC-05,Blue,"Kalighat","Esplanade",false,5.2,5.1,7:00 PM,11,18,false,false,CleanOperational
2026-09-04,Fri,MC-06,Blue,"Dakshineswar","Dum Dum",false,6.2,7,12:00 AM,16,17,true,false,WalkingFallback
2026-09-04,Fri,MC-06,Blue,"Dakshineswar","Dum Dum",false,6.2,7,10:00 AM,12,24,false,false,CleanOperational
2026-09-04,Fri,MC-06,Blue,"Dakshineswar","Dum Dum",false,6.2,7,1:00 PM,15,24,false,false,CleanOperational
2026-09-04,Fri,MC-06,Blue,"Dakshineswar","Dum Dum",false,6.2,7,7:00 PM,12,26,false,false,CleanOperational
2026-09-04,Fri,MC-07,Blue,"Esplanade","Mahanayak Uttam Kumar (Tollygunge)",false,7.8,8.3,12:00 AM,23,19,false,false,CleanOperational
2026-09-04,Fri,MC-07,Blue,"Esplanade","Mahanayak Uttam Kumar (Tollygunge)",false,7.8,8.3,10:00 AM,17,25,false,false,CleanOperational
2026-09-04,Fri,MC-07,Blue,"Esplanade","Mahanayak Uttam Kumar (Tollygunge)",false,7.8,8.3,1:00 PM,23,28,false,false,CleanOperational
2026-09-04,Fri,MC-07,Blue,"Esplanade","Mahanayak Uttam Kumar (Tollygunge)",false,7.8,8.3,7:00 PM,18,33,false,false,CleanOperational
2026-09-04,Fri,MC-08,Blue,"Mahanayak Uttam Kumar (Tollygunge)","Kavi Subhash",false,7.1,6.4,12:00 AM,15,15,false,false,CleanOperational
2026-09-04,Fri,MC-08,Blue,"Mahanayak Uttam Kumar (Tollygunge)","Kavi Subhash",false,7.1,6.4,10:00 AM,15,22,false,false,CleanOperational
2026-09-04,Fri,MC-08,Blue,"Mahanayak Uttam Kumar (Tollygunge)","Kavi Subhash",false,7.1,6.4,1:00 PM,17,24,false,false,CleanOperational
2026-09-04,Fri,MC-08,Blue,"Mahanayak Uttam Kumar (Tollygunge)","Kavi Subhash",false,7.1,6.4,7:00 PM,15,32,false,false,CleanOperational
2026-09-04,Fri,MC-09,Blue,"Dum Dum","Esplanade",false,8.8,8.8,12:00 AM,16,27,false,false,CleanOperational
2026-09-04,Fri,MC-09,Blue,"Dum Dum","Esplanade",false,8.8,8.8,10:00 AM,16,30,false,false,CleanOperational
2026-09-04,Fri,MC-09,Blue,"Dum Dum","Esplanade",false,8.8,8.8,1:00 PM,16,36,false,false,CleanOperational
2026-09-04,Fri,MC-09,Blue,"Dum Dum","Esplanade",false,8.8,8.8,7:00 PM,16,39,false,false,CleanOperational
2026-09-04,Fri,MC-10,Green,"Howrah","Salt Lake Sector V",true,14.2,12.4,12:00 AM,30,29,false,false,CleanOperational
2026-09-04,Fri,MC-10,Green,"Howrah","Salt Lake Sector V",true,14.2,12.4,10:00 AM,30,41,false,false,CleanOperational
2026-09-04,Fri,MC-10,Green,"Howrah","Salt Lake Sector V",true,14.2,12.4,1:00 PM,30,41,false,false,CleanOperational
2026-09-04,Fri,MC-10,Green,"Howrah","Salt Lake Sector V",true,14.2,12.4,7:00 PM,30,53,false,false,CleanOperational
2026-09-04,Fri,MC-11,Green,"Sealdah","Salt Lake Sector V",false,8.6,8,12:00 AM,21,18,false,false,CleanOperational
2026-09-04,Fri,MC-11,Green,"Sealdah","Salt Lake Sector V",false,8.6,8,10:00 AM,21,24,false,false,CleanOperational
2026-09-04,Fri,MC-11,Green,"Sealdah","Salt Lake Sector V",false,8.6,8,1:00 PM,21,24,false,false,CleanOperational
2026-09-04,Fri,MC-11,Green,"Sealdah","Salt Lake Sector V",false,8.6,8,7:00 PM,21,27,false,false,CleanOperational
2026-09-04,Fri,MC-12,Green,"Howrah","Sealdah",false,5.6,6.8,12:00 AM,11,16,false,false,CleanOperational
2026-09-04,Fri,MC-12,Green,"Howrah","Sealdah",false,5.6,6.8,10:00 AM,11,23,false,false,CleanOperational
2026-09-04,Fri,MC-12,Green,"Howrah","Sealdah",false,5.6,6.8,1:00 PM,11,28,false,false,CleanOperational
2026-09-04,Fri,MC-12,Green,"Howrah","Sealdah",false,5.6,6.8,7:00 PM,11,28,false,false,CleanOperational
2026-09-04,Fri,MC-13,Green,"Phoolbagan","Salt Lake Sector V",false,6.6,4.9,12:00 AM,18,15,false,false,CleanOperational
2026-09-04,Fri,MC-13,Green,"Phoolbagan","Salt Lake Sector V",false,6.6,4.9,10:00 AM,18,20,false,false,CleanOperational
2026-09-04,Fri,MC-13,Green,"Phoolbagan","Salt Lake Sector V",false,6.6,4.9,1:00 PM,18,18,false,false,CleanOperational
2026-09-04,Fri,MC-13,Green,"Phoolbagan","Salt Lake Sector V",false,6.6,4.9,7:00 PM,18,20,false,false,CleanOperational
2026-09-04,Fri,MC-14,Green,"Howrah","Phoolbagan",false,7.7,7.6,12:00 AM,12,17,false,false,CleanOperational
2026-09-04,Fri,MC-14,Green,"Howrah","Phoolbagan",false,7.7,7.6,10:00 AM,12,25,false,false,CleanOperational
2026-09-04,Fri,MC-14,Green,"Howrah","Phoolbagan",false,7.7,7.6,1:00 PM,12,30,false,false,CleanOperational
2026-09-04,Fri,MC-14,Green,"Howrah","Phoolbagan",false,7.7,7.6,7:00 PM,12,35,false,false,CleanOperational
2026-09-04,Fri,MC-15,Green,"Esplanade","Salt Lake Sector V",false,11.3,13.3,12:00 AM,25,25,false,false,CleanOperational
2026-09-04,Fri,MC-15,Green,"Esplanade","Salt Lake Sector V",false,11.3,13.3,10:00 AM,25,29,false,false,CleanOperational
2026-09-04,Fri,MC-15,Green,"Esplanade","Salt Lake Sector V",false,11.3,13.3,1:00 PM,25,27,false,false,CleanOperational
2026-09-04,Fri,MC-15,Green,"Esplanade","Salt Lake Sector V",false,11.3,13.3,7:00 PM,25,39,false,false,CleanOperational
2026-09-04,Fri,MC-16,Orange,"Kavi Subhash","Beleghata",true,9.8,9.8,12:00 AM,23,20,false,false,CleanOperational
2026-09-04,Fri,MC-16,Orange,"Kavi Subhash","Beleghata",true,9.8,9.8,10:00 AM,23,22,false,false,CleanOperational
2026-09-04,Fri,MC-16,Orange,"Kavi Subhash","Beleghata",true,9.8,9.8,1:00 PM,28,22,false,false,CleanOperational
2026-09-04,Fri,MC-16,Orange,"Kavi Subhash","Beleghata",true,9.8,9.8,7:00 PM,28,29,false,false,CleanOperational
2026-09-04,Fri,MC-17,Orange,"Hemanta Mukhopadhyay","Beleghata",false,4.4,4.4,12:00 AM,12,8,false,false,CleanOperational
2026-09-04,Fri,MC-17,Orange,"Hemanta Mukhopadhyay","Beleghata",false,4.4,4.4,10:00 AM,12,10,false,false,CleanOperational
2026-09-04,Fri,MC-17,Orange,"Hemanta Mukhopadhyay","Beleghata",false,4.4,4.4,1:00 PM,12,10,false,false,CleanOperational
2026-09-04,Fri,MC-17,Orange,"Hemanta Mukhopadhyay","Beleghata",false,4.4,4.4,7:00 PM,17,11,false,false,CleanOperational
2026-09-04,Fri,MC-18,Orange,"Kavi Subhash","Science City",false,8.9,8.8,12:00 AM,23,19,false,false,CleanOperational
2026-09-04,Fri,MC-18,Orange,"Kavi Subhash","Science City",false,8.9,8.8,10:00 AM,19,20,false,false,CleanOperational
2026-09-04,Fri,MC-18,Orange,"Kavi Subhash","Science City",false,8.9,8.8,1:00 PM,23,21,false,false,CleanOperational
2026-09-04,Fri,MC-18,Orange,"Kavi Subhash","Science City",false,8.9,8.8,7:00 PM,23,26,false,false,CleanOperational
2026-09-04,Fri,MC-19,Purple,"Joka","Majerhat",true,7.9,7.8,12:00 AM,17,19,false,false,CleanOperational
2026-09-04,Fri,MC-19,Purple,"Joka","Majerhat",true,7.9,7.8,10:00 AM,17,23,false,false,CleanOperational
2026-09-04,Fri,MC-19,Purple,"Joka","Majerhat",true,7.9,7.8,1:00 PM,17,23,false,false,CleanOperational
2026-09-04,Fri,MC-19,Purple,"Joka","Majerhat",true,7.9,7.8,7:00 PM,17,24,false,false,CleanOperational
2026-09-04,Fri,MC-20,Purple,"Behala Chowrasta","Majerhat",false,3.7,3.7,12:00 AM,9,11,false,false,CleanOperational
2026-09-04,Fri,MC-20,Purple,"Behala Chowrasta","Majerhat",false,3.7,3.7,10:00 AM,9,11,false,false,CleanOperational
2026-09-04,Fri,MC-20,Purple,"Behala Chowrasta","Majerhat",false,3.7,3.7,1:00 PM,51,12,true,false,WalkingFallback
2026-09-04,Fri,MC-20,Purple,"Behala Chowrasta","Majerhat",false,3.7,3.7,7:00 PM,9,12,false,false,CleanOperational
2026-09-04,Fri,MC-21,Purple,"Joka","Behala Chowrasta",false,4.2,4.1,12:00 AM,8,9,false,false,CleanOperational
2026-09-04,Fri,MC-21,Purple,"Joka","Behala Chowrasta",false,4.2,4.1,10:00 AM,8,11,false,false,CleanOperational
2026-09-04,Fri,MC-21,Purple,"Joka","Behala Chowrasta",false,4.2,4.1,1:00 PM,57,11,true,false,WalkingFallback
2026-09-04,Fri,MC-21,Purple,"Joka","Behala Chowrasta",false,4.2,4.1,7:00 PM,8,12,false,false,CleanOperational
2026-09-04,Fri,MC-22,Purple,"Joka","Taratala",false,6.6,6.5,12:00 AM,14,15,false,false,CleanOperational
2026-09-04,Fri,MC-22,Purple,"Joka","Taratala",false,6.6,6.5,10:00 AM,14,19,false,false,CleanOperational
2026-09-04,Fri,MC-22,Purple,"Joka","Taratala",false,6.6,6.5,1:00 PM,14,20,false,false,CleanOperational
2026-09-04,Fri,MC-22,Purple,"Joka","Taratala",false,6.6,6.5,7:00 PM,14,21,false,false,CleanOperational
2026-09-04,Fri,MC-23,Purple,"Behala Chowrasta","Taratala",false,2.4,2.4,12:00 AM,33,7,true,false,WalkingFallback
2026-09-04,Fri,MC-23,Purple,"Behala Chowrasta","Taratala",false,2.4,2.4,10:00 AM,6,8,false,false,CleanOperational
2026-09-04,Fri,MC-23,Purple,"Behala Chowrasta","Taratala",false,2.4,2.4,1:00 PM,33,9,true,false,WalkingFallback
2026-09-04,Fri,MC-23,Purple,"Behala Chowrasta","Taratala",false,2.4,2.4,7:00 PM,6,9,false,false,CleanOperational
2026-09-04,Fri,MC-24,Purple,"Taratala","Majerhat",false,1.3,1.3,12:00 AM,3,8,false,false,CleanOperational
2026-09-04,Fri,MC-24,Purple,"Taratala","Majerhat",false,1.3,1.3,10:00 AM,3,4,false,false,CleanOperational
2026-09-04,Fri,MC-24,Purple,"Taratala","Majerhat",false,1.3,1.3,1:00 PM,18,3,true,false,WalkingFallback
2026-09-04,Fri,MC-24,Purple,"Taratala","Majerhat",false,1.3,1.3,7:00 PM,3,3,false,false,CleanOperational
2026-09-05,Sat,MC-01,Blue,"Dakshineswar","Esplanade",true,15,12.4,12:00 AM,28,32,false,false,CleanOperational
2026-09-05,Sat,MC-01,Blue,"Dakshineswar","Esplanade",true,15,12.4,10:00 AM,28,42,false,false,CleanOperational
2026-09-05,Sat,MC-01,Blue,"Dakshineswar","Esplanade",true,15,12.4,1:00 PM,31,54,false,false,CleanOperational
2026-09-05,Sat,MC-01,Blue,"Dakshineswar","Esplanade",true,15,12.4,7:00 PM,28,51,false,false,CleanOperational
2026-09-05,Sat,MC-02,Blue,"Shahid Khudiram","Esplanade",true,14.9,16.5,12:00 AM,30,32,false,false,CleanOperational
2026-09-05,Sat,MC-02,Blue,"Shahid Khudiram","Esplanade",true,14.9,16.5,10:00 AM,28,37,false,false,CleanOperational
2026-09-05,Sat,MC-02,Blue,"Shahid Khudiram","Esplanade",true,14.9,16.5,1:00 PM,30,38,false,false,CleanOperational
2026-09-05,Sat,MC-02,Blue,"Shahid Khudiram","Esplanade",true,14.9,16.5,7:00 PM,29,58,false,false,CleanOperational
2026-09-05,Sat,MC-03,Blue,"Shyambazar","Dum Dum",false,3.8,3.5,12:00 AM,7,11,false,false,CleanOperational
2026-09-05,Sat,MC-03,Blue,"Shyambazar","Dum Dum",false,3.8,3.5,10:00 AM,7,15,false,false,CleanOperational
2026-09-05,Sat,MC-03,Blue,"Shyambazar","Dum Dum",false,3.8,3.5,1:00 PM,53,17,true,false,WalkingFallback
2026-09-05,Sat,MC-03,Blue,"Shyambazar","Dum Dum",false,3.8,3.5,7:00 PM,8,18,false,false,CleanOperational
2026-09-05,Sat,MC-04,Blue,"Shyambazar","Esplanade",false,5.1,5.2,12:00 AM,11,15,false,false,CleanOperational
2026-09-05,Sat,MC-04,Blue,"Shyambazar","Esplanade",false,5.1,5.2,10:00 AM,11,20,false,false,CleanOperational
2026-09-05,Sat,MC-04,Blue,"Shyambazar","Esplanade",false,5.1,5.2,1:00 PM,11,27,false,false,CleanOperational
2026-09-05,Sat,MC-04,Blue,"Shyambazar","Esplanade",false,5.1,5.2,7:00 PM,11,30,false,false,CleanOperational
2026-09-05,Sat,MC-05,Blue,"Kalighat","Esplanade",false,5.2,5.1,12:00 AM,11,11,false,false,CleanOperational
2026-09-05,Sat,MC-05,Blue,"Kalighat","Esplanade",false,5.2,5.1,10:00 AM,11,16,false,false,CleanOperational
2026-09-05,Sat,MC-05,Blue,"Kalighat","Esplanade",false,5.2,5.1,1:00 PM,11,24,false,false,CleanOperational
2026-09-05,Sat,MC-05,Blue,"Kalighat","Esplanade",false,5.2,5.1,7:00 PM,11,38,false,false,CleanOperational
2026-09-05,Sat,MC-06,Blue,"Dakshineswar","Dum Dum",false,6.2,7,12:00 AM,15,19,false,false,CleanOperational
2026-09-05,Sat,MC-06,Blue,"Dakshineswar","Dum Dum",false,6.2,7,10:00 AM,12,26,false,false,CleanOperational
2026-09-05,Sat,MC-06,Blue,"Dakshineswar","Dum Dum",false,6.2,7,1:00 PM,15,30,false,false,CleanOperational
2026-09-05,Sat,MC-06,Blue,"Dakshineswar","Dum Dum",false,6.2,7,7:00 PM,12,28,false,false,CleanOperational
2026-09-05,Sat,MC-07,Blue,"Esplanade","Mahanayak Uttam Kumar (Tollygunge)",false,7.8,8.3,12:00 AM,17,18,false,false,CleanOperational
2026-09-05,Sat,MC-07,Blue,"Esplanade","Mahanayak Uttam Kumar (Tollygunge)",false,7.8,8.3,10:00 AM,17,27,false,false,CleanOperational
2026-09-05,Sat,MC-07,Blue,"Esplanade","Mahanayak Uttam Kumar (Tollygunge)",false,7.8,8.3,1:00 PM,23,30,false,false,CleanOperational
2026-09-05,Sat,MC-07,Blue,"Esplanade","Mahanayak Uttam Kumar (Tollygunge)",false,7.8,8.3,7:00 PM,18,38,false,false,CleanOperational
2026-09-05,Sat,MC-08,Blue,"Mahanayak Uttam Kumar (Tollygunge)","Kavi Subhash",false,7.1,6.4,12:00 AM,15,15,false,false,CleanOperational
2026-09-05,Sat,MC-08,Blue,"Mahanayak Uttam Kumar (Tollygunge)","Kavi Subhash",false,7.1,6.4,10:00 AM,15,24,false,false,CleanOperational
2026-09-05,Sat,MC-08,Blue,"Mahanayak Uttam Kumar (Tollygunge)","Kavi Subhash",false,7.1,6.4,1:00 PM,17,27,false,false,CleanOperational
2026-09-05,Sat,MC-08,Blue,"Mahanayak Uttam Kumar (Tollygunge)","Kavi Subhash",false,7.1,6.4,7:00 PM,15,31,false,false,CleanOperational
2026-09-05,Sat,MC-09,Blue,"Dum Dum","Esplanade",false,8.8,8.8,12:00 AM,16,27,false,false,CleanOperational
2026-09-05,Sat,MC-09,Blue,"Dum Dum","Esplanade",false,8.8,8.8,10:00 AM,16,34,false,false,CleanOperational
2026-09-05,Sat,MC-09,Blue,"Dum Dum","Esplanade",false,8.8,8.8,1:00 PM,16,45,false,false,CleanOperational
2026-09-05,Sat,MC-09,Blue,"Dum Dum","Esplanade",false,8.8,8.8,7:00 PM,16,49,false,false,CleanOperational
2026-09-05,Sat,MC-10,Green,"Howrah","Salt Lake Sector V",true,14.2,12.4,12:00 AM,30,29,false,false,CleanOperational
2026-09-05,Sat,MC-10,Green,"Howrah","Salt Lake Sector V",true,14.2,12.4,10:00 AM,30,39,false,false,CleanOperational
2026-09-05,Sat,MC-10,Green,"Howrah","Salt Lake Sector V",true,14.2,12.4,1:00 PM,30,46,false,false,CleanOperational
2026-09-05,Sat,MC-10,Green,"Howrah","Salt Lake Sector V",true,14.2,12.4,7:00 PM,30,57,false,false,CleanOperational
2026-09-05,Sat,MC-11,Green,"Sealdah","Salt Lake Sector V",false,8.6,8,12:00 AM,21,18,false,false,CleanOperational
2026-09-05,Sat,MC-11,Green,"Sealdah","Salt Lake Sector V",false,8.6,8,10:00 AM,22,25,false,false,CleanOperational
2026-09-05,Sat,MC-11,Green,"Sealdah","Salt Lake Sector V",false,8.6,8,1:00 PM,22,25,false,false,CleanOperational
2026-09-05,Sat,MC-11,Green,"Sealdah","Salt Lake Sector V",false,8.6,8,7:00 PM,22,30,false,false,CleanOperational
2026-09-05,Sat,MC-12,Green,"Howrah","Sealdah",false,5.6,6.8,12:00 AM,11,16,false,false,CleanOperational
2026-09-05,Sat,MC-12,Green,"Howrah","Sealdah",false,5.6,6.8,10:00 AM,10,25,false,false,CleanOperational
2026-09-05,Sat,MC-12,Green,"Howrah","Sealdah",false,5.6,6.8,1:00 PM,10,35,false,false,CleanOperational
2026-09-05,Sat,MC-12,Green,"Howrah","Sealdah",false,5.6,6.8,7:00 PM,10,34,false,false,CleanOperational
2026-09-05,Sat,MC-13,Green,"Phoolbagan","Salt Lake Sector V",false,6.6,4.9,12:00 AM,18,14,false,false,CleanOperational
2026-09-05,Sat,MC-13,Green,"Phoolbagan","Salt Lake Sector V",false,6.6,4.9,10:00 AM,19,19,false,false,CleanOperational
2026-09-05,Sat,MC-13,Green,"Phoolbagan","Salt Lake Sector V",false,6.6,4.9,1:00 PM,19,18,false,false,CleanOperational
2026-09-05,Sat,MC-13,Green,"Phoolbagan","Salt Lake Sector V",false,6.6,4.9,7:00 PM,19,25,false,false,CleanOperational
2026-09-05,Sat,MC-14,Green,"Howrah","Phoolbagan",false,7.7,7.6,12:00 AM,12,17,false,false,CleanOperational
2026-09-05,Sat,MC-14,Green,"Howrah","Phoolbagan",false,7.7,7.6,10:00 AM,11,27,false,false,CleanOperational
2026-09-05,Sat,MC-14,Green,"Howrah","Phoolbagan",false,7.7,7.6,1:00 PM,11,35,false,false,CleanOperational
2026-09-05,Sat,MC-14,Green,"Howrah","Phoolbagan",false,7.7,7.6,7:00 PM,11,44,false,false,CleanOperational
2026-09-05,Sat,MC-15,Green,"Esplanade","Salt Lake Sector V",false,11.3,13.3,12:00 AM,25,24,false,false,CleanOperational
2026-09-05,Sat,MC-15,Green,"Esplanade","Salt Lake Sector V",false,11.3,13.3,10:00 AM,25,28,false,false,CleanOperational
2026-09-05,Sat,MC-15,Green,"Esplanade","Salt Lake Sector V",false,11.3,13.3,1:00 PM,25,29,false,false,CleanOperational
2026-09-05,Sat,MC-15,Green,"Esplanade","Salt Lake Sector V",false,11.3,13.3,7:00 PM,25,39,false,false,CleanOperational
2026-09-05,Sat,MC-16,Orange,"Kavi Subhash","Beleghata",true,9.8,9.8,12:00 AM,23,20,false,false,CleanOperational
2026-09-05,Sat,MC-16,Orange,"Kavi Subhash","Beleghata",true,9.8,9.8,10:00 AM,0,22,false,true,MissingMetro
2026-09-05,Sat,MC-16,Orange,"Kavi Subhash","Beleghata",true,9.8,9.8,1:00 PM,0,22,false,true,MissingMetro
2026-09-05,Sat,MC-16,Orange,"Kavi Subhash","Beleghata",true,9.8,9.8,7:00 PM,0,34,false,true,MissingMetro
2026-09-05,Sat,MC-17,Orange,"Hemanta Mukhopadhyay","Beleghata",false,4.4,4.4,12:00 AM,12,8,false,false,CleanOperational
2026-09-05,Sat,MC-17,Orange,"Hemanta Mukhopadhyay","Beleghata",false,4.4,4.4,10:00 AM,0,9,false,true,MissingMetro
2026-09-05,Sat,MC-17,Orange,"Hemanta Mukhopadhyay","Beleghata",false,4.4,4.4,1:00 PM,0,10,false,true,MissingMetro
2026-09-05,Sat,MC-17,Orange,"Hemanta Mukhopadhyay","Beleghata",false,4.4,4.4,7:00 PM,0,14,false,true,MissingMetro
2026-09-05,Sat,MC-18,Orange,"Kavi Subhash","Science City",false,8.9,8.8,12:00 AM,19,18,false,false,CleanOperational
2026-09-05,Sat,MC-18,Orange,"Kavi Subhash","Science City",false,8.9,8.8,10:00 AM,0,20,false,true,MissingMetro
2026-09-05,Sat,MC-18,Orange,"Kavi Subhash","Science City",false,8.9,8.8,1:00 PM,0,20,false,true,MissingMetro
2026-09-05,Sat,MC-18,Orange,"Kavi Subhash","Science City",false,8.9,8.8,7:00 PM,0,29,false,true,MissingMetro
2026-09-05,Sat,MC-19,Purple,"Joka","Majerhat",true,7.9,7.8,12:00 AM,17,20,false,false,CleanOperational
2026-09-05,Sat,MC-19,Purple,"Joka","Majerhat",true,7.9,7.8,10:00 AM,0,25,false,true,MissingMetro
2026-09-05,Sat,MC-19,Purple,"Joka","Majerhat",true,7.9,7.8,1:00 PM,19,24,false,false,CleanOperational
2026-09-05,Sat,MC-19,Purple,"Joka","Majerhat",true,7.9,7.8,7:00 PM,0,25,false,true,MissingMetro
2026-09-05,Sat,MC-20,Purple,"Behala Chowrasta","Majerhat",false,3.7,3.7,12:00 AM,9,12,false,false,CleanOperational
2026-09-05,Sat,MC-20,Purple,"Behala Chowrasta","Majerhat",false,3.7,3.7,10:00 AM,0,13,false,true,MissingMetro
2026-09-05,Sat,MC-20,Purple,"Behala Chowrasta","Majerhat",false,3.7,3.7,1:00 PM,51,11,true,false,WalkingFallback
2026-09-05,Sat,MC-20,Purple,"Behala Chowrasta","Majerhat",false,3.7,3.7,7:00 PM,0,12,false,true,MissingMetro
2026-09-05,Sat,MC-21,Purple,"Joka","Behala Chowrasta",false,4.2,4.1,12:00 AM,8,9,false,false,CleanOperational
2026-09-05,Sat,MC-21,Purple,"Joka","Behala Chowrasta",false,4.2,4.1,10:00 AM,0,13,false,true,MissingMetro
2026-09-05,Sat,MC-21,Purple,"Joka","Behala Chowrasta",false,4.2,4.1,1:00 PM,57,13,true,false,WalkingFallback
2026-09-05,Sat,MC-21,Purple,"Joka","Behala Chowrasta",false,4.2,4.1,7:00 PM,0,12,false,true,MissingMetro
2026-09-05,Sat,MC-22,Purple,"Joka","Taratala",false,6.6,6.5,12:00 AM,14,21,false,false,CleanOperational
2026-09-05,Sat,MC-22,Purple,"Joka","Taratala",false,6.6,6.5,10:00 AM,0,22,false,true,MissingMetro
2026-09-05,Sat,MC-22,Purple,"Joka","Taratala",false,6.6,6.5,1:00 PM,14,22,false,false,CleanOperational
2026-09-05,Sat,MC-22,Purple,"Joka","Taratala",false,6.6,6.5,7:00 PM,0,21,false,true,MissingMetro
2026-09-05,Sat,MC-23,Purple,"Behala Chowrasta","Taratala",false,2.4,2.4,12:00 AM,6,14,false,false,CleanOperational
2026-09-05,Sat,MC-23,Purple,"Behala Chowrasta","Taratala",false,2.4,2.4,10:00 AM,0,8,false,true,MissingMetro
2026-09-05,Sat,MC-23,Purple,"Behala Chowrasta","Taratala",false,2.4,2.4,1:00 PM,33,9,true,false,WalkingFallback
2026-09-05,Sat,MC-23,Purple,"Behala Chowrasta","Taratala",false,2.4,2.4,7:00 PM,0,9,false,true,MissingMetro
2026-09-05,Sat,MC-24,Purple,"Taratala","Majerhat",false,1.3,1.3,12:00 AM,3,6,false,false,CleanOperational
2026-09-05,Sat,MC-24,Purple,"Taratala","Majerhat",false,1.3,1.3,10:00 AM,0,4,false,true,MissingMetro
2026-09-05,Sat,MC-24,Purple,"Taratala","Majerhat",false,1.3,1.3,1:00 PM,18,3,true,false,WalkingFallback
2026-09-05,Sat,MC-24,Purple,"Taratala","Majerhat",false,1.3,1.3,7:00 PM,0,3,false,true,MissingMetro
2026-09-06,Sun,MC-01,Blue,"Dakshineswar","Esplanade",true,15,12.4,12:00 AM,28,31,false,false,CleanOperational
2026-09-06,Sun,MC-01,Blue,"Dakshineswar","Esplanade",true,15,12.4,10:00 AM,28,33,false,false,CleanOperational
2026-09-06,Sun,MC-01,Blue,"Dakshineswar","Esplanade",true,15,12.4,1:00 PM,28,38,false,false,CleanOperational
2026-09-06,Sun,MC-01,Blue,"Dakshineswar","Esplanade",true,15,12.4,7:00 PM,31,41,false,false,CleanOperational
2026-09-06,Sun,MC-02,Blue,"Shahid Khudiram","Esplanade",true,14.9,16.5,12:00 AM,28,32,false,false,CleanOperational
2026-09-06,Sun,MC-02,Blue,"Shahid Khudiram","Esplanade",true,14.9,16.5,10:00 AM,28,31,false,false,CleanOperational
2026-09-06,Sun,MC-02,Blue,"Shahid Khudiram","Esplanade",true,14.9,16.5,1:00 PM,30,34,false,false,CleanOperational
2026-09-06,Sun,MC-02,Blue,"Shahid Khudiram","Esplanade",true,14.9,16.5,7:00 PM,30,39,false,false,CleanOperational
2026-09-06,Sun,MC-03,Blue,"Shyambazar","Dum Dum",false,3.8,3.5,12:00 AM,7,11,false,false,CleanOperational
2026-09-06,Sun,MC-03,Blue,"Shyambazar","Dum Dum",false,3.8,3.5,10:00 AM,7,15,false,false,CleanOperational
2026-09-06,Sun,MC-03,Blue,"Shyambazar","Dum Dum",false,3.8,3.5,1:00 PM,53,16,true,false,WalkingFallback
2026-09-06,Sun,MC-03,Blue,"Shyambazar","Dum Dum",false,3.8,3.5,7:00 PM,15,16,false,false,CleanOperational
2026-09-06,Sun,MC-04,Blue,"Shyambazar","Esplanade",false,5.1,5.2,12:00 AM,11,15,false,false,CleanOperational
2026-09-06,Sun,MC-04,Blue,"Shyambazar","Esplanade",false,5.1,5.2,10:00 AM,11,16,false,false,CleanOperational
2026-09-06,Sun,MC-04,Blue,"Shyambazar","Esplanade",false,5.1,5.2,1:00 PM,11,17,false,false,CleanOperational
2026-09-06,Sun,MC-04,Blue,"Shyambazar","Esplanade",false,5.1,5.2,7:00 PM,11,21,false,false,CleanOperational
2026-09-06,Sun,MC-05,Blue,"Kalighat","Esplanade",false,5.2,5.1,12:00 AM,11,12,false,false,CleanOperational
2026-09-06,Sun,MC-05,Blue,"Kalighat","Esplanade",false,5.2,5.1,10:00 AM,11,14,false,false,CleanOperational
2026-09-06,Sun,MC-05,Blue,"Kalighat","Esplanade",false,5.2,5.1,1:00 PM,11,15,false,false,CleanOperational
2026-09-06,Sun,MC-05,Blue,"Kalighat","Esplanade",false,5.2,5.1,7:00 PM,11,18,false,false,CleanOperational
2026-09-06,Sun,MC-06,Blue,"Dakshineswar","Dum Dum",false,6.2,7,12:00 AM,12,18,false,false,CleanOperational
2026-09-06,Sun,MC-06,Blue,"Dakshineswar","Dum Dum",false,6.2,7,10:00 AM,12,23,false,false,CleanOperational
2026-09-06,Sun,MC-06,Blue,"Dakshineswar","Dum Dum",false,6.2,7,1:00 PM,15,24,true,false,WalkingFallback
2026-09-06,Sun,MC-06,Blue,"Dakshineswar","Dum Dum",false,6.2,7,7:00 PM,17,26,true,false,WalkingFallback
2026-09-06,Sun,MC-07,Blue,"Esplanade","Mahanayak Uttam Kumar (Tollygunge)",false,7.8,8.3,12:00 AM,17,20,false,false,CleanOperational
2026-09-06,Sun,MC-07,Blue,"Esplanade","Mahanayak Uttam Kumar (Tollygunge)",false,7.8,8.3,10:00 AM,17,23,false,false,CleanOperational
2026-09-06,Sun,MC-07,Blue,"Esplanade","Mahanayak Uttam Kumar (Tollygunge)",false,7.8,8.3,1:00 PM,17,26,false,false,CleanOperational
2026-09-06,Sun,MC-07,Blue,"Esplanade","Mahanayak Uttam Kumar (Tollygunge)",false,7.8,8.3,7:00 PM,23,32,false,false,CleanOperational
2026-09-06,Sun,MC-08,Blue,"Mahanayak Uttam Kumar (Tollygunge)","Kavi Subhash",false,7.1,6.4,12:00 AM,15,15,false,false,CleanOperational
2026-09-06,Sun,MC-08,Blue,"Mahanayak Uttam Kumar (Tollygunge)","Kavi Subhash",false,7.1,6.4,10:00 AM,14,21,false,false,CleanOperational
2026-09-06,Sun,MC-08,Blue,"Mahanayak Uttam Kumar (Tollygunge)","Kavi Subhash",false,7.1,6.4,1:00 PM,17,23,false,false,CleanOperational
2026-09-06,Sun,MC-08,Blue,"Mahanayak Uttam Kumar (Tollygunge)","Kavi Subhash",false,7.1,6.4,7:00 PM,17,27,false,false,CleanOperational
2026-09-06,Sun,MC-09,Blue,"Dum Dum","Esplanade",false,8.8,8.8,12:00 AM,16,26,false,false,CleanOperational
2026-09-06,Sun,MC-09,Blue,"Dum Dum","Esplanade",false,8.8,8.8,10:00 AM,16,29,false,false,CleanOperational
2026-09-06,Sun,MC-09,Blue,"Dum Dum","Esplanade",false,8.8,8.8,1:00 PM,16,32,false,false,CleanOperational
2026-09-06,Sun,MC-09,Blue,"Dum Dum","Esplanade",false,8.8,8.8,7:00 PM,16,36,false,false,CleanOperational
2026-09-06,Sun,MC-10,Green,"Howrah","Salt Lake Sector V",true,14.2,12.4,12:00 AM,30,29,false,false,CleanOperational
2026-09-06,Sun,MC-10,Green,"Howrah","Salt Lake Sector V",true,14.2,12.4,10:00 AM,30,37,false,false,CleanOperational
2026-09-06,Sun,MC-10,Green,"Howrah","Salt Lake Sector V",true,14.2,12.4,1:00 PM,30,39,false,false,CleanOperational
2026-09-06,Sun,MC-10,Green,"Howrah","Salt Lake Sector V",true,14.2,12.4,7:00 PM,30,41,false,false,CleanOperational
2026-09-06,Sun,MC-11,Green,"Sealdah","Salt Lake Sector V",false,8.6,8,12:00 AM,22,18,false,false,CleanOperational
2026-09-06,Sun,MC-11,Green,"Sealdah","Salt Lake Sector V",false,8.6,8,10:00 AM,22,22,false,false,CleanOperational
2026-09-06,Sun,MC-11,Green,"Sealdah","Salt Lake Sector V",false,8.6,8,1:00 PM,22,23,false,false,CleanOperational
2026-09-06,Sun,MC-11,Green,"Sealdah","Salt Lake Sector V",false,8.6,8,7:00 PM,22,26,false,false,CleanOperational
2026-09-06,Sun,MC-12,Green,"Howrah","Sealdah",false,5.6,6.8,12:00 AM,10,16,false,false,CleanOperational
2026-09-06,Sun,MC-12,Green,"Howrah","Sealdah",false,5.6,6.8,10:00 AM,10,21,false,false,CleanOperational
2026-09-06,Sun,MC-12,Green,"Howrah","Sealdah",false,5.6,6.8,1:00 PM,10,23,false,false,CleanOperational
2026-09-06,Sun,MC-12,Green,"Howrah","Sealdah",false,5.6,6.8,7:00 PM,10,23,false,false,CleanOperational
2026-09-06,Sun,MC-13,Green,"Phoolbagan","Salt Lake Sector V",false,6.6,4.9,12:00 AM,19,14,false,false,CleanOperational
2026-09-06,Sun,MC-13,Green,"Phoolbagan","Salt Lake Sector V",false,6.6,4.9,10:00 AM,19,17,false,false,CleanOperational
2026-09-06,Sun,MC-13,Green,"Phoolbagan","Salt Lake Sector V",false,6.6,4.9,1:00 PM,19,18,false,false,CleanOperational
2026-09-06,Sun,MC-13,Green,"Phoolbagan","Salt Lake Sector V",false,6.6,4.9,7:00 PM,19,19,false,false,CleanOperational
2026-09-06,Sun,MC-14,Green,"Howrah","Phoolbagan",false,7.7,7.6,12:00 AM,11,18,false,false,CleanOperational
2026-09-06,Sun,MC-14,Green,"Howrah","Phoolbagan",false,7.7,7.6,10:00 AM,11,22,false,false,CleanOperational
2026-09-06,Sun,MC-14,Green,"Howrah","Phoolbagan",false,7.7,7.6,1:00 PM,11,24,false,false,CleanOperational
2026-09-06,Sun,MC-14,Green,"Howrah","Phoolbagan",false,7.7,7.6,7:00 PM,11,27,false,false,CleanOperational
2026-09-06,Sun,MC-15,Green,"Esplanade","Salt Lake Sector V",false,11.3,13.3,12:00 AM,25,24,false,false,CleanOperational
2026-09-06,Sun,MC-15,Green,"Esplanade","Salt Lake Sector V",false,11.3,13.3,10:00 AM,25,25,false,false,CleanOperational
2026-09-06,Sun,MC-15,Green,"Esplanade","Salt Lake Sector V",false,11.3,13.3,1:00 PM,25,25,false,false,CleanOperational
2026-09-06,Sun,MC-15,Green,"Esplanade","Salt Lake Sector V",false,11.3,13.3,7:00 PM,25,30,false,false,CleanOperational
2026-09-06,Sun,MC-16,Orange,"Kavi Subhash","Beleghata",true,9.8,9.8,12:00 AM,0,19,false,true,MissingMetro
2026-09-06,Sun,MC-16,Orange,"Kavi Subhash","Beleghata",true,9.8,9.8,10:00 AM,0,19,false,true,MissingMetro
2026-09-06,Sun,MC-16,Orange,"Kavi Subhash","Beleghata",true,9.8,9.8,1:00 PM,0,21,false,true,MissingMetro
2026-09-06,Sun,MC-16,Orange,"Kavi Subhash","Beleghata",true,9.8,9.8,7:00 PM,0,24,false,true,MissingMetro
2026-09-06,Sun,MC-17,Orange,"Hemanta Mukhopadhyay","Beleghata",false,4.4,4.4,12:00 AM,0,8,false,true,MissingMetro
2026-09-06,Sun,MC-17,Orange,"Hemanta Mukhopadhyay","Beleghata",false,4.4,4.4,10:00 AM,0,8,false,true,MissingMetro
2026-09-06,Sun,MC-17,Orange,"Hemanta Mukhopadhyay","Beleghata",false,4.4,4.4,1:00 PM,0,9,false,true,MissingMetro
2026-09-06,Sun,MC-17,Orange,"Hemanta Mukhopadhyay","Beleghata",false,4.4,4.4,7:00 PM,0,10,false,true,MissingMetro
2026-09-06,Sun,MC-18,Orange,"Kavi Subhash","Science City",false,8.9,8.8,12:00 AM,0,19,false,true,MissingMetro
2026-09-06,Sun,MC-18,Orange,"Kavi Subhash","Science City",false,8.9,8.8,10:00 AM,0,18,false,true,MissingMetro
2026-09-06,Sun,MC-18,Orange,"Kavi Subhash","Science City",false,8.9,8.8,1:00 PM,0,19,false,true,MissingMetro
2026-09-06,Sun,MC-18,Orange,"Kavi Subhash","Science City",false,8.9,8.8,7:00 PM,0,22,false,true,MissingMetro
2026-09-06,Sun,MC-19,Purple,"Joka","Majerhat",true,7.9,7.8,12:00 AM,19,17,false,false,CleanOperational
2026-09-06,Sun,MC-19,Purple,"Joka","Majerhat",true,7.9,7.8,10:00 AM,0,20,false,true,MissingMetro
2026-09-06,Sun,MC-19,Purple,"Joka","Majerhat",true,7.9,7.8,1:00 PM,0,23,false,true,MissingMetro
2026-09-06,Sun,MC-19,Purple,"Joka","Majerhat",true,7.9,7.8,7:00 PM,0,25,false,true,MissingMetro
2026-09-06,Sun,MC-20,Purple,"Behala Chowrasta","Majerhat",false,3.7,3.7,12:00 AM,11,9,false,false,CleanOperational
2026-09-06,Sun,MC-20,Purple,"Behala Chowrasta","Majerhat",false,3.7,3.7,10:00 AM,0,10,false,true,MissingMetro
2026-09-06,Sun,MC-20,Purple,"Behala Chowrasta","Majerhat",false,3.7,3.7,1:00 PM,51,13,true,false,WalkingFallback
2026-09-06,Sun,MC-20,Purple,"Behala Chowrasta","Majerhat",false,3.7,3.7,7:00 PM,0,12,false,true,MissingMetro
2026-09-06,Sun,MC-21,Purple,"Joka","Behala Chowrasta",false,4.2,4.1,12:00 AM,8,8,false,false,CleanOperational
2026-09-06,Sun,MC-21,Purple,"Joka","Behala Chowrasta",false,4.2,4.1,10:00 AM,0,10,false,true,MissingMetro
2026-09-06,Sun,MC-21,Purple,"Joka","Behala Chowrasta",false,4.2,4.1,1:00 PM,57,11,true,false,WalkingFallback
2026-09-06,Sun,MC-21,Purple,"Joka","Behala Chowrasta",false,4.2,4.1,7:00 PM,0,13,false,true,MissingMetro
2026-09-06,Sun,MC-22,Purple,"Joka","Taratala",false,6.6,6.5,12:00 AM,14,14,false,false,CleanOperational
2026-09-06,Sun,MC-22,Purple,"Joka","Taratala",false,6.6,6.5,10:00 AM,0,18,false,true,MissingMetro
2026-09-06,Sun,MC-22,Purple,"Joka","Taratala",false,6.6,6.5,1:00 PM,0,22,false,true,MissingMetro
2026-09-06,Sun,MC-22,Purple,"Joka","Taratala",false,6.6,6.5,7:00 PM,0,22,false,true,MissingMetro
2026-09-06,Sun,MC-23,Purple,"Behala Chowrasta","Taratala",false,2.4,2.4,12:00 AM,0,6,false,true,MissingMetro
2026-09-06,Sun,MC-23,Purple,"Behala Chowrasta","Taratala",false,2.4,2.4,10:00 AM,0,7,false,true,MissingMetro
2026-09-06,Sun,MC-23,Purple,"Behala Chowrasta","Taratala",false,2.4,2.4,1:00 PM,33,11,true,false,WalkingFallback
2026-09-06,Sun,MC-23,Purple,"Behala Chowrasta","Taratala",false,2.4,2.4,7:00 PM,0,9,false,true,MissingMetro
2026-09-06,Sun,MC-24,Purple,"Taratala","Majerhat",false,1.3,1.3,12:00 AM,0,3,false,true,MissingMetro
2026-09-06,Sun,MC-24,Purple,"Taratala","Majerhat",false,1.3,1.3,10:00 AM,0,3,false,true,MissingMetro
2026-09-06,Sun,MC-24,Purple,"Taratala","Majerhat",false,1.3,1.3,1:00 PM,18,3,true,false,WalkingFallback
2026-09-06,Sun,MC-24,Purple,"Taratala","Majerhat",false,1.3,1.3,7:00 PM,0,3,false,true,MissingMetro
2026-09-07,Mon,MC-01,Blue,"Dakshineswar","Esplanade",true,15,12.4,12:00 AM,28,31,false,false,CleanOperational
2026-09-07,Mon,MC-01,Blue,"Dakshineswar","Esplanade",true,15,12.4,10:00 AM,28,50,false,false,CleanOperational
2026-09-07,Mon,MC-01,Blue,"Dakshineswar","Esplanade",true,15,12.4,1:00 PM,31,55,false,false,CleanOperational
2026-09-07,Mon,MC-01,Blue,"Dakshineswar","Esplanade",true,15,12.4,7:00 PM,28,50,false,false,CleanOperational
2026-09-07,Mon,MC-02,Blue,"Shahid Khudiram","Esplanade",true,14.9,16.5,12:00 AM,28,30,false,false,CleanOperational
2026-09-07,Mon,MC-02,Blue,"Shahid Khudiram","Esplanade",true,14.9,16.5,10:00 AM,28,53,false,false,CleanOperational
2026-09-07,Mon,MC-02,Blue,"Shahid Khudiram","Esplanade",true,14.9,16.5,1:00 PM,30,53,false,false,CleanOperational
2026-09-07,Mon,MC-02,Blue,"Shahid Khudiram","Esplanade",true,14.9,16.5,7:00 PM,29,63,false,false,CleanOperational
2026-09-07,Mon,MC-03,Blue,"Shyambazar","Dum Dum",false,3.8,3.5,12:00 AM,7,11,false,false,CleanOperational
2026-09-07,Mon,MC-03,Blue,"Shyambazar","Dum Dum",false,3.8,3.5,10:00 AM,7,19,false,false,CleanOperational
2026-09-07,Mon,MC-03,Blue,"Shyambazar","Dum Dum",false,3.8,3.5,1:00 PM,53,18,true,false,WalkingFallback
2026-09-07,Mon,MC-03,Blue,"Shyambazar","Dum Dum",false,3.8,3.5,7:00 PM,8,18,false,false,CleanOperational
2026-09-07,Mon,MC-04,Blue,"Shyambazar","Esplanade",false,5.1,5.2,12:00 AM,11,15,false,false,CleanOperational
2026-09-07,Mon,MC-04,Blue,"Shyambazar","Esplanade",false,5.1,5.2,10:00 AM,11,22,false,false,CleanOperational
2026-09-07,Mon,MC-04,Blue,"Shyambazar","Esplanade",false,5.1,5.2,1:00 PM,11,29,false,false,CleanOperational
2026-09-07,Mon,MC-04,Blue,"Shyambazar","Esplanade",false,5.1,5.2,7:00 PM,11,26,false,false,CleanOperational
2026-09-07,Mon,MC-05,Blue,"Kalighat","Esplanade",false,5.2,5.1,12:00 AM,11,11,false,false,CleanOperational
2026-09-07,Mon,MC-05,Blue,"Kalighat","Esplanade",false,5.2,5.1,10:00 AM,11,20,false,false,CleanOperational
2026-09-07,Mon,MC-05,Blue,"Kalighat","Esplanade",false,5.2,5.1,1:00 PM,11,28,false,false,CleanOperational
2026-09-07,Mon,MC-05,Blue,"Kalighat","Esplanade",false,5.2,5.1,7:00 PM,11,21,false,false,CleanOperational
2026-09-07,Mon,MC-06,Blue,"Dakshineswar","Dum Dum",false,6.2,7,12:00 AM,12,20,false,false,CleanOperational
2026-09-07,Mon,MC-06,Blue,"Dakshineswar","Dum Dum",false,6.2,7,10:00 AM,12,31,false,false,CleanOperational
2026-09-07,Mon,MC-06,Blue,"Dakshineswar","Dum Dum",false,6.2,7,1:00 PM,15,28,false,false,CleanOperational
2026-09-07,Mon,MC-06,Blue,"Dakshineswar","Dum Dum",false,6.2,7,7:00 PM,12,26,false,false,CleanOperational
2026-09-07,Mon,MC-07,Blue,"Esplanade","Mahanayak Uttam Kumar (Tollygunge)",false,7.8,8.3,12:00 AM,17,18,false,false,CleanOperational
2026-09-07,Mon,MC-07,Blue,"Esplanade","Mahanayak Uttam Kumar (Tollygunge)",false,7.8,8.3,10:00 AM,17,30,false,false,CleanOperational
2026-09-07,Mon,MC-07,Blue,"Esplanade","Mahanayak Uttam Kumar (Tollygunge)",false,7.8,8.3,1:00 PM,23,33,false,false,CleanOperational
2026-09-07,Mon,MC-07,Blue,"Esplanade","Mahanayak Uttam Kumar (Tollygunge)",false,7.8,8.3,7:00 PM,18,35,false,false,CleanOperational
2026-09-07,Mon,MC-08,Blue,"Mahanayak Uttam Kumar (Tollygunge)","Kavi Subhash",false,7.1,6.4,12:00 AM,15,15,false,false,CleanOperational
2026-09-07,Mon,MC-08,Blue,"Mahanayak Uttam Kumar (Tollygunge)","Kavi Subhash",false,7.1,6.4,10:00 AM,15,26,false,false,CleanOperational
2026-09-07,Mon,MC-08,Blue,"Mahanayak Uttam Kumar (Tollygunge)","Kavi Subhash",false,7.1,6.4,1:00 PM,17,26,false,false,CleanOperational
2026-09-07,Mon,MC-08,Blue,"Mahanayak Uttam Kumar (Tollygunge)","Kavi Subhash",false,7.1,6.4,7:00 PM,15,31,false,false,CleanOperational
2026-09-07,Mon,MC-09,Blue,"Dum Dum","Esplanade",false,8.8,8.8,12:00 AM,16,27,false,false,CleanOperational
2026-09-07,Mon,MC-09,Blue,"Dum Dum","Esplanade",false,8.8,8.8,10:00 AM,16,40,false,false,CleanOperational
2026-09-07,Mon,MC-09,Blue,"Dum Dum","Esplanade",false,8.8,8.8,1:00 PM,16,47,false,false,CleanOperational
2026-09-07,Mon,MC-09,Blue,"Dum Dum","Esplanade",false,8.8,8.8,7:00 PM,16,43,false,false,CleanOperational
2026-09-07,Mon,MC-10,Green,"Howrah","Salt Lake Sector V",true,14.2,12.4,12:00 AM,30,29,false,false,CleanOperational
2026-09-07,Mon,MC-10,Green,"Howrah","Salt Lake Sector V",true,14.2,12.4,10:00 AM,30,53,false,false,CleanOperational
2026-09-07,Mon,MC-10,Green,"Howrah","Salt Lake Sector V",true,14.2,12.4,1:00 PM,30,47,false,false,CleanOperational
2026-09-07,Mon,MC-10,Green,"Howrah","Salt Lake Sector V",true,14.2,12.4,7:00 PM,30,57,false,false,CleanOperational
2026-09-07,Mon,MC-11,Green,"Sealdah","Salt Lake Sector V",false,8.6,8,12:00 AM,22,17,false,false,CleanOperational
2026-09-07,Mon,MC-11,Green,"Sealdah","Salt Lake Sector V",false,8.6,8,10:00 AM,21,33,false,false,CleanOperational
2026-09-07,Mon,MC-11,Green,"Sealdah","Salt Lake Sector V",false,8.6,8,1:00 PM,21,26,false,false,CleanOperational
2026-09-07,Mon,MC-11,Green,"Sealdah","Salt Lake Sector V",false,8.6,8,7:00 PM,21,30,false,false,CleanOperational
2026-09-07,Mon,MC-12,Green,"Howrah","Sealdah",false,5.6,6.8,12:00 AM,10,16,false,false,CleanOperational
2026-09-07,Mon,MC-12,Green,"Howrah","Sealdah",false,5.6,6.8,10:00 AM,11,31,false,false,CleanOperational
2026-09-07,Mon,MC-12,Green,"Howrah","Sealdah",false,5.6,6.8,1:00 PM,11,34,false,false,CleanOperational
2026-09-07,Mon,MC-12,Green,"Howrah","Sealdah",false,5.6,6.8,7:00 PM,11,36,false,false,CleanOperational
2026-09-07,Mon,MC-13,Green,"Phoolbagan","Salt Lake Sector V",false,6.6,4.9,12:00 AM,19,14,false,false,CleanOperational
2026-09-07,Mon,MC-13,Green,"Phoolbagan","Salt Lake Sector V",false,6.6,4.9,10:00 AM,18,24,false,false,CleanOperational
2026-09-07,Mon,MC-13,Green,"Phoolbagan","Salt Lake Sector V",false,6.6,4.9,1:00 PM,18,20,false,false,CleanOperational
2026-09-07,Mon,MC-13,Green,"Phoolbagan","Salt Lake Sector V",false,6.6,4.9,7:00 PM,18,24,false,false,CleanOperational
2026-09-07,Mon,MC-14,Green,"Howrah","Phoolbagan",false,7.7,7.6,12:00 AM,11,17,false,false,CleanOperational
2026-09-07,Mon,MC-14,Green,"Howrah","Phoolbagan",false,7.7,7.6,10:00 AM,12,31,false,false,CleanOperational
2026-09-07,Mon,MC-14,Green,"Howrah","Phoolbagan",false,7.7,7.6,1:00 PM,12,35,false,false,CleanOperational
2026-09-07,Mon,MC-14,Green,"Howrah","Phoolbagan",false,7.7,7.6,7:00 PM,12,39,false,false,CleanOperational
2026-09-07,Mon,MC-15,Green,"Esplanade","Salt Lake Sector V",false,11.3,13.3,12:00 AM,25,24,false,false,CleanOperational
2026-09-07,Mon,MC-15,Green,"Esplanade","Salt Lake Sector V",false,11.3,13.3,10:00 AM,25,43,false,false,CleanOperational
2026-09-07,Mon,MC-15,Green,"Esplanade","Salt Lake Sector V",false,11.3,13.3,1:00 PM,25,31,false,false,CleanOperational
2026-09-07,Mon,MC-15,Green,"Esplanade","Salt Lake Sector V",false,11.3,13.3,7:00 PM,25,43,false,false,CleanOperational
2026-09-07,Mon,MC-16,Orange,"Kavi Subhash","Beleghata",true,9.8,9.8,12:00 AM,0,19,false,true,MissingMetro
2026-09-07,Mon,MC-16,Orange,"Kavi Subhash","Beleghata",true,9.8,9.8,10:00 AM,23,30,false,false,CleanOperational
2026-09-07,Mon,MC-16,Orange,"Kavi Subhash","Beleghata",true,9.8,9.8,1:00 PM,28,27,false,false,CleanOperational
2026-09-07,Mon,MC-16,Orange,"Kavi Subhash","Beleghata",true,9.8,9.8,7:00 PM,28,41,false,false,CleanOperational
2026-09-07,Mon,MC-17,Orange,"Hemanta Mukhopadhyay","Beleghata",false,4.4,4.4,12:00 AM,0,8,false,true,MissingMetro
2026-09-07,Mon,MC-17,Orange,"Hemanta Mukhopadhyay","Beleghata",false,4.4,4.4,10:00 AM,12,16,false,false,CleanOperational
2026-09-07,Mon,MC-17,Orange,"Hemanta Mukhopadhyay","Beleghata",false,4.4,4.4,1:00 PM,12,11,false,false,CleanOperational
2026-09-07,Mon,MC-17,Orange,"Hemanta Mukhopadhyay","Beleghata",false,4.4,4.4,7:00 PM,17,34,false,false,CleanOperational
2026-09-07,Mon,MC-18,Orange,"Kavi Subhash","Science City",false,8.9,8.8,12:00 AM,0,18,false,true,MissingMetro
2026-09-07,Mon,MC-18,Orange,"Kavi Subhash","Science City",false,8.9,8.8,10:00 AM,19,28,false,false,CleanOperational
2026-09-07,Mon,MC-18,Orange,"Kavi Subhash","Science City",false,8.9,8.8,1:00 PM,23,24,false,false,CleanOperational
2026-09-07,Mon,MC-18,Orange,"Kavi Subhash","Science City",false,8.9,8.8,7:00 PM,23,36,false,false,CleanOperational
2026-09-07,Mon,MC-19,Purple,"Joka","Majerhat",true,7.9,7.8,12:00 AM,0,16,false,true,MissingMetro
2026-09-07,Mon,MC-19,Purple,"Joka","Majerhat",true,7.9,7.8,10:00 AM,17,24,false,false,CleanOperational
2026-09-07,Mon,MC-19,Purple,"Joka","Majerhat",true,7.9,7.8,1:00 PM,17,25,false,false,CleanOperational
2026-09-07,Mon,MC-19,Purple,"Joka","Majerhat",true,7.9,7.8,7:00 PM,17,24,false,false,CleanOperational
2026-09-07,Mon,MC-20,Purple,"Behala Chowrasta","Majerhat",false,3.7,3.7,12:00 AM,51,8,true,false,WalkingFallback
2026-09-07,Mon,MC-20,Purple,"Behala Chowrasta","Majerhat",false,3.7,3.7,10:00 AM,9,11,false,false,CleanOperational
2026-09-07,Mon,MC-20,Purple,"Behala Chowrasta","Majerhat",false,3.7,3.7,1:00 PM,51,13,true,false,WalkingFallback
2026-09-07,Mon,MC-20,Purple,"Behala Chowrasta","Majerhat",false,3.7,3.7,7:00 PM,9,11,false,false,CleanOperational
2026-09-07,Mon,MC-21,Purple,"Joka","Behala Chowrasta",false,4.2,4.1,12:00 AM,0,8,false,true,MissingMetro
2026-09-07,Mon,MC-21,Purple,"Joka","Behala Chowrasta",false,4.2,4.1,10:00 AM,8,12,false,false,CleanOperational
2026-09-07,Mon,MC-21,Purple,"Joka","Behala Chowrasta",false,4.2,4.1,1:00 PM,57,12,true,false,WalkingFallback
2026-09-07,Mon,MC-21,Purple,"Joka","Behala Chowrasta",false,4.2,4.1,7:00 PM,8,12,false,false,CleanOperational
2026-09-07,Mon,MC-22,Purple,"Joka","Taratala",false,6.6,6.5,12:00 AM,0,13,false,true,MissingMetro
2026-09-07,Mon,MC-22,Purple,"Joka","Taratala",false,6.6,6.5,10:00 AM,14,20,false,false,CleanOperational
2026-09-07,Mon,MC-22,Purple,"Joka","Taratala",false,6.6,6.5,1:00 PM,14,22,false,false,CleanOperational
2026-09-07,Mon,MC-22,Purple,"Joka","Taratala",false,6.6,6.5,7:00 PM,14,21,false,false,CleanOperational
2026-09-07,Mon,MC-23,Purple,"Behala Chowrasta","Taratala",false,2.4,2.4,12:00 AM,0,5,false,true,MissingMetro
2026-09-07,Mon,MC-23,Purple,"Behala Chowrasta","Taratala",false,2.4,2.4,10:00 AM,6,8,false,false,CleanOperational
2026-09-07,Mon,MC-23,Purple,"Behala Chowrasta","Taratala",false,2.4,2.4,1:00 PM,33,9,true,false,WalkingFallback
2026-09-07,Mon,MC-23,Purple,"Behala Chowrasta","Taratala",false,2.4,2.4,7:00 PM,6,8,false,false,CleanOperational
2026-09-07,Mon,MC-24,Purple,"Taratala","Majerhat",false,1.3,1.3,12:00 AM,18,3,true,false,WalkingFallback
2026-09-07,Mon,MC-24,Purple,"Taratala","Majerhat",false,1.3,1.3,10:00 AM,3,3,false,false,CleanOperational
2026-09-07,Mon,MC-24,Purple,"Taratala","Majerhat",false,1.3,1.3,1:00 PM,18,3,true,false,WalkingFallback
2026-09-07,Mon,MC-24,Purple,"Taratala","Majerhat",false,1.3,1.3,7:00 PM,3,3,false,false,CleanOperational
2026-09-08,Tue,MC-01,Blue,"Dakshineswar","Esplanade",true,15,12.4,12:00 AM,31,30,false,false,CleanOperational
2026-09-08,Tue,MC-01,Blue,"Dakshineswar","Esplanade",true,15,12.4,10:00 AM,28,50,false,false,CleanOperational
2026-09-08,Tue,MC-01,Blue,"Dakshineswar","Esplanade",true,15,12.4,1:00 PM,31,54,false,false,CleanOperational
2026-09-08,Tue,MC-01,Blue,"Dakshineswar","Esplanade",true,15,12.4,7:00 PM,28,53,false,false,CleanOperational
2026-09-08,Tue,MC-02,Blue,"Shahid Khudiram","Esplanade",true,14.9,16.5,12:00 AM,30,31,false,false,CleanOperational
2026-09-08,Tue,MC-02,Blue,"Shahid Khudiram","Esplanade",true,14.9,16.5,10:00 AM,28,53,false,false,CleanOperational
2026-09-08,Tue,MC-02,Blue,"Shahid Khudiram","Esplanade",true,14.9,16.5,1:00 PM,30,46,false,false,CleanOperational
2026-09-08,Tue,MC-02,Blue,"Shahid Khudiram","Esplanade",true,14.9,16.5,7:00 PM,29,57,false,false,CleanOperational
2026-09-08,Tue,MC-03,Blue,"Shyambazar","Dum Dum",false,3.8,3.5,12:00 AM,7,11,false,false,CleanOperational
2026-09-08,Tue,MC-03,Blue,"Shyambazar","Dum Dum",false,3.8,3.5,10:00 AM,7,15,false,false,CleanOperational
2026-09-08,Tue,MC-03,Blue,"Shyambazar","Dum Dum",false,3.8,3.5,1:00 PM,53,17,true,false,WalkingFallback
2026-09-08,Tue,MC-03,Blue,"Shyambazar","Dum Dum",false,3.8,3.5,7:00 PM,8,18,false,false,CleanOperational
2026-09-08,Tue,MC-04,Blue,"Shyambazar","Esplanade",false,5.1,5.2,12:00 AM,11,15,false,false,CleanOperational
2026-09-08,Tue,MC-04,Blue,"Shyambazar","Esplanade",false,5.1,5.2,10:00 AM,11,23,false,false,CleanOperational
2026-09-08,Tue,MC-04,Blue,"Shyambazar","Esplanade",false,5.1,5.2,1:00 PM,11,28,false,false,CleanOperational
2026-09-08,Tue,MC-04,Blue,"Shyambazar","Esplanade",false,5.1,5.2,7:00 PM,11,27,false,false,CleanOperational
2026-09-08,Tue,MC-05,Blue,"Kalighat","Esplanade",false,5.2,5.1,12:00 AM,11,12,false,false,CleanOperational
2026-09-08,Tue,MC-05,Blue,"Kalighat","Esplanade",false,5.2,5.1,10:00 AM,11,19,false,false,CleanOperational
2026-09-08,Tue,MC-05,Blue,"Kalighat","Esplanade",false,5.2,5.1,1:00 PM,11,28,false,false,CleanOperational
2026-09-08,Tue,MC-05,Blue,"Kalighat","Esplanade",false,5.2,5.1,7:00 PM,11,21,false,false,CleanOperational
2026-09-08,Tue,MC-06,Blue,"Dakshineswar","Dum Dum",false,6.2,7,12:00 AM,12,17,false,false,CleanOperational
2026-09-08,Tue,MC-06,Blue,"Dakshineswar","Dum Dum",false,6.2,7,10:00 AM,12,30,false,false,CleanOperational
2026-09-08,Tue,MC-06,Blue,"Dakshineswar","Dum Dum",false,6.2,7,1:00 PM,15,27,false,false,CleanOperational
2026-09-08,Tue,MC-06,Blue,"Dakshineswar","Dum Dum",false,6.2,7,7:00 PM,12,29,false,false,CleanOperational
2026-09-08,Tue,MC-07,Blue,"Esplanade","Mahanayak Uttam Kumar (Tollygunge)",false,7.8,8.3,12:00 AM,17,19,false,false,CleanOperational
2026-09-08,Tue,MC-07,Blue,"Esplanade","Mahanayak Uttam Kumar (Tollygunge)",false,7.8,8.3,10:00 AM,17,31,false,false,CleanOperational
2026-09-08,Tue,MC-07,Blue,"Esplanade","Mahanayak Uttam Kumar (Tollygunge)",false,7.8,8.3,1:00 PM,23,32,false,false,CleanOperational
2026-09-08,Tue,MC-07,Blue,"Esplanade","Mahanayak Uttam Kumar (Tollygunge)",false,7.8,8.3,7:00 PM,18,38,false,false,CleanOperational
2026-09-08,Tue,MC-08,Blue,"Mahanayak Uttam Kumar (Tollygunge)","Kavi Subhash",false,7.1,6.4,12:00 AM,15,15,false,false,CleanOperational
2026-09-08,Tue,MC-08,Blue,"Mahanayak Uttam Kumar (Tollygunge)","Kavi Subhash",false,7.1,6.4,10:00 AM,15,26,false,false,CleanOperational
2026-09-08,Tue,MC-08,Blue,"Mahanayak Uttam Kumar (Tollygunge)","Kavi Subhash",false,7.1,6.4,1:00 PM,17,29,false,false,CleanOperational
2026-09-08,Tue,MC-08,Blue,"Mahanayak Uttam Kumar (Tollygunge)","Kavi Subhash",false,7.1,6.4,7:00 PM,15,32,false,false,CleanOperational
2026-09-08,Tue,MC-09,Blue,"Dum Dum","Esplanade",false,8.8,8.8,12:00 AM,16,25,false,false,CleanOperational
2026-09-08,Tue,MC-09,Blue,"Dum Dum","Esplanade",false,8.8,8.8,10:00 AM,16,38,false,false,CleanOperational
2026-09-08,Tue,MC-09,Blue,"Dum Dum","Esplanade",false,8.8,8.8,1:00 PM,16,47,false,false,CleanOperational
2026-09-08,Tue,MC-09,Blue,"Dum Dum","Esplanade",false,8.8,8.8,7:00 PM,16,45,false,false,CleanOperational
2026-09-08,Tue,MC-10,Green,"Howrah","Salt Lake Sector V",true,14.2,12.4,12:00 AM,30,29,false,false,CleanOperational
2026-09-08,Tue,MC-10,Green,"Howrah","Salt Lake Sector V",true,14.2,12.4,10:00 AM,30,53,false,false,CleanOperational
2026-09-08,Tue,MC-10,Green,"Howrah","Salt Lake Sector V",true,14.2,12.4,1:00 PM,30,52,false,false,CleanOperational
2026-09-08,Tue,MC-10,Green,"Howrah","Salt Lake Sector V",true,14.2,12.4,7:00 PM,30,62,false,false,CleanOperational
2026-09-08,Tue,MC-11,Green,"Sealdah","Salt Lake Sector V",false,8.6,8,12:00 AM,21,18,false,false,CleanOperational
2026-09-08,Tue,MC-11,Green,"Sealdah","Salt Lake Sector V",false,8.6,8,10:00 AM,21,33,false,false,CleanOperational
2026-09-08,Tue,MC-11,Green,"Sealdah","Salt Lake Sector V",false,8.6,8,1:00 PM,21,30,false,false,CleanOperational
2026-09-08,Tue,MC-11,Green,"Sealdah","Salt Lake Sector V",false,8.6,8,7:00 PM,21,37,false,false,CleanOperational
2026-09-08,Tue,MC-12,Green,"Howrah","Sealdah",false,5.6,6.8,12:00 AM,11,16,false,false,CleanOperational
2026-09-08,Tue,MC-12,Green,"Howrah","Sealdah",false,5.6,6.8,10:00 AM,11,29,false,false,CleanOperational
2026-09-08,Tue,MC-12,Green,"Howrah","Sealdah",false,5.6,6.8,1:00 PM,11,37,false,false,CleanOperational
2026-09-08,Tue,MC-12,Green,"Howrah","Sealdah",false,5.6,6.8,7:00 PM,11,41,false,false,CleanOperational
2026-09-08,Tue,MC-13,Green,"Phoolbagan","Salt Lake Sector V",false,6.6,4.9,12:00 AM,18,14,false,false,CleanOperational
2026-09-08,Tue,MC-13,Green,"Phoolbagan","Salt Lake Sector V",false,6.6,4.9,10:00 AM,18,25,false,false,CleanOperational
2026-09-08,Tue,MC-13,Green,"Phoolbagan","Salt Lake Sector V",false,6.6,4.9,1:00 PM,18,21,false,false,CleanOperational
2026-09-08,Tue,MC-13,Green,"Phoolbagan","Salt Lake Sector V",false,6.6,4.9,7:00 PM,18,25,false,false,CleanOperational
2026-09-08,Tue,MC-14,Green,"Howrah","Phoolbagan",false,7.7,7.6,12:00 AM,12,17,false,false,CleanOperational
2026-09-08,Tue,MC-14,Green,"Howrah","Phoolbagan",false,7.7,7.6,10:00 AM,12,30,false,false,CleanOperational
2026-09-08,Tue,MC-14,Green,"Howrah","Phoolbagan",false,7.7,7.6,1:00 PM,12,35,false,false,CleanOperational
2026-09-08,Tue,MC-14,Green,"Howrah","Phoolbagan",false,7.7,7.6,7:00 PM,12,41,false,false,CleanOperational
2026-09-08,Tue,MC-15,Green,"Esplanade","Salt Lake Sector V",false,11.3,13.3,12:00 AM,25,22,false,false,CleanOperational
2026-09-08,Tue,MC-15,Green,"Esplanade","Salt Lake Sector V",false,11.3,13.3,10:00 AM,25,44,false,false,CleanOperational
2026-09-08,Tue,MC-15,Green,"Esplanade","Salt Lake Sector V",false,11.3,13.3,1:00 PM,25,41,false,false,CleanOperational
2026-09-08,Tue,MC-15,Green,"Esplanade","Salt Lake Sector V",false,11.3,13.3,7:00 PM,25,51,false,false,CleanOperational
2026-09-08,Tue,MC-16,Orange,"Kavi Subhash","Beleghata",true,9.8,9.8,12:00 AM,28,19,false,false,CleanOperational
2026-09-08,Tue,MC-16,Orange,"Kavi Subhash","Beleghata",true,9.8,9.8,10:00 AM,23,31,false,false,CleanOperational
2026-09-08,Tue,MC-16,Orange,"Kavi Subhash","Beleghata",true,9.8,9.8,1:00 PM,28,28,false,false,CleanOperational
2026-09-08,Tue,MC-16,Orange,"Kavi Subhash","Beleghata",true,9.8,9.8,7:00 PM,28,37,false,false,CleanOperational
2026-09-08,Tue,MC-17,Orange,"Hemanta Mukhopadhyay","Beleghata",false,4.4,4.4,12:00 AM,12,8,false,false,CleanOperational
2026-09-08,Tue,MC-17,Orange,"Hemanta Mukhopadhyay","Beleghata",false,4.4,4.4,10:00 AM,12,15,false,false,CleanOperational
2026-09-08,Tue,MC-17,Orange,"Hemanta Mukhopadhyay","Beleghata",false,4.4,4.4,1:00 PM,12,13,false,false,CleanOperational
2026-09-08,Tue,MC-17,Orange,"Hemanta Mukhopadhyay","Beleghata",false,4.4,4.4,7:00 PM,17,18,false,false,CleanOperational
2026-09-08,Tue,MC-18,Orange,"Kavi Subhash","Science City",false,8.9,8.8,12:00 AM,23,18,false,false,CleanOperational
2026-09-08,Tue,MC-18,Orange,"Kavi Subhash","Science City",false,8.9,8.8,10:00 AM,19,28,false,false,CleanOperational
2026-09-08,Tue,MC-18,Orange,"Kavi Subhash","Science City",false,8.9,8.8,1:00 PM,23,24,false,false,CleanOperational
2026-09-08,Tue,MC-18,Orange,"Kavi Subhash","Science City",false,8.9,8.8,7:00 PM,23,32,false,false,CleanOperational
2026-09-08,Tue,MC-19,Purple,"Joka","Majerhat",true,7.9,7.8,12:00 AM,17,17,false,false,CleanOperational
2026-09-08,Tue,MC-19,Purple,"Joka","Majerhat",true,7.9,7.8,10:00 AM,17,25,false,false,CleanOperational
2026-09-08,Tue,MC-19,Purple,"Joka","Majerhat",true,7.9,7.8,1:00 PM,17,23,false,false,CleanOperational
2026-09-08,Tue,MC-19,Purple,"Joka","Majerhat",true,7.9,7.8,7:00 PM,17,24,false,false,CleanOperational
2026-09-08,Tue,MC-20,Purple,"Behala Chowrasta","Majerhat",false,3.7,3.7,12:00 AM,9,8,false,false,CleanOperational
2026-09-08,Tue,MC-20,Purple,"Behala Chowrasta","Majerhat",false,3.7,3.7,10:00 AM,9,12,false,false,CleanOperational
2026-09-08,Tue,MC-20,Purple,"Behala Chowrasta","Majerhat",false,3.7,3.7,1:00 PM,51,11,true,false,WalkingFallback
2026-09-08,Tue,MC-20,Purple,"Behala Chowrasta","Majerhat",false,3.7,3.7,7:00 PM,9,11,false,false,CleanOperational
2026-09-08,Tue,MC-21,Purple,"Joka","Behala Chowrasta",false,4.2,4.1,12:00 AM,8,9,false,false,CleanOperational
2026-09-08,Tue,MC-21,Purple,"Joka","Behala Chowrasta",false,4.2,4.1,10:00 AM,8,13,false,false,CleanOperational
2026-09-08,Tue,MC-21,Purple,"Joka","Behala Chowrasta",false,4.2,4.1,1:00 PM,57,12,true,false,WalkingFallback
2026-09-08,Tue,MC-21,Purple,"Joka","Behala Chowrasta",false,4.2,4.1,7:00 PM,8,13,false,false,CleanOperational
2026-09-08,Tue,MC-22,Purple,"Joka","Taratala",false,6.6,6.5,12:00 AM,14,15,false,false,CleanOperational
2026-09-08,Tue,MC-22,Purple,"Joka","Taratala",false,6.6,6.5,10:00 AM,14,22,false,false,CleanOperational
2026-09-08,Tue,MC-22,Purple,"Joka","Taratala",false,6.6,6.5,1:00 PM,14,20,false,false,CleanOperational
2026-09-08,Tue,MC-22,Purple,"Joka","Taratala",false,6.6,6.5,7:00 PM,14,21,false,false,CleanOperational
2026-09-08,Tue,MC-23,Purple,"Behala Chowrasta","Taratala",false,2.4,2.4,12:00 AM,6,6,false,false,CleanOperational
2026-09-08,Tue,MC-23,Purple,"Behala Chowrasta","Taratala",false,2.4,2.4,10:00 AM,6,8,false,false,CleanOperational
2026-09-08,Tue,MC-23,Purple,"Behala Chowrasta","Taratala",false,2.4,2.4,1:00 PM,33,9,true,false,WalkingFallback
2026-09-08,Tue,MC-23,Purple,"Behala Chowrasta","Taratala",false,2.4,2.4,7:00 PM,6,9,false,false,CleanOperational
2026-09-08,Tue,MC-24,Purple,"Taratala","Majerhat",false,1.3,1.3,12:00 AM,3,3,false,false,CleanOperational
2026-09-08,Tue,MC-24,Purple,"Taratala","Majerhat",false,1.3,1.3,10:00 AM,3,3,false,false,CleanOperational
2026-09-08,Tue,MC-24,Purple,"Taratala","Majerhat",false,1.3,1.3,1:00 PM,18,3,true,false,WalkingFallback
2026-09-08,Tue,MC-24,Purple,"Taratala","Majerhat",false,1.3,1.3,7:00 PM,3,3,false,false,CleanOperational
2026-09-09,Wed,MC-01,Blue,"Dakshineswar","Esplanade",true,15,12.4,12:00 AM,28,31,false,false,CleanOperational
2026-09-09,Wed,MC-01,Blue,"Dakshineswar","Esplanade",true,15,12.4,10:00 AM,28,49,false,false,CleanOperational
2026-09-09,Wed,MC-01,Blue,"Dakshineswar","Esplanade",true,15,12.4,1:00 PM,31,56,false,false,CleanOperational
2026-09-09,Wed,MC-01,Blue,"Dakshineswar","Esplanade",true,15,12.4,7:00 PM,28,49,false,false,CleanOperational
2026-09-09,Wed,MC-02,Blue,"Shahid Khudiram","Esplanade",true,14.9,16.5,12:00 AM,28,31,false,false,CleanOperational
2026-09-09,Wed,MC-02,Blue,"Shahid Khudiram","Esplanade",true,14.9,16.5,10:00 AM,28,54,false,false,CleanOperational
2026-09-09,Wed,MC-02,Blue,"Shahid Khudiram","Esplanade",true,14.9,16.5,1:00 PM,30,49,false,false,CleanOperational
2026-09-09,Wed,MC-02,Blue,"Shahid Khudiram","Esplanade",true,14.9,16.5,7:00 PM,29,63,false,false,CleanOperational
2026-09-09,Wed,MC-03,Blue,"Shyambazar","Dum Dum",false,3.8,3.5,12:00 AM,7,11,false,false,CleanOperational
2026-09-09,Wed,MC-03,Blue,"Shyambazar","Dum Dum",false,3.8,3.5,10:00 AM,7,16,false,false,CleanOperational
2026-09-09,Wed,MC-03,Blue,"Shyambazar","Dum Dum",false,3.8,3.5,1:00 PM,53,20,true,false,WalkingFallback
2026-09-09,Wed,MC-03,Blue,"Shyambazar","Dum Dum",false,3.8,3.5,7:00 PM,8,19,false,false,CleanOperational
2026-09-09,Wed,MC-04,Blue,"Shyambazar","Esplanade",false,5.1,5.2,12:00 AM,11,16,false,false,CleanOperational
2026-09-09,Wed,MC-04,Blue,"Shyambazar","Esplanade",false,5.1,5.2,10:00 AM,11,22,false,false,CleanOperational
2026-09-09,Wed,MC-04,Blue,"Shyambazar","Esplanade",false,5.1,5.2,1:00 PM,11,31,false,false,CleanOperational
2026-09-09,Wed,MC-04,Blue,"Shyambazar","Esplanade",false,5.1,5.2,7:00 PM,11,28,false,false,CleanOperational
2026-09-09,Wed,MC-05,Blue,"Kalighat","Esplanade",false,5.2,5.1,12:00 AM,11,11,false,false,CleanOperational
2026-09-09,Wed,MC-05,Blue,"Kalighat","Esplanade",false,5.2,5.1,10:00 AM,11,18,false,false,CleanOperational
2026-09-09,Wed,MC-05,Blue,"Kalighat","Esplanade",false,5.2,5.1,1:00 PM,11,27,false,false,CleanOperational
2026-09-09,Wed,MC-05,Blue,"Kalighat","Esplanade",false,5.2,5.1,7:00 PM,11,23,false,false,CleanOperational
2026-09-09,Wed,MC-06,Blue,"Dakshineswar","Dum Dum",false,6.2,7,12:00 AM,12,18,false,false,CleanOperational
2026-09-09,Wed,MC-06,Blue,"Dakshineswar","Dum Dum",false,6.2,7,10:00 AM,12,31,false,false,CleanOperational
2026-09-09,Wed,MC-06,Blue,"Dakshineswar","Dum Dum",false,6.2,7,1:00 PM,15,28,false,false,CleanOperational
2026-09-09,Wed,MC-06,Blue,"Dakshineswar","Dum Dum",false,6.2,7,7:00 PM,12,28,false,false,CleanOperational
2026-09-09,Wed,MC-07,Blue,"Esplanade","Mahanayak Uttam Kumar (Tollygunge)",false,7.8,8.3,12:00 AM,17,18,false,false,CleanOperational
2026-09-09,Wed,MC-07,Blue,"Esplanade","Mahanayak Uttam Kumar (Tollygunge)",false,7.8,8.3,10:00 AM,17,31,false,false,CleanOperational
2026-09-09,Wed,MC-07,Blue,"Esplanade","Mahanayak Uttam Kumar (Tollygunge)",false,7.8,8.3,1:00 PM,23,31,false,false,CleanOperational
2026-09-09,Wed,MC-07,Blue,"Esplanade","Mahanayak Uttam Kumar (Tollygunge)",false,7.8,8.3,7:00 PM,18,40,false,false,CleanOperational
2026-09-09,Wed,MC-08,Blue,"Mahanayak Uttam Kumar (Tollygunge)","Kavi Subhash",false,7.1,6.4,12:00 AM,15,15,false,false,CleanOperational
2026-09-09,Wed,MC-08,Blue,"Mahanayak Uttam Kumar (Tollygunge)","Kavi Subhash",false,7.1,6.4,10:00 AM,15,26,false,false,CleanOperational
2026-09-09,Wed,MC-08,Blue,"Mahanayak Uttam Kumar (Tollygunge)","Kavi Subhash",false,7.1,6.4,1:00 PM,17,29,false,false,CleanOperational
2026-09-09,Wed,MC-08,Blue,"Mahanayak Uttam Kumar (Tollygunge)","Kavi Subhash",false,7.1,6.4,7:00 PM,15,33,false,false,CleanOperational
2026-09-09,Wed,MC-09,Blue,"Dum Dum","Esplanade",false,8.8,8.8,12:00 AM,16,25,false,false,CleanOperational
2026-09-09,Wed,MC-09,Blue,"Dum Dum","Esplanade",false,8.8,8.8,10:00 AM,16,39,false,false,CleanOperational
2026-09-09,Wed,MC-09,Blue,"Dum Dum","Esplanade",false,8.8,8.8,1:00 PM,16,49,false,false,CleanOperational
2026-09-09,Wed,MC-09,Blue,"Dum Dum","Esplanade",false,8.8,8.8,7:00 PM,16,46,false,false,CleanOperational
2026-09-09,Wed,MC-10,Green,"Howrah","Salt Lake Sector V",true,14.2,12.4,12:00 AM,30,29,false,false,CleanOperational
2026-09-09,Wed,MC-10,Green,"Howrah","Salt Lake Sector V",true,14.2,12.4,10:00 AM,30,48,false,false,CleanOperational
2026-09-09,Wed,MC-10,Green,"Howrah","Salt Lake Sector V",true,14.2,12.4,1:00 PM,30,51,false,false,CleanOperational
2026-09-09,Wed,MC-10,Green,"Howrah","Salt Lake Sector V",true,14.2,12.4,7:00 PM,30,65,false,false,CleanOperational
2026-09-09,Wed,MC-11,Green,"Sealdah","Salt Lake Sector V",false,8.6,8,12:00 AM,21,18,false,false,CleanOperational
2026-09-09,Wed,MC-11,Green,"Sealdah","Salt Lake Sector V",false,8.6,8,10:00 AM,21,33,false,false,CleanOperational
2026-09-09,Wed,MC-11,Green,"Sealdah","Salt Lake Sector V",false,8.6,8,1:00 PM,21,25,false,false,CleanOperational
2026-09-09,Wed,MC-11,Green,"Sealdah","Salt Lake Sector V",false,8.6,8,7:00 PM,21,30,false,false,CleanOperational
2026-09-09,Wed,MC-12,Green,"Howrah","Sealdah",false,5.6,6.8,12:00 AM,11,16,false,false,CleanOperational
2026-09-09,Wed,MC-12,Green,"Howrah","Sealdah",false,5.6,6.8,10:00 AM,11,29,false,false,CleanOperational
2026-09-09,Wed,MC-12,Green,"Howrah","Sealdah",false,5.6,6.8,1:00 PM,11,36,false,false,CleanOperational
2026-09-09,Wed,MC-12,Green,"Howrah","Sealdah",false,5.6,6.8,7:00 PM,11,39,false,false,CleanOperational
2026-09-09,Wed,MC-13,Green,"Phoolbagan","Salt Lake Sector V",false,6.6,4.9,12:00 AM,18,14,false,false,CleanOperational
2026-09-09,Wed,MC-13,Green,"Phoolbagan","Salt Lake Sector V",false,6.6,4.9,10:00 AM,18,24,false,false,CleanOperational
2026-09-09,Wed,MC-13,Green,"Phoolbagan","Salt Lake Sector V",false,6.6,4.9,1:00 PM,18,20,false,false,CleanOperational
2026-09-09,Wed,MC-13,Green,"Phoolbagan","Salt Lake Sector V",false,6.6,4.9,7:00 PM,18,24,false,false,CleanOperational
2026-09-09,Wed,MC-14,Green,"Howrah","Phoolbagan",false,7.7,7.6,12:00 AM,12,17,false,false,CleanOperational
2026-09-09,Wed,MC-14,Green,"Howrah","Phoolbagan",false,7.7,7.6,10:00 AM,12,29,false,false,CleanOperational
2026-09-09,Wed,MC-14,Green,"Howrah","Phoolbagan",false,7.7,7.6,1:00 PM,12,39,false,false,CleanOperational
2026-09-09,Wed,MC-14,Green,"Howrah","Phoolbagan",false,7.7,7.6,7:00 PM,12,44,false,false,CleanOperational
2026-09-09,Wed,MC-15,Green,"Esplanade","Salt Lake Sector V",false,11.3,13.3,12:00 AM,25,22,false,false,CleanOperational
2026-09-09,Wed,MC-15,Green,"Esplanade","Salt Lake Sector V",false,11.3,13.3,10:00 AM,25,39,false,false,CleanOperational
2026-09-09,Wed,MC-15,Green,"Esplanade","Salt Lake Sector V",false,11.3,13.3,1:00 PM,25,32,false,false,CleanOperational
2026-09-09,Wed,MC-15,Green,"Esplanade","Salt Lake Sector V",false,11.3,13.3,7:00 PM,25,44,false,false,CleanOperational
2026-09-09,Wed,MC-16,Orange,"Kavi Subhash","Beleghata",true,9.8,9.8,12:00 AM,28,19,false,false,CleanOperational
2026-09-09,Wed,MC-16,Orange,"Kavi Subhash","Beleghata",true,9.8,9.8,10:00 AM,23,31,false,false,CleanOperational
2026-09-09,Wed,MC-16,Orange,"Kavi Subhash","Beleghata",true,9.8,9.8,1:00 PM,28,24,false,false,CleanOperational
2026-09-09,Wed,MC-16,Orange,"Kavi Subhash","Beleghata",true,9.8,9.8,7:00 PM,28,32,false,false,CleanOperational
2026-09-09,Wed,MC-17,Orange,"Hemanta Mukhopadhyay","Beleghata",false,4.4,4.4,12:00 AM,12,8,false,false,CleanOperational
2026-09-09,Wed,MC-17,Orange,"Hemanta Mukhopadhyay","Beleghata",false,4.4,4.4,10:00 AM,12,18,false,false,CleanOperational
2026-09-09,Wed,MC-17,Orange,"Hemanta Mukhopadhyay","Beleghata",false,4.4,4.4,1:00 PM,12,11,false,false,CleanOperational
2026-09-09,Wed,MC-17,Orange,"Hemanta Mukhopadhyay","Beleghata",false,4.4,4.4,7:00 PM,17,13,false,false,CleanOperational
2026-09-09,Wed,MC-18,Orange,"Kavi Subhash","Science City",false,8.9,8.8,12:00 AM,19,18,false,false,CleanOperational
2026-09-09,Wed,MC-18,Orange,"Kavi Subhash","Science City",false,8.9,8.8,10:00 AM,19,28,false,false,CleanOperational
2026-09-09,Wed,MC-18,Orange,"Kavi Subhash","Science City",false,8.9,8.8,1:00 PM,23,24,false,false,CleanOperational
2026-09-09,Wed,MC-18,Orange,"Kavi Subhash","Science City",false,8.9,8.8,7:00 PM,23,30,false,false,CleanOperational
2026-09-09,Wed,MC-19,Purple,"Joka","Majerhat",true,7.9,7.8,12:00 AM,17,18,false,false,CleanOperational
2026-09-09,Wed,MC-19,Purple,"Joka","Majerhat",true,7.9,7.8,10:00 AM,17,24,false,false,CleanOperational
2026-09-09,Wed,MC-19,Purple,"Joka","Majerhat",true,7.9,7.8,1:00 PM,17,23,false,false,CleanOperational
2026-09-09,Wed,MC-19,Purple,"Joka","Majerhat",true,7.9,7.8,7:00 PM,17,24,false,false,CleanOperational
2026-09-09,Wed,MC-20,Purple,"Behala Chowrasta","Majerhat",false,3.7,3.7,12:00 AM,9,10,false,false,CleanOperational
2026-09-09,Wed,MC-20,Purple,"Behala Chowrasta","Majerhat",false,3.7,3.7,10:00 AM,9,12,false,false,CleanOperational
2026-09-09,Wed,MC-20,Purple,"Behala Chowrasta","Majerhat",false,3.7,3.7,1:00 PM,51,12,true,false,WalkingFallback
2026-09-09,Wed,MC-20,Purple,"Behala Chowrasta","Majerhat",false,3.7,3.7,7:00 PM,9,11,false,false,CleanOperational
2026-09-09,Wed,MC-21,Purple,"Joka","Behala Chowrasta",false,4.2,4.1,12:00 AM,8,9,false,false,CleanOperational
2026-09-09,Wed,MC-21,Purple,"Joka","Behala Chowrasta",false,4.2,4.1,10:00 AM,8,12,false,false,CleanOperational
2026-09-09,Wed,MC-21,Purple,"Joka","Behala Chowrasta",false,4.2,4.1,1:00 PM,57,11,true,false,WalkingFallback
2026-09-09,Wed,MC-21,Purple,"Joka","Behala Chowrasta",false,4.2,4.1,7:00 PM,8,13,false,false,CleanOperational
2026-09-09,Wed,MC-22,Purple,"Joka","Taratala",false,6.6,6.5,12:00 AM,14,15,false,false,CleanOperational
2026-09-09,Wed,MC-22,Purple,"Joka","Taratala",false,6.6,6.5,10:00 AM,14,21,false,false,CleanOperational
2026-09-09,Wed,MC-22,Purple,"Joka","Taratala",false,6.6,6.5,1:00 PM,14,21,false,false,CleanOperational
2026-09-09,Wed,MC-22,Purple,"Joka","Taratala",false,6.6,6.5,7:00 PM,14,21,false,false,CleanOperational
2026-09-09,Wed,MC-23,Purple,"Behala Chowrasta","Taratala",false,2.4,2.4,12:00 AM,33,6,true,false,WalkingFallback
2026-09-09,Wed,MC-23,Purple,"Behala Chowrasta","Taratala",false,2.4,2.4,10:00 AM,6,8,false,false,CleanOperational
2026-09-09,Wed,MC-23,Purple,"Behala Chowrasta","Taratala",false,2.4,2.4,1:00 PM,33,9,true,false,WalkingFallback
2026-09-09,Wed,MC-23,Purple,"Behala Chowrasta","Taratala",false,2.4,2.4,7:00 PM,6,9,false,false,CleanOperational
2026-09-09,Wed,MC-24,Purple,"Taratala","Majerhat",false,1.3,1.3,12:00 AM,3,4,false,false,CleanOperational
2026-09-09,Wed,MC-24,Purple,"Taratala","Majerhat",false,1.3,1.3,10:00 AM,3,3,false,false,CleanOperational
2026-09-09,Wed,MC-24,Purple,"Taratala","Majerhat",false,1.3,1.3,1:00 PM,18,3,true,false,WalkingFallback
2026-09-09,Wed,MC-24,Purple,"Taratala","Majerhat",false,1.3,1.3,7:00 PM,3,3,false,false,CleanOperational
2026-09-10,Thu,MC-01,Blue,"Dakshineswar","Esplanade",true,15,12.4,12:00 AM,31,31,false,false,CleanOperational
2026-09-10,Thu,MC-01,Blue,"Dakshineswar","Esplanade",true,15,12.4,10:00 AM,28,47,false,false,CleanOperational
2026-09-10,Thu,MC-01,Blue,"Dakshineswar","Esplanade",true,15,12.4,1:00 PM,31,55,false,false,CleanOperational
2026-09-10,Thu,MC-01,Blue,"Dakshineswar","Esplanade",true,15,12.4,7:00 PM,28,48,false,false,CleanOperational
2026-09-10,Thu,MC-02,Blue,"Shahid Khudiram","Esplanade",true,14.9,16.5,12:00 AM,30,31,false,false,CleanOperational
2026-09-10,Thu,MC-02,Blue,"Shahid Khudiram","Esplanade",true,14.9,16.5,10:00 AM,28,50,false,false,CleanOperational
2026-09-10,Thu,MC-02,Blue,"Shahid Khudiram","Esplanade",true,14.9,16.5,1:00 PM,30,48,false,false,CleanOperational
2026-09-10,Thu,MC-02,Blue,"Shahid Khudiram","Esplanade",true,14.9,16.5,7:00 PM,29,52,false,false,CleanOperational
2026-09-10,Thu,MC-03,Blue,"Shyambazar","Dum Dum",false,3.8,3.5,12:00 AM,7,12,false,false,CleanOperational
2026-09-10,Thu,MC-03,Blue,"Shyambazar","Dum Dum",false,3.8,3.5,10:00 AM,7,16,false,false,CleanOperational
2026-09-10,Thu,MC-03,Blue,"Shyambazar","Dum Dum",false,3.8,3.5,1:00 PM,53,17,true,false,WalkingFallback
2026-09-10,Thu,MC-03,Blue,"Shyambazar","Dum Dum",false,3.8,3.5,7:00 PM,8,19,false,false,CleanOperational
2026-09-10,Thu,MC-04,Blue,"Shyambazar","Esplanade",false,5.1,5.2,12:00 AM,11,16,false,false,CleanOperational
2026-09-10,Thu,MC-04,Blue,"Shyambazar","Esplanade",false,5.1,5.2,10:00 AM,11,21,false,false,CleanOperational
2026-09-10,Thu,MC-04,Blue,"Shyambazar","Esplanade",false,5.1,5.2,1:00 PM,11,28,false,false,CleanOperational
2026-09-10,Thu,MC-04,Blue,"Shyambazar","Esplanade",false,5.1,5.2,7:00 PM,11,25,false,false,CleanOperational
2026-09-10,Thu,MC-05,Blue,"Kalighat","Esplanade",false,5.2,5.1,12:00 AM,11,12,false,false,CleanOperational
2026-09-10,Thu,MC-05,Blue,"Kalighat","Esplanade",false,5.2,5.1,10:00 AM,11,18,false,false,CleanOperational
2026-09-10,Thu,MC-05,Blue,"Kalighat","Esplanade",false,5.2,5.1,1:00 PM,11,24,false,false,CleanOperational
2026-09-10,Thu,MC-05,Blue,"Kalighat","Esplanade",false,5.2,5.1,7:00 PM,11,23,false,false,CleanOperational
2026-09-10,Thu,MC-06,Blue,"Dakshineswar","Dum Dum",false,6.2,7,12:00 AM,12,17,false,false,CleanOperational
2026-09-10,Thu,MC-06,Blue,"Dakshineswar","Dum Dum",false,6.2,7,10:00 AM,12,28,false,false,CleanOperational
2026-09-10,Thu,MC-06,Blue,"Dakshineswar","Dum Dum",false,6.2,7,1:00 PM,15,28,false,false,CleanOperational
2026-09-10,Thu,MC-06,Blue,"Dakshineswar","Dum Dum",false,6.2,7,7:00 PM,12,27,false,false,CleanOperational
2026-09-10,Thu,MC-07,Blue,"Esplanade","Mahanayak Uttam Kumar (Tollygunge)",false,7.8,8.3,12:00 AM,17,18,false,false,CleanOperational
2026-09-10,Thu,MC-07,Blue,"Esplanade","Mahanayak Uttam Kumar (Tollygunge)",false,7.8,8.3,10:00 AM,17,30,false,false,CleanOperational
2026-09-10,Thu,MC-07,Blue,"Esplanade","Mahanayak Uttam Kumar (Tollygunge)",false,7.8,8.3,1:00 PM,23,30,false,false,CleanOperational
2026-09-10,Thu,MC-07,Blue,"Esplanade","Mahanayak Uttam Kumar (Tollygunge)",false,7.8,8.3,7:00 PM,18,36,false,false,CleanOperational
2026-09-10,Thu,MC-08,Blue,"Mahanayak Uttam Kumar (Tollygunge)","Kavi Subhash",false,7.1,6.4,12:00 AM,15,15,false,false,CleanOperational
2026-09-10,Thu,MC-08,Blue,"Mahanayak Uttam Kumar (Tollygunge)","Kavi Subhash",false,7.1,6.4,10:00 AM,15,26,false,false,CleanOperational
2026-09-10,Thu,MC-08,Blue,"Mahanayak Uttam Kumar (Tollygunge)","Kavi Subhash",false,7.1,6.4,1:00 PM,17,27,false,false,CleanOperational
2026-09-10,Thu,MC-08,Blue,"Mahanayak Uttam Kumar (Tollygunge)","Kavi Subhash",false,7.1,6.4,7:00 PM,15,32,false,false,CleanOperational
2026-09-10,Thu,MC-09,Blue,"Dum Dum","Esplanade",false,8.8,8.8,12:00 AM,16,27,false,false,CleanOperational
2026-09-10,Thu,MC-09,Blue,"Dum Dum","Esplanade",false,8.8,8.8,10:00 AM,16,37,false,false,CleanOperational
2026-09-10,Thu,MC-09,Blue,"Dum Dum","Esplanade",false,8.8,8.8,1:00 PM,16,46,false,false,CleanOperational
2026-09-10,Thu,MC-09,Blue,"Dum Dum","Esplanade",false,8.8,8.8,7:00 PM,16,46,false,false,CleanOperational
2026-09-10,Thu,MC-10,Green,"Howrah","Salt Lake Sector V",true,14.2,12.4,12:00 AM,30,29,false,false,CleanOperational
2026-09-10,Thu,MC-10,Green,"Howrah","Salt Lake Sector V",true,14.2,12.4,10:00 AM,30,50,false,false,CleanOperational
2026-09-10,Thu,MC-10,Green,"Howrah","Salt Lake Sector V",true,14.2,12.4,1:00 PM,30,49,false,false,CleanOperational
2026-09-10,Thu,MC-10,Green,"Howrah","Salt Lake Sector V",true,14.2,12.4,7:00 PM,30,62,false,false,CleanOperational
2026-09-10,Thu,MC-11,Green,"Sealdah","Salt Lake Sector V",false,8.6,8,12:00 AM,21,18,false,false,CleanOperational
2026-09-10,Thu,MC-11,Green,"Sealdah","Salt Lake Sector V",false,8.6,8,10:00 AM,21,31,false,false,CleanOperational
2026-09-10,Thu,MC-11,Green,"Sealdah","Salt Lake Sector V",false,8.6,8,1:00 PM,21,27,false,false,CleanOperational
2026-09-10,Thu,MC-11,Green,"Sealdah","Salt Lake Sector V",false,8.6,8,7:00 PM,21,32,false,false,CleanOperational
2026-09-10,Thu,MC-12,Green,"Howrah","Sealdah",false,5.6,6.8,12:00 AM,11,16,false,false,CleanOperational
2026-09-10,Thu,MC-12,Green,"Howrah","Sealdah",false,5.6,6.8,10:00 AM,11,28,false,false,CleanOperational
2026-09-10,Thu,MC-12,Green,"Howrah","Sealdah",false,5.6,6.8,1:00 PM,11,33,false,false,CleanOperational
2026-09-10,Thu,MC-12,Green,"Howrah","Sealdah",false,5.6,6.8,7:00 PM,11,38,false,false,CleanOperational
2026-09-10,Thu,MC-13,Green,"Phoolbagan","Salt Lake Sector V",false,6.6,4.9,12:00 AM,18,14,false,false,CleanOperational
2026-09-10,Thu,MC-13,Green,"Phoolbagan","Salt Lake Sector V",false,6.6,4.9,10:00 AM,18,22,false,false,CleanOperational
2026-09-10,Thu,MC-13,Green,"Phoolbagan","Salt Lake Sector V",false,6.6,4.9,1:00 PM,18,21,false,false,CleanOperational
2026-09-10,Thu,MC-13,Green,"Phoolbagan","Salt Lake Sector V",false,6.6,4.9,7:00 PM,18,26,false,false,CleanOperational
2026-09-10,Thu,MC-14,Green,"Howrah","Phoolbagan",false,7.7,7.6,12:00 AM,12,17,false,false,CleanOperational
2026-09-10,Thu,MC-14,Green,"Howrah","Phoolbagan",false,7.7,7.6,10:00 AM,12,29,false,false,CleanOperational
2026-09-10,Thu,MC-14,Green,"Howrah","Phoolbagan",false,7.7,7.6,1:00 PM,12,32,false,false,CleanOperational
2026-09-10,Thu,MC-14,Green,"Howrah","Phoolbagan",false,7.7,7.6,7:00 PM,12,42,false,false,CleanOperational
2026-09-10,Thu,MC-15,Green,"Esplanade","Salt Lake Sector V",false,11.3,13.3,12:00 AM,25,23,false,false,CleanOperational
2026-09-10,Thu,MC-15,Green,"Esplanade","Salt Lake Sector V",false,11.3,13.3,10:00 AM,25,39,false,false,CleanOperational
2026-09-10,Thu,MC-15,Green,"Esplanade","Salt Lake Sector V",false,11.3,13.3,1:00 PM,25,32,false,false,CleanOperational
2026-09-10,Thu,MC-15,Green,"Esplanade","Salt Lake Sector V",false,11.3,13.3,7:00 PM,25,41,false,false,CleanOperational
2026-09-10,Thu,MC-16,Orange,"Kavi Subhash","Beleghata",true,9.8,9.8,12:00 AM,23,19,false,false,CleanOperational
2026-09-10,Thu,MC-16,Orange,"Kavi Subhash","Beleghata",true,9.8,9.8,10:00 AM,23,27,false,false,CleanOperational
2026-09-10,Thu,MC-16,Orange,"Kavi Subhash","Beleghata",true,9.8,9.8,1:00 PM,28,24,false,false,CleanOperational
2026-09-10,Thu,MC-16,Orange,"Kavi Subhash","Beleghata",true,9.8,9.8,7:00 PM,28,29,false,false,CleanOperational
2026-09-10,Thu,MC-17,Orange,"Hemanta Mukhopadhyay","Beleghata",false,4.4,4.4,12:00 AM,12,8,false,false,CleanOperational
2026-09-10,Thu,MC-17,Orange,"Hemanta Mukhopadhyay","Beleghata",false,4.4,4.4,10:00 AM,12,13,false,false,CleanOperational
2026-09-10,Thu,MC-17,Orange,"Hemanta Mukhopadhyay","Beleghata",false,4.4,4.4,1:00 PM,12,10,false,false,CleanOperational
2026-09-10,Thu,MC-17,Orange,"Hemanta Mukhopadhyay","Beleghata",false,4.4,4.4,7:00 PM,17,13,false,false,CleanOperational
2026-09-10,Thu,MC-18,Orange,"Kavi Subhash","Science City",false,8.9,8.8,12:00 AM,23,18,false,false,CleanOperational
2026-09-10,Thu,MC-18,Orange,"Kavi Subhash","Science City",false,8.9,8.8,10:00 AM,19,24,false,false,CleanOperational
2026-09-10,Thu,MC-18,Orange,"Kavi Subhash","Science City",false,8.9,8.8,1:00 PM,23,22,false,false,CleanOperational
2026-09-10,Thu,MC-18,Orange,"Kavi Subhash","Science City",false,8.9,8.8,7:00 PM,23,26,false,false,CleanOperational
2026-09-10,Thu,MC-19,Purple,"Joka","Majerhat",true,7.9,7.8,12:00 AM,17,18,false,false,CleanOperational
2026-09-10,Thu,MC-19,Purple,"Joka","Majerhat",true,7.9,7.8,10:00 AM,17,24,false,false,CleanOperational
2026-09-10,Thu,MC-19,Purple,"Joka","Majerhat",true,7.9,7.8,1:00 PM,17,23,false,false,CleanOperational
2026-09-10,Thu,MC-19,Purple,"Joka","Majerhat",true,7.9,7.8,7:00 PM,17,24,false,false,CleanOperational
2026-09-10,Thu,MC-20,Purple,"Behala Chowrasta","Majerhat",false,3.7,3.7,12:00 AM,9,9,false,false,CleanOperational
2026-09-10,Thu,MC-20,Purple,"Behala Chowrasta","Majerhat",false,3.7,3.7,10:00 AM,9,11,false,false,CleanOperational
2026-09-10,Thu,MC-20,Purple,"Behala Chowrasta","Majerhat",false,3.7,3.7,1:00 PM,51,11,true,false,WalkingFallback
2026-09-10,Thu,MC-20,Purple,"Behala Chowrasta","Majerhat",false,3.7,3.7,7:00 PM,9,10,false,false,CleanOperational
2026-09-10,Thu,MC-21,Purple,"Joka","Behala Chowrasta",false,4.2,4.1,12:00 AM,8,9,false,false,CleanOperational
2026-09-10,Thu,MC-21,Purple,"Joka","Behala Chowrasta",false,4.2,4.1,10:00 AM,8,13,false,false,CleanOperational
2026-09-10,Thu,MC-21,Purple,"Joka","Behala Chowrasta",false,4.2,4.1,1:00 PM,57,11,true,false,WalkingFallback
2026-09-10,Thu,MC-21,Purple,"Joka","Behala Chowrasta",false,4.2,4.1,7:00 PM,8,13,false,false,CleanOperational
2026-09-10,Thu,MC-22,Purple,"Joka","Taratala",false,6.6,6.5,12:00 AM,14,15,false,false,CleanOperational
2026-09-10,Thu,MC-22,Purple,"Joka","Taratala",false,6.6,6.5,10:00 AM,14,21,false,false,CleanOperational
2026-09-10,Thu,MC-22,Purple,"Joka","Taratala",false,6.6,6.5,1:00 PM,14,19,false,false,CleanOperational
2026-09-10,Thu,MC-22,Purple,"Joka","Taratala",false,6.6,6.5,7:00 PM,14,21,false,false,CleanOperational
2026-09-10,Thu,MC-23,Purple,"Behala Chowrasta","Taratala",false,2.4,2.4,12:00 AM,6,6,false,false,CleanOperational
2026-09-10,Thu,MC-23,Purple,"Behala Chowrasta","Taratala",false,2.4,2.4,10:00 AM,6,8,false,false,CleanOperational
2026-09-10,Thu,MC-23,Purple,"Behala Chowrasta","Taratala",false,2.4,2.4,1:00 PM,33,8,true,false,WalkingFallback
2026-09-10,Thu,MC-23,Purple,"Behala Chowrasta","Taratala",false,2.4,2.4,7:00 PM,6,7,false,false,CleanOperational
2026-09-10,Thu,MC-24,Purple,"Taratala","Majerhat",false,1.3,1.3,12:00 AM,3,3,false,false,CleanOperational
2026-09-10,Thu,MC-24,Purple,"Taratala","Majerhat",false,1.3,1.3,10:00 AM,3,3,false,false,CleanOperational
2026-09-10,Thu,MC-24,Purple,"Taratala","Majerhat",false,1.3,1.3,1:00 PM,18,3,true,false,WalkingFallback
2026-09-10,Thu,MC-24,Purple,"Taratala","Majerhat",false,1.3,1.3,7:00 PM,3,3,false,false,CleanOperational
2026-09-11,Fri,MC-01,Blue,"Dakshineswar","Esplanade",true,15,12.4,12:00 AM,28,30,false,false,CleanOperational
2026-09-11,Fri,MC-01,Blue,"Dakshineswar","Esplanade",true,15,12.4,10:00 AM,28,49,false,false,CleanOperational
2026-09-11,Fri,MC-01,Blue,"Dakshineswar","Esplanade",true,15,12.4,1:00 PM,31,52,false,false,CleanOperational
2026-09-11,Fri,MC-01,Blue,"Dakshineswar","Esplanade",true,15,12.4,7:00 PM,28,51,false,false,CleanOperational
2026-09-11,Fri,MC-02,Blue,"Shahid Khudiram","Esplanade",true,14.9,16.5,12:00 AM,28,31,false,false,CleanOperational
2026-09-11,Fri,MC-02,Blue,"Shahid Khudiram","Esplanade",true,14.9,16.5,10:00 AM,28,51,false,false,CleanOperational
2026-09-11,Fri,MC-02,Blue,"Shahid Khudiram","Esplanade",true,14.9,16.5,1:00 PM,30,51,false,false,CleanOperational
2026-09-11,Fri,MC-02,Blue,"Shahid Khudiram","Esplanade",true,14.9,16.5,7:00 PM,29,64,false,false,CleanOperational
2026-09-11,Fri,MC-03,Blue,"Shyambazar","Dum Dum",false,3.8,3.5,12:00 AM,7,11,false,false,CleanOperational
2026-09-11,Fri,MC-03,Blue,"Shyambazar","Dum Dum",false,3.8,3.5,10:00 AM,7,16,false,false,CleanOperational
2026-09-11,Fri,MC-03,Blue,"Shyambazar","Dum Dum",false,3.8,3.5,1:00 PM,53,17,true,false,WalkingFallback
2026-09-11,Fri,MC-03,Blue,"Shyambazar","Dum Dum",false,3.8,3.5,7:00 PM,8,18,false,false,CleanOperational
2026-09-11,Fri,MC-04,Blue,"Shyambazar","Esplanade",false,5.1,5.2,12:00 AM,11,15,false,false,CleanOperational
2026-09-11,Fri,MC-04,Blue,"Shyambazar","Esplanade",false,5.1,5.2,10:00 AM,11,23,false,false,CleanOperational
2026-09-11,Fri,MC-04,Blue,"Shyambazar","Esplanade",false,5.1,5.2,1:00 PM,11,30,false,false,CleanOperational
2026-09-11,Fri,MC-04,Blue,"Shyambazar","Esplanade",false,5.1,5.2,7:00 PM,11,33,false,false,CleanOperational
2026-09-11,Fri,MC-05,Blue,"Kalighat","Esplanade",false,5.2,5.1,12:00 AM,11,11,false,false,CleanOperational
2026-09-11,Fri,MC-05,Blue,"Kalighat","Esplanade",false,5.2,5.1,10:00 AM,11,17,false,false,CleanOperational
2026-09-11,Fri,MC-05,Blue,"Kalighat","Esplanade",false,5.2,5.1,1:00 PM,11,24,false,false,CleanOperational
2026-09-11,Fri,MC-05,Blue,"Kalighat","Esplanade",false,5.2,5.1,7:00 PM,11,23,false,false,CleanOperational
2026-09-11,Fri,MC-06,Blue,"Dakshineswar","Dum Dum",false,6.2,7,12:00 AM,12,17,false,false,CleanOperational
2026-09-11,Fri,MC-06,Blue,"Dakshineswar","Dum Dum",false,6.2,7,10:00 AM,12,30,false,false,CleanOperational
2026-09-11,Fri,MC-06,Blue,"Dakshineswar","Dum Dum",false,6.2,7,1:00 PM,15,28,false,false,CleanOperational
2026-09-11,Fri,MC-06,Blue,"Dakshineswar","Dum Dum",false,6.2,7,7:00 PM,12,31,false,false,CleanOperational
2026-09-11,Fri,MC-07,Blue,"Esplanade","Mahanayak Uttam Kumar (Tollygunge)",false,7.8,8.3,12:00 AM,17,18,false,false,CleanOperational
2026-09-11,Fri,MC-07,Blue,"Esplanade","Mahanayak Uttam Kumar (Tollygunge)",false,7.8,8.3,10:00 AM,17,30,false,false,CleanOperational
2026-09-11,Fri,MC-07,Blue,"Esplanade","Mahanayak Uttam Kumar (Tollygunge)",false,7.8,8.3,1:00 PM,23,31,false,false,CleanOperational
2026-09-11,Fri,MC-07,Blue,"Esplanade","Mahanayak Uttam Kumar (Tollygunge)",false,7.8,8.3,7:00 PM,18,38,false,false,CleanOperational
2026-09-11,Fri,MC-08,Blue,"Mahanayak Uttam Kumar (Tollygunge)","Kavi Subhash",false,7.1,6.4,12:00 AM,15,16,false,false,CleanOperational
2026-09-11,Fri,MC-08,Blue,"Mahanayak Uttam Kumar (Tollygunge)","Kavi Subhash",false,7.1,6.4,10:00 AM,15,25,false,false,CleanOperational
2026-09-11,Fri,MC-08,Blue,"Mahanayak Uttam Kumar (Tollygunge)","Kavi Subhash",false,7.1,6.4,1:00 PM,17,27,false,false,CleanOperational
2026-09-11,Fri,MC-08,Blue,"Mahanayak Uttam Kumar (Tollygunge)","Kavi Subhash",false,7.1,6.4,7:00 PM,15,33,false,false,CleanOperational
2026-09-11,Fri,MC-09,Blue,"Dum Dum","Esplanade",false,8.8,8.8,12:00 AM,16,26,false,false,CleanOperational
2026-09-11,Fri,MC-09,Blue,"Dum Dum","Esplanade",false,8.8,8.8,10:00 AM,16,39,false,false,CleanOperational
2026-09-11,Fri,MC-09,Blue,"Dum Dum","Esplanade",false,8.8,8.8,1:00 PM,16,47,false,false,CleanOperational
2026-09-11,Fri,MC-09,Blue,"Dum Dum","Esplanade",false,8.8,8.8,7:00 PM,16,47,false,false,CleanOperational
2026-09-11,Fri,MC-10,Green,"Howrah","Salt Lake Sector V",true,14.2,12.4,12:00 AM,30,29,false,false,CleanOperational
2026-09-11,Fri,MC-10,Green,"Howrah","Salt Lake Sector V",true,14.2,12.4,10:00 AM,30,50,false,false,CleanOperational
2026-09-11,Fri,MC-10,Green,"Howrah","Salt Lake Sector V",true,14.2,12.4,1:00 PM,30,51,false,false,CleanOperational
2026-09-11,Fri,MC-10,Green,"Howrah","Salt Lake Sector V",true,14.2,12.4,7:00 PM,30,64,false,false,CleanOperational
2026-09-11,Fri,MC-11,Green,"Sealdah","Salt Lake Sector V",false,8.6,8,12:00 AM,21,17,false,false,CleanOperational
2026-09-11,Fri,MC-11,Green,"Sealdah","Salt Lake Sector V",false,8.6,8,10:00 AM,21,32,false,false,CleanOperational
2026-09-11,Fri,MC-11,Green,"Sealdah","Salt Lake Sector V",false,8.6,8,1:00 PM,21,28,false,false,CleanOperational
2026-09-11,Fri,MC-11,Green,"Sealdah","Salt Lake Sector V",false,8.6,8,7:00 PM,21,31,false,false,CleanOperational
2026-09-11,Fri,MC-12,Green,"Howrah","Sealdah",false,5.6,6.8,12:00 AM,11,16,false,false,CleanOperational
2026-09-11,Fri,MC-12,Green,"Howrah","Sealdah",false,5.6,6.8,10:00 AM,11,28,false,false,CleanOperational
2026-09-11,Fri,MC-12,Green,"Howrah","Sealdah",false,5.6,6.8,1:00 PM,11,34,false,false,CleanOperational
2026-09-11,Fri,MC-12,Green,"Howrah","Sealdah",false,5.6,6.8,7:00 PM,11,48,false,false,CleanOperational
2026-09-11,Fri,MC-13,Green,"Phoolbagan","Salt Lake Sector V",false,6.6,4.9,12:00 AM,18,14,false,false,CleanOperational
2026-09-11,Fri,MC-13,Green,"Phoolbagan","Salt Lake Sector V",false,6.6,4.9,10:00 AM,18,24,false,false,CleanOperational
2026-09-11,Fri,MC-13,Green,"Phoolbagan","Salt Lake Sector V",false,6.6,4.9,1:00 PM,18,21,false,false,CleanOperational
2026-09-11,Fri,MC-13,Green,"Phoolbagan","Salt Lake Sector V",false,6.6,4.9,7:00 PM,18,26,false,false,CleanOperational
2026-09-11,Fri,MC-14,Green,"Howrah","Phoolbagan",false,7.7,7.6,12:00 AM,12,17,false,false,CleanOperational
2026-09-11,Fri,MC-14,Green,"Howrah","Phoolbagan",false,7.7,7.6,10:00 AM,12,30,false,false,CleanOperational
2026-09-11,Fri,MC-14,Green,"Howrah","Phoolbagan",false,7.7,7.6,1:00 PM,12,34,false,false,CleanOperational
2026-09-11,Fri,MC-14,Green,"Howrah","Phoolbagan",false,7.7,7.6,7:00 PM,12,52,false,false,CleanOperational
2026-09-11,Fri,MC-15,Green,"Esplanade","Salt Lake Sector V",false,11.3,13.3,12:00 AM,25,24,false,false,CleanOperational
2026-09-11,Fri,MC-15,Green,"Esplanade","Salt Lake Sector V",false,11.3,13.3,10:00 AM,25,40,false,false,CleanOperational
2026-09-11,Fri,MC-15,Green,"Esplanade","Salt Lake Sector V",false,11.3,13.3,1:00 PM,25,36,false,false,CleanOperational
2026-09-11,Fri,MC-15,Green,"Esplanade","Salt Lake Sector V",false,11.3,13.3,7:00 PM,25,40,false,false,CleanOperational
2026-09-11,Fri,MC-16,Orange,"Kavi Subhash","Beleghata",true,9.8,9.8,12:00 AM,28,19,false,false,CleanOperational
2026-09-11,Fri,MC-16,Orange,"Kavi Subhash","Beleghata",true,9.8,9.8,10:00 AM,23,30,false,false,CleanOperational
2026-09-11,Fri,MC-16,Orange,"Kavi Subhash","Beleghata",true,9.8,9.8,1:00 PM,28,25,false,false,CleanOperational
2026-09-11,Fri,MC-16,Orange,"Kavi Subhash","Beleghata",true,9.8,9.8,7:00 PM,28,34,false,false,CleanOperational
2026-09-11,Fri,MC-17,Orange,"Hemanta Mukhopadhyay","Beleghata",false,4.4,4.4,12:00 AM,12,8,false,false,CleanOperational
2026-09-11,Fri,MC-17,Orange,"Hemanta Mukhopadhyay","Beleghata",false,4.4,4.4,10:00 AM,12,14,false,false,CleanOperational
2026-09-11,Fri,MC-17,Orange,"Hemanta Mukhopadhyay","Beleghata",false,4.4,4.4,1:00 PM,12,11,false,false,CleanOperational
2026-09-11,Fri,MC-17,Orange,"Hemanta Mukhopadhyay","Beleghata",false,4.4,4.4,7:00 PM,17,13,false,false,CleanOperational
2026-09-11,Fri,MC-18,Orange,"Kavi Subhash","Science City",false,8.9,8.8,12:00 AM,19,18,false,false,CleanOperational
2026-09-11,Fri,MC-18,Orange,"Kavi Subhash","Science City",false,8.9,8.8,10:00 AM,19,26,false,false,CleanOperational
2026-09-11,Fri,MC-18,Orange,"Kavi Subhash","Science City",false,8.9,8.8,1:00 PM,23,24,false,false,CleanOperational
2026-09-11,Fri,MC-18,Orange,"Kavi Subhash","Science City",false,8.9,8.8,7:00 PM,23,31,false,false,CleanOperational
2026-09-11,Fri,MC-19,Purple,"Joka","Majerhat",true,7.9,7.8,12:00 AM,17,17,false,false,CleanOperational
2026-09-11,Fri,MC-19,Purple,"Joka","Majerhat",true,7.9,7.8,10:00 AM,17,24,false,false,CleanOperational
2026-09-11,Fri,MC-19,Purple,"Joka","Majerhat",true,7.9,7.8,1:00 PM,17,24,false,false,CleanOperational
2026-09-11,Fri,MC-19,Purple,"Joka","Majerhat",true,7.9,7.8,7:00 PM,17,28,false,false,CleanOperational
2026-09-11,Fri,MC-20,Purple,"Behala Chowrasta","Majerhat",false,3.7,3.7,12:00 AM,9,9,false,false,CleanOperational
2026-09-11,Fri,MC-20,Purple,"Behala Chowrasta","Majerhat",false,3.7,3.7,10:00 AM,9,12,false,false,CleanOperational
2026-09-11,Fri,MC-20,Purple,"Behala Chowrasta","Majerhat",false,3.7,3.7,1:00 PM,51,13,true,false,WalkingFallback
2026-09-11,Fri,MC-20,Purple,"Behala Chowrasta","Majerhat",false,3.7,3.7,7:00 PM,9,16,false,false,CleanOperational
2026-09-11,Fri,MC-21,Purple,"Joka","Behala Chowrasta",false,4.2,4.1,12:00 AM,8,8,false,false,CleanOperational
2026-09-11,Fri,MC-21,Purple,"Joka","Behala Chowrasta",false,4.2,4.1,10:00 AM,8,12,false,false,CleanOperational
2026-09-11,Fri,MC-21,Purple,"Joka","Behala Chowrasta",false,4.2,4.1,1:00 PM,57,12,true,false,WalkingFallback
2026-09-11,Fri,MC-21,Purple,"Joka","Behala Chowrasta",false,4.2,4.1,7:00 PM,8,12,false,false,CleanOperational
2026-09-11,Fri,MC-22,Purple,"Joka","Taratala",false,6.6,6.5,12:00 AM,14,14,false,false,CleanOperational
2026-09-11,Fri,MC-22,Purple,"Joka","Taratala",false,6.6,6.5,10:00 AM,14,21,false,false,CleanOperational
2026-09-11,Fri,MC-22,Purple,"Joka","Taratala",false,6.6,6.5,1:00 PM,14,22,false,false,CleanOperational
2026-09-11,Fri,MC-22,Purple,"Joka","Taratala",false,6.6,6.5,7:00 PM,14,21,false,false,CleanOperational
2026-09-11,Fri,MC-23,Purple,"Behala Chowrasta","Taratala",false,2.4,2.4,12:00 AM,33,6,true,false,WalkingFallback
2026-09-11,Fri,MC-23,Purple,"Behala Chowrasta","Taratala",false,2.4,2.4,10:00 AM,6,8,false,false,CleanOperational
2026-09-11,Fri,MC-23,Purple,"Behala Chowrasta","Taratala",false,2.4,2.4,1:00 PM,33,9,true,false,WalkingFallback
2026-09-11,Fri,MC-23,Purple,"Behala Chowrasta","Taratala",false,2.4,2.4,7:00 PM,6,9,false,false,CleanOperational
2026-09-11,Fri,MC-24,Purple,"Taratala","Majerhat",false,1.3,1.3,12:00 AM,3,3,false,false,CleanOperational
2026-09-11,Fri,MC-24,Purple,"Taratala","Majerhat",false,1.3,1.3,10:00 AM,3,4,false,false,CleanOperational
2026-09-11,Fri,MC-24,Purple,"Taratala","Majerhat",false,1.3,1.3,1:00 PM,18,4,true,false,WalkingFallback
2026-09-11,Fri,MC-24,Purple,"Taratala","Majerhat",false,1.3,1.3,7:00 PM,3,7,false,false,CleanOperational
2026-09-12,Sat,MC-01,Blue,"Dakshineswar","Esplanade",true,15,12.4,12:00 AM,28,32,false,false,CleanOperational
2026-09-12,Sat,MC-01,Blue,"Dakshineswar","Esplanade",true,15,12.4,10:00 AM,28,40,false,false,CleanOperational
2026-09-12,Sat,MC-01,Blue,"Dakshineswar","Esplanade",true,15,12.4,1:00 PM,31,54,false,false,CleanOperational
2026-09-12,Sat,MC-01,Blue,"Dakshineswar","Esplanade",true,15,12.4,7:00 PM,28,55,false,false,CleanOperational
2026-09-12,Sat,MC-02,Blue,"Shahid Khudiram","Esplanade",true,14.9,16.5,12:00 AM,28,32,false,false,CleanOperational
2026-09-12,Sat,MC-02,Blue,"Shahid Khudiram","Esplanade",true,14.9,16.5,10:00 AM,28,36,false,false,CleanOperational
2026-09-12,Sat,MC-02,Blue,"Shahid Khudiram","Esplanade",true,14.9,16.5,1:00 PM,30,44,false,false,CleanOperational
2026-09-12,Sat,MC-02,Blue,"Shahid Khudiram","Esplanade",true,14.9,16.5,7:00 PM,29,49,false,false,CleanOperational
2026-09-12,Sat,MC-03,Blue,"Shyambazar","Dum Dum",false,3.8,3.5,12:00 AM,7,11,false,false,CleanOperational
2026-09-12,Sat,MC-03,Blue,"Shyambazar","Dum Dum",false,3.8,3.5,10:00 AM,7,15,false,false,CleanOperational
2026-09-12,Sat,MC-03,Blue,"Shyambazar","Dum Dum",false,3.8,3.5,1:00 PM,53,18,true,false,WalkingFallback
2026-09-12,Sat,MC-03,Blue,"Shyambazar","Dum Dum",false,3.8,3.5,7:00 PM,8,19,false,false,CleanOperational
2026-09-12,Sat,MC-04,Blue,"Shyambazar","Esplanade",false,5.1,5.2,12:00 AM,11,16,false,false,CleanOperational
2026-09-12,Sat,MC-04,Blue,"Shyambazar","Esplanade",false,5.1,5.2,10:00 AM,11,19,false,false,CleanOperational
2026-09-12,Sat,MC-04,Blue,"Shyambazar","Esplanade",false,5.1,5.2,1:00 PM,11,28,false,false,CleanOperational
2026-09-12,Sat,MC-04,Blue,"Shyambazar","Esplanade",false,5.1,5.2,7:00 PM,11,35,false,false,CleanOperational
2026-09-12,Sat,MC-05,Blue,"Kalighat","Esplanade",false,5.2,5.1,12:00 AM,11,12,false,false,CleanOperational
2026-09-12,Sat,MC-05,Blue,"Kalighat","Esplanade",false,5.2,5.1,10:00 AM,11,15,false,false,CleanOperational
2026-09-12,Sat,MC-05,Blue,"Kalighat","Esplanade",false,5.2,5.1,1:00 PM,11,22,false,false,CleanOperational
2026-09-12,Sat,MC-05,Blue,"Kalighat","Esplanade",false,5.2,5.1,7:00 PM,11,23,false,false,CleanOperational
2026-09-12,Sat,MC-06,Blue,"Dakshineswar","Dum Dum",false,6.2,7,12:00 AM,12,18,false,false,CleanOperational
2026-09-12,Sat,MC-06,Blue,"Dakshineswar","Dum Dum",false,6.2,7,10:00 AM,12,26,false,false,CleanOperational
2026-09-12,Sat,MC-06,Blue,"Dakshineswar","Dum Dum",false,6.2,7,1:00 PM,18,29,true,false,WalkingFallback
2026-09-12,Sat,MC-06,Blue,"Dakshineswar","Dum Dum",false,6.2,7,7:00 PM,12,28,false,false,CleanOperational
2026-09-12,Sat,MC-07,Blue,"Esplanade","Mahanayak Uttam Kumar (Tollygunge)",false,7.8,8.3,12:00 AM,17,19,false,false,CleanOperational
2026-09-12,Sat,MC-07,Blue,"Esplanade","Mahanayak Uttam Kumar (Tollygunge)",false,7.8,8.3,10:00 AM,17,26,false,false,CleanOperational
2026-09-12,Sat,MC-07,Blue,"Esplanade","Mahanayak Uttam Kumar (Tollygunge)",false,7.8,8.3,1:00 PM,23,32,false,false,CleanOperational
2026-09-12,Sat,MC-07,Blue,"Esplanade","Mahanayak Uttam Kumar (Tollygunge)",false,7.8,8.3,7:00 PM,18,35,false,false,CleanOperational
2026-09-12,Sat,MC-08,Blue,"Mahanayak Uttam Kumar (Tollygunge)","Kavi Subhash",false,7.1,6.4,12:00 AM,15,15,false,false,CleanOperational
2026-09-12,Sat,MC-08,Blue,"Mahanayak Uttam Kumar (Tollygunge)","Kavi Subhash",false,7.1,6.4,10:00 AM,15,24,false,false,CleanOperational
2026-09-12,Sat,MC-08,Blue,"Mahanayak Uttam Kumar (Tollygunge)","Kavi Subhash",false,7.1,6.4,1:00 PM,17,28,false,false,CleanOperational
2026-09-12,Sat,MC-08,Blue,"Mahanayak Uttam Kumar (Tollygunge)","Kavi Subhash",false,7.1,6.4,7:00 PM,15,33,false,false,CleanOperational
2026-09-12,Sat,MC-09,Blue,"Dum Dum","Esplanade",false,8.8,8.8,12:00 AM,16,26,false,false,CleanOperational
2026-09-12,Sat,MC-09,Blue,"Dum Dum","Esplanade",false,8.8,8.8,10:00 AM,16,33,false,false,CleanOperational
2026-09-12,Sat,MC-09,Blue,"Dum Dum","Esplanade",false,8.8,8.8,1:00 PM,16,44,false,false,CleanOperational
2026-09-12,Sat,MC-09,Blue,"Dum Dum","Esplanade",false,8.8,8.8,7:00 PM,16,50,false,false,CleanOperational
2026-09-12,Sat,MC-10,Green,"Howrah","Salt Lake Sector V",true,14.2,12.4,12:00 AM,30,29,false,false,CleanOperational
2026-09-12,Sat,MC-10,Green,"Howrah","Salt Lake Sector V",true,14.2,12.4,10:00 AM,30,42,false,false,CleanOperational
2026-09-12,Sat,MC-10,Green,"Howrah","Salt Lake Sector V",true,14.2,12.4,1:00 PM,30,53,false,false,CleanOperational
2026-09-12,Sat,MC-10,Green,"Howrah","Salt Lake Sector V",true,14.2,12.4,7:00 PM,30,54,false,false,CleanOperational
2026-09-12,Sat,MC-11,Green,"Sealdah","Salt Lake Sector V",false,8.6,8,12:00 AM,21,18,false,false,CleanOperational
2026-09-12,Sat,MC-11,Green,"Sealdah","Salt Lake Sector V",false,8.6,8,10:00 AM,22,25,false,false,CleanOperational
2026-09-12,Sat,MC-11,Green,"Sealdah","Salt Lake Sector V",false,8.6,8,1:00 PM,22,26,false,false,CleanOperational
2026-09-12,Sat,MC-11,Green,"Sealdah","Salt Lake Sector V",false,8.6,8,7:00 PM,22,28,false,false,CleanOperational
2026-09-12,Sat,MC-12,Green,"Howrah","Sealdah",false,5.6,6.8,12:00 AM,11,16,false,false,CleanOperational
2026-09-12,Sat,MC-12,Green,"Howrah","Sealdah",false,5.6,6.8,10:00 AM,10,25,false,false,CleanOperational
2026-09-12,Sat,MC-12,Green,"Howrah","Sealdah",false,5.6,6.8,1:00 PM,10,39,false,false,CleanOperational
2026-09-12,Sat,MC-12,Green,"Howrah","Sealdah",false,5.6,6.8,7:00 PM,10,42,false,false,CleanOperational
2026-09-12,Sat,MC-13,Green,"Phoolbagan","Salt Lake Sector V",false,6.6,4.9,12:00 AM,18,14,false,false,CleanOperational
2026-09-12,Sat,MC-13,Green,"Phoolbagan","Salt Lake Sector V",false,6.6,4.9,10:00 AM,19,19,false,false,CleanOperational
2026-09-12,Sat,MC-13,Green,"Phoolbagan","Salt Lake Sector V",false,6.6,4.9,1:00 PM,19,20,false,false,CleanOperational
2026-09-12,Sat,MC-13,Green,"Phoolbagan","Salt Lake Sector V",false,6.6,4.9,7:00 PM,19,22,false,false,CleanOperational
2026-09-12,Sat,MC-14,Green,"Howrah","Phoolbagan",false,7.7,7.6,12:00 AM,12,17,false,false,CleanOperational
2026-09-12,Sat,MC-14,Green,"Howrah","Phoolbagan",false,7.7,7.6,10:00 AM,11,28,false,false,CleanOperational
2026-09-12,Sat,MC-14,Green,"Howrah","Phoolbagan",false,7.7,7.6,1:00 PM,11,40,false,false,CleanOperational
2026-09-12,Sat,MC-14,Green,"Howrah","Phoolbagan",false,7.7,7.6,7:00 PM,11,46,false,false,CleanOperational
2026-09-12,Sat,MC-15,Green,"Esplanade","Salt Lake Sector V",false,11.3,13.3,12:00 AM,25,24,false,false,CleanOperational
2026-09-12,Sat,MC-15,Green,"Esplanade","Salt Lake Sector V",false,11.3,13.3,10:00 AM,25,27,false,false,CleanOperational
2026-09-12,Sat,MC-15,Green,"Esplanade","Salt Lake Sector V",false,11.3,13.3,1:00 PM,25,31,false,false,CleanOperational
2026-09-12,Sat,MC-15,Green,"Esplanade","Salt Lake Sector V",false,11.3,13.3,7:00 PM,25,34,false,false,CleanOperational
2026-09-12,Sat,MC-16,Orange,"Kavi Subhash","Beleghata",true,9.8,9.8,12:00 AM,23,20,false,false,CleanOperational
2026-09-12,Sat,MC-16,Orange,"Kavi Subhash","Beleghata",true,9.8,9.8,10:00 AM,0,22,false,true,MissingMetro
2026-09-12,Sat,MC-16,Orange,"Kavi Subhash","Beleghata",true,9.8,9.8,1:00 PM,0,24,false,true,MissingMetro
2026-09-12,Sat,MC-16,Orange,"Kavi Subhash","Beleghata",true,9.8,9.8,7:00 PM,0,33,false,true,MissingMetro
2026-09-12,Sat,MC-17,Orange,"Hemanta Mukhopadhyay","Beleghata",false,4.4,4.4,12:00 AM,12,8,false,false,CleanOperational
2026-09-12,Sat,MC-17,Orange,"Hemanta Mukhopadhyay","Beleghata",false,4.4,4.4,10:00 AM,0,10,false,true,MissingMetro
2026-09-12,Sat,MC-17,Orange,"Hemanta Mukhopadhyay","Beleghata",false,4.4,4.4,1:00 PM,0,11,false,true,MissingMetro
2026-09-12,Sat,MC-17,Orange,"Hemanta Mukhopadhyay","Beleghata",false,4.4,4.4,7:00 PM,0,12,false,true,MissingMetro
2026-09-12,Sat,MC-18,Orange,"Kavi Subhash","Science City",false,8.9,8.8,12:00 AM,19,19,false,false,CleanOperational
2026-09-12,Sat,MC-18,Orange,"Kavi Subhash","Science City",false,8.9,8.8,10:00 AM,0,20,false,true,MissingMetro
2026-09-12,Sat,MC-18,Orange,"Kavi Subhash","Science City",false,8.9,8.8,1:00 PM,0,23,false,true,MissingMetro
2026-09-12,Sat,MC-18,Orange,"Kavi Subhash","Science City",false,8.9,8.8,7:00 PM,0,27,false,true,MissingMetro
2026-09-12,Sat,MC-19,Purple,"Joka","Majerhat",true,7.9,7.8,12:00 AM,17,18,false,false,CleanOperational
2026-09-12,Sat,MC-19,Purple,"Joka","Majerhat",true,7.9,7.8,10:00 AM,0,24,false,true,MissingMetro
2026-09-12,Sat,MC-19,Purple,"Joka","Majerhat",true,7.9,7.8,1:00 PM,19,27,false,false,CleanOperational
2026-09-12,Sat,MC-19,Purple,"Joka","Majerhat",true,7.9,7.8,7:00 PM,0,28,false,true,MissingMetro
2026-09-12,Sat,MC-20,Purple,"Behala Chowrasta","Majerhat",false,3.7,3.7,12:00 AM,9,9,false,false,CleanOperational
2026-09-12,Sat,MC-20,Purple,"Behala Chowrasta","Majerhat",false,3.7,3.7,10:00 AM,0,12,false,true,MissingMetro
2026-09-12,Sat,MC-20,Purple,"Behala Chowrasta","Majerhat",false,3.7,3.7,1:00 PM,51,15,true,false,WalkingFallback
2026-09-12,Sat,MC-20,Purple,"Behala Chowrasta","Majerhat",false,3.7,3.7,7:00 PM,0,15,false,true,MissingMetro
2026-09-12,Sat,MC-21,Purple,"Joka","Behala Chowrasta",false,4.2,4.1,12:00 AM,8,9,false,false,CleanOperational
2026-09-12,Sat,MC-21,Purple,"Joka","Behala Chowrasta",false,4.2,4.1,10:00 AM,0,12,false,true,MissingMetro
2026-09-12,Sat,MC-21,Purple,"Joka","Behala Chowrasta",false,4.2,4.1,1:00 PM,57,12,true,false,WalkingFallback
2026-09-12,Sat,MC-21,Purple,"Joka","Behala Chowrasta",false,4.2,4.1,7:00 PM,0,13,false,true,MissingMetro
2026-09-12,Sat,MC-22,Purple,"Joka","Taratala",false,6.6,6.5,12:00 AM,14,15,false,false,CleanOperational
2026-09-12,Sat,MC-22,Purple,"Joka","Taratala",false,6.6,6.5,10:00 AM,0,21,false,true,MissingMetro
2026-09-12,Sat,MC-22,Purple,"Joka","Taratala",false,6.6,6.5,1:00 PM,14,24,false,false,CleanOperational
2026-09-12,Sat,MC-22,Purple,"Joka","Taratala",false,6.6,6.5,7:00 PM,0,25,false,true,MissingMetro
2026-09-12,Sat,MC-23,Purple,"Behala Chowrasta","Taratala",false,2.4,2.4,12:00 AM,6,6,false,false,CleanOperational
2026-09-12,Sat,MC-23,Purple,"Behala Chowrasta","Taratala",false,2.4,2.4,10:00 AM,0,9,false,true,MissingMetro
2026-09-12,Sat,MC-23,Purple,"Behala Chowrasta","Taratala",false,2.4,2.4,1:00 PM,33,12,true,false,WalkingFallback
2026-09-12,Sat,MC-23,Purple,"Behala Chowrasta","Taratala",false,2.4,2.4,7:00 PM,0,11,false,true,MissingMetro
2026-09-12,Sat,MC-24,Purple,"Taratala","Majerhat",false,1.3,1.3,12:00 AM,3,3,false,false,CleanOperational
2026-09-12,Sat,MC-24,Purple,"Taratala","Majerhat",false,1.3,1.3,10:00 AM,0,3,false,true,MissingMetro
2026-09-12,Sat,MC-24,Purple,"Taratala","Majerhat",false,1.3,1.3,1:00 PM,18,3,true,false,WalkingFallback
2026-09-12,Sat,MC-24,Purple,"Taratala","Majerhat",false,1.3,1.3,7:00 PM,0,3,false,true,MissingMetro
2026-09-13,Sun,MC-01,Blue,"Dakshineswar","Esplanade",true,15,12.4,12:00 AM,31,32,false,false,CleanOperational
2026-09-13,Sun,MC-01,Blue,"Dakshineswar","Esplanade",true,15,12.4,10:00 AM,28,33,false,false,CleanOperational
2026-09-13,Sun,MC-01,Blue,"Dakshineswar","Esplanade",true,15,12.4,1:00 PM,28,39,false,false,CleanOperational
2026-09-13,Sun,MC-01,Blue,"Dakshineswar","Esplanade",true,15,12.4,7:00 PM,31,44,false,false,CleanOperational
2026-09-13,Sun,MC-02,Blue,"Shahid Khudiram","Esplanade",true,14.9,16.5,12:00 AM,28,32,false,false,CleanOperational
2026-09-13,Sun,MC-02,Blue,"Shahid Khudiram","Esplanade",true,14.9,16.5,10:00 AM,28,31,false,false,CleanOperational
2026-09-13,Sun,MC-02,Blue,"Shahid Khudiram","Esplanade",true,14.9,16.5,1:00 PM,30,34,false,false,CleanOperational
2026-09-13,Sun,MC-02,Blue,"Shahid Khudiram","Esplanade",true,14.9,16.5,7:00 PM,30,40,false,false,CleanOperational
2026-09-13,Sun,MC-03,Blue,"Shyambazar","Dum Dum",false,3.8,3.5,12:00 AM,53,11,true,false,WalkingFallback
2026-09-13,Sun,MC-03,Blue,"Shyambazar","Dum Dum",false,3.8,3.5,10:00 AM,7,15,false,false,CleanOperational
2026-09-13,Sun,MC-03,Blue,"Shyambazar","Dum Dum",false,3.8,3.5,1:00 PM,53,16,true,false,WalkingFallback
2026-09-13,Sun,MC-03,Blue,"Shyambazar","Dum Dum",false,3.8,3.5,7:00 PM,15,15,false,false,CleanOperational
2026-09-13,Sun,MC-04,Blue,"Shyambazar","Esplanade",false,5.1,5.2,12:00 AM,11,15,false,false,CleanOperational
2026-09-13,Sun,MC-04,Blue,"Shyambazar","Esplanade",false,5.1,5.2,10:00 AM,11,15,false,false,CleanOperational
2026-09-13,Sun,MC-04,Blue,"Shyambazar","Esplanade",false,5.1,5.2,1:00 PM,11,17,false,false,CleanOperational
2026-09-13,Sun,MC-04,Blue,"Shyambazar","Esplanade",false,5.1,5.2,7:00 PM,11,22,false,false,CleanOperational
2026-09-13,Sun,MC-05,Blue,"Kalighat","Esplanade",false,5.2,5.1,12:00 AM,11,12,false,false,CleanOperational
2026-09-13,Sun,MC-05,Blue,"Kalighat","Esplanade",false,5.2,5.1,10:00 AM,11,14,false,false,CleanOperational
2026-09-13,Sun,MC-05,Blue,"Kalighat","Esplanade",false,5.2,5.1,1:00 PM,11,17,false,false,CleanOperational
2026-09-13,Sun,MC-05,Blue,"Kalighat","Esplanade",false,5.2,5.1,7:00 PM,11,19,false,false,CleanOperational
2026-09-13,Sun,MC-06,Blue,"Dakshineswar","Dum Dum",false,6.2,7,12:00 AM,12,18,false,false,CleanOperational
2026-09-13,Sun,MC-06,Blue,"Dakshineswar","Dum Dum",false,6.2,7,10:00 AM,12,23,false,false,CleanOperational
2026-09-13,Sun,MC-06,Blue,"Dakshineswar","Dum Dum",false,6.2,7,1:00 PM,20,26,true,false,WalkingFallback
2026-09-13,Sun,MC-06,Blue,"Dakshineswar","Dum Dum",false,6.2,7,7:00 PM,27,27,true,false,WalkingFallback
2026-09-13,Sun,MC-07,Blue,"Esplanade","Mahanayak Uttam Kumar (Tollygunge)",false,7.8,8.3,12:00 AM,17,19,false,false,CleanOperational
2026-09-13,Sun,MC-07,Blue,"Esplanade","Mahanayak Uttam Kumar (Tollygunge)",false,7.8,8.3,10:00 AM,17,23,false,false,CleanOperational
2026-09-13,Sun,MC-07,Blue,"Esplanade","Mahanayak Uttam Kumar (Tollygunge)",false,7.8,8.3,1:00 PM,17,26,false,false,CleanOperational
2026-09-13,Sun,MC-07,Blue,"Esplanade","Mahanayak Uttam Kumar (Tollygunge)",false,7.8,8.3,7:00 PM,23,32,false,false,CleanOperational
2026-09-13,Sun,MC-08,Blue,"Mahanayak Uttam Kumar (Tollygunge)","Kavi Subhash",false,7.1,6.4,12:00 AM,15,16,false,false,CleanOperational
2026-09-13,Sun,MC-08,Blue,"Mahanayak Uttam Kumar (Tollygunge)","Kavi Subhash",false,7.1,6.4,10:00 AM,14,22,false,false,CleanOperational
2026-09-13,Sun,MC-08,Blue,"Mahanayak Uttam Kumar (Tollygunge)","Kavi Subhash",false,7.1,6.4,1:00 PM,17,25,false,false,CleanOperational
2026-09-13,Sun,MC-08,Blue,"Mahanayak Uttam Kumar (Tollygunge)","Kavi Subhash",false,7.1,6.4,7:00 PM,17,33,false,false,CleanOperational
2026-09-13,Sun,MC-09,Blue,"Dum Dum","Esplanade",false,8.8,8.8,12:00 AM,16,26,false,false,CleanOperational
2026-09-13,Sun,MC-09,Blue,"Dum Dum","Esplanade",false,8.8,8.8,10:00 AM,16,29,false,false,CleanOperational
2026-09-13,Sun,MC-09,Blue,"Dum Dum","Esplanade",false,8.8,8.8,1:00 PM,16,34,false,false,CleanOperational
2026-09-13,Sun,MC-09,Blue,"Dum Dum","Esplanade",false,8.8,8.8,7:00 PM,16,37,false,false,CleanOperational
2026-09-13,Sun,MC-10,Green,"Howrah","Salt Lake Sector V",true,14.2,12.4,12:00 AM,30,29,false,false,CleanOperational
2026-09-13,Sun,MC-10,Green,"Howrah","Salt Lake Sector V",true,14.2,12.4,10:00 AM,30,39,false,false,CleanOperational
2026-09-13,Sun,MC-10,Green,"Howrah","Salt Lake Sector V",true,14.2,12.4,1:00 PM,30,39,false,false,CleanOperational
2026-09-13,Sun,MC-10,Green,"Howrah","Salt Lake Sector V",true,14.2,12.4,7:00 PM,30,45,false,false,CleanOperational
2026-09-13,Sun,MC-11,Green,"Sealdah","Salt Lake Sector V",false,8.6,8,12:00 AM,22,18,false,false,CleanOperational
2026-09-13,Sun,MC-11,Green,"Sealdah","Salt Lake Sector V",false,8.6,8,10:00 AM,22,22,false,false,CleanOperational
2026-09-13,Sun,MC-11,Green,"Sealdah","Salt Lake Sector V",false,8.6,8,1:00 PM,22,24,false,false,CleanOperational
2026-09-13,Sun,MC-11,Green,"Sealdah","Salt Lake Sector V",false,8.6,8,7:00 PM,22,25,false,false,CleanOperational
2026-09-13,Sun,MC-12,Green,"Howrah","Sealdah",false,5.6,6.8,12:00 AM,10,16,false,false,CleanOperational
2026-09-13,Sun,MC-12,Green,"Howrah","Sealdah",false,5.6,6.8,10:00 AM,10,21,false,false,CleanOperational
2026-09-13,Sun,MC-12,Green,"Howrah","Sealdah",false,5.6,6.8,1:00 PM,10,23,false,false,CleanOperational
2026-09-13,Sun,MC-12,Green,"Howrah","Sealdah",false,5.6,6.8,7:00 PM,10,23,false,false,CleanOperational
2026-09-13,Sun,MC-13,Green,"Phoolbagan","Salt Lake Sector V",false,6.6,4.9,12:00 AM,19,14,false,false,CleanOperational
2026-09-13,Sun,MC-13,Green,"Phoolbagan","Salt Lake Sector V",false,6.6,4.9,10:00 AM,19,17,false,false,CleanOperational
2026-09-13,Sun,MC-13,Green,"Phoolbagan","Salt Lake Sector V",false,6.6,4.9,1:00 PM,19,18,false,false,CleanOperational
2026-09-13,Sun,MC-13,Green,"Phoolbagan","Salt Lake Sector V",false,6.6,4.9,7:00 PM,19,21,false,false,CleanOperational
2026-09-13,Sun,MC-14,Green,"Howrah","Phoolbagan",false,7.7,7.6,12:00 AM,11,17,false,false,CleanOperational
2026-09-13,Sun,MC-14,Green,"Howrah","Phoolbagan",false,7.7,7.6,10:00 AM,11,25,false,false,CleanOperational
2026-09-13,Sun,MC-14,Green,"Howrah","Phoolbagan",false,7.7,7.6,1:00 PM,11,24,false,false,CleanOperational
2026-09-13,Sun,MC-14,Green,"Howrah","Phoolbagan",false,7.7,7.6,7:00 PM,11,28,false,false,CleanOperational
2026-09-13,Sun,MC-15,Green,"Esplanade","Salt Lake Sector V",false,11.3,13.3,12:00 AM,25,24,false,false,CleanOperational
2026-09-13,Sun,MC-15,Green,"Esplanade","Salt Lake Sector V",false,11.3,13.3,10:00 AM,25,24,false,false,CleanOperational
2026-09-13,Sun,MC-15,Green,"Esplanade","Salt Lake Sector V",false,11.3,13.3,1:00 PM,25,26,false,false,CleanOperational
2026-09-13,Sun,MC-15,Green,"Esplanade","Salt Lake Sector V",false,11.3,13.3,7:00 PM,25,34,false,false,CleanOperational
2026-09-13,Sun,MC-16,Orange,"Kavi Subhash","Beleghata",true,9.8,9.8,12:00 AM,0,20,false,true,MissingMetro
2026-09-13,Sun,MC-16,Orange,"Kavi Subhash","Beleghata",true,9.8,9.8,10:00 AM,0,20,false,true,MissingMetro
2026-09-13,Sun,MC-16,Orange,"Kavi Subhash","Beleghata",true,9.8,9.8,1:00 PM,0,21,false,true,MissingMetro
2026-09-13,Sun,MC-16,Orange,"Kavi Subhash","Beleghata",true,9.8,9.8,7:00 PM,0,25,false,true,MissingMetro
2026-09-13,Sun,MC-17,Orange,"Hemanta Mukhopadhyay","Beleghata",false,4.4,4.4,12:00 AM,0,8,false,true,MissingMetro
2026-09-13,Sun,MC-17,Orange,"Hemanta Mukhopadhyay","Beleghata",false,4.4,4.4,10:00 AM,0,8,false,true,MissingMetro
2026-09-13,Sun,MC-17,Orange,"Hemanta Mukhopadhyay","Beleghata",false,4.4,4.4,1:00 PM,0,9,false,true,MissingMetro
2026-09-13,Sun,MC-17,Orange,"Hemanta Mukhopadhyay","Beleghata",false,4.4,4.4,7:00 PM,0,10,false,true,MissingMetro
2026-09-13,Sun,MC-18,Orange,"Kavi Subhash","Science City",false,8.9,8.8,12:00 AM,0,18,false,true,MissingMetro
2026-09-13,Sun,MC-18,Orange,"Kavi Subhash","Science City",false,8.9,8.8,10:00 AM,0,18,false,true,MissingMetro
2026-09-13,Sun,MC-18,Orange,"Kavi Subhash","Science City",false,8.9,8.8,1:00 PM,0,18,false,true,MissingMetro
2026-09-13,Sun,MC-18,Orange,"Kavi Subhash","Science City",false,8.9,8.8,7:00 PM,0,22,false,true,MissingMetro
2026-09-13,Sun,MC-19,Purple,"Joka","Majerhat",true,7.9,7.8,12:00 AM,19,17,false,false,CleanOperational
2026-09-13,Sun,MC-19,Purple,"Joka","Majerhat",true,7.9,7.8,10:00 AM,0,21,false,true,MissingMetro
2026-09-13,Sun,MC-19,Purple,"Joka","Majerhat",true,7.9,7.8,1:00 PM,0,23,false,true,MissingMetro
2026-09-13,Sun,MC-19,Purple,"Joka","Majerhat",true,7.9,7.8,7:00 PM,0,26,false,true,MissingMetro
2026-09-13,Sun,MC-20,Purple,"Behala Chowrasta","Majerhat",false,3.7,3.7,12:00 AM,11,9,false,false,CleanOperational
2026-09-13,Sun,MC-20,Purple,"Behala Chowrasta","Majerhat",false,3.7,3.7,10:00 AM,0,10,false,true,MissingMetro
2026-09-13,Sun,MC-20,Purple,"Behala Chowrasta","Majerhat",false,3.7,3.7,1:00 PM,51,11,true,false,WalkingFallback
2026-09-13,Sun,MC-20,Purple,"Behala Chowrasta","Majerhat",false,3.7,3.7,7:00 PM,0,14,false,true,MissingMetro
2026-09-13,Sun,MC-21,Purple,"Joka","Behala Chowrasta",false,4.2,4.1,12:00 AM,8,9,false,false,CleanOperational
2026-09-13,Sun,MC-21,Purple,"Joka","Behala Chowrasta",false,4.2,4.1,10:00 AM,0,11,false,true,MissingMetro
2026-09-13,Sun,MC-21,Purple,"Joka","Behala Chowrasta",false,4.2,4.1,1:00 PM,57,12,true,false,WalkingFallback
2026-09-13,Sun,MC-21,Purple,"Joka","Behala Chowrasta",false,4.2,4.1,7:00 PM,0,13,false,true,MissingMetro
2026-09-13,Sun,MC-22,Purple,"Joka","Taratala",false,6.6,6.5,12:00 AM,14,15,false,false,CleanOperational
2026-09-13,Sun,MC-22,Purple,"Joka","Taratala",false,6.6,6.5,10:00 AM,0,18,false,true,MissingMetro
2026-09-13,Sun,MC-22,Purple,"Joka","Taratala",false,6.6,6.5,1:00 PM,0,20,false,true,MissingMetro
2026-09-13,Sun,MC-22,Purple,"Joka","Taratala",false,6.6,6.5,7:00 PM,0,23,false,true,MissingMetro
2026-09-13,Sun,MC-23,Purple,"Behala Chowrasta","Taratala",false,2.4,2.4,12:00 AM,0,6,false,true,MissingMetro
2026-09-13,Sun,MC-23,Purple,"Behala Chowrasta","Taratala",false,2.4,2.4,10:00 AM,0,7,false,true,MissingMetro
2026-09-13,Sun,MC-23,Purple,"Behala Chowrasta","Taratala",false,2.4,2.4,1:00 PM,33,9,true,false,WalkingFallback
2026-09-13,Sun,MC-23,Purple,"Behala Chowrasta","Taratala",false,2.4,2.4,7:00 PM,0,10,false,true,MissingMetro
2026-09-13,Sun,MC-24,Purple,"Taratala","Majerhat",false,1.3,1.3,12:00 AM,18,3,true,false,WalkingFallback
2026-09-13,Sun,MC-24,Purple,"Taratala","Majerhat",false,1.3,1.3,10:00 AM,0,3,false,true,MissingMetro
2026-09-13,Sun,MC-24,Purple,"Taratala","Majerhat",false,1.3,1.3,1:00 PM,18,3,true,false,WalkingFallback
2026-09-13,Sun,MC-24,Purple,"Taratala","Majerhat",false,1.3,1.3,7:00 PM,0,3,false,true,MissingMetro
2026-09-14,Mon,MC-01,Blue,"Dakshineswar","Esplanade",true,15,12.4,12:00 AM,28,32,false,false,CleanOperational
2026-09-14,Mon,MC-01,Blue,"Dakshineswar","Esplanade",true,15,12.4,10:00 AM,28,51,false,false,CleanOperational
2026-09-14,Mon,MC-01,Blue,"Dakshineswar","Esplanade",true,15,12.4,1:00 PM,31,58,false,false,CleanOperational
2026-09-14,Mon,MC-01,Blue,"Dakshineswar","Esplanade",true,15,12.4,7:00 PM,28,52,false,false,CleanOperational
2026-09-14,Mon,MC-02,Blue,"Shahid Khudiram","Esplanade",true,14.9,16.5,12:00 AM,28,31,false,false,CleanOperational
2026-09-14,Mon,MC-02,Blue,"Shahid Khudiram","Esplanade",true,14.9,16.5,10:00 AM,28,50,false,false,CleanOperational
2026-09-14,Mon,MC-02,Blue,"Shahid Khudiram","Esplanade",true,14.9,16.5,1:00 PM,30,44,false,false,CleanOperational
2026-09-14,Mon,MC-02,Blue,"Shahid Khudiram","Esplanade",true,14.9,16.5,7:00 PM,29,53,false,false,CleanOperational
2026-09-14,Mon,MC-03,Blue,"Shyambazar","Dum Dum",false,3.8,3.5,12:00 AM,7,11,false,false,CleanOperational
2026-09-14,Mon,MC-03,Blue,"Shyambazar","Dum Dum",false,3.8,3.5,10:00 AM,7,16,false,false,CleanOperational
2026-09-14,Mon,MC-03,Blue,"Shyambazar","Dum Dum",false,3.8,3.5,1:00 PM,53,16,true,false,WalkingFallback
2026-09-14,Mon,MC-03,Blue,"Shyambazar","Dum Dum",false,3.8,3.5,7:00 PM,8,17,false,false,CleanOperational
2026-09-14,Mon,MC-04,Blue,"Shyambazar","Esplanade",false,5.1,5.2,12:00 AM,11,15,false,false,CleanOperational
2026-09-14,Mon,MC-04,Blue,"Shyambazar","Esplanade",false,5.1,5.2,10:00 AM,11,21,false,false,CleanOperational
2026-09-14,Mon,MC-04,Blue,"Shyambazar","Esplanade",false,5.1,5.2,1:00 PM,11,31,false,false,CleanOperational
2026-09-14,Mon,MC-04,Blue,"Shyambazar","Esplanade",false,5.1,5.2,7:00 PM,11,30,false,false,CleanOperational
2026-09-14,Mon,MC-05,Blue,"Kalighat","Esplanade",false,5.2,5.1,12:00 AM,11,11,false,false,CleanOperational
2026-09-14,Mon,MC-05,Blue,"Kalighat","Esplanade",false,5.2,5.1,10:00 AM,11,18,false,false,CleanOperational
2026-09-14,Mon,MC-05,Blue,"Kalighat","Esplanade",false,5.2,5.1,1:00 PM,11,22,false,false,CleanOperational
2026-09-14,Mon,MC-05,Blue,"Kalighat","Esplanade",false,5.2,5.1,7:00 PM,11,20,false,false,CleanOperational
2026-09-14,Mon,MC-06,Blue,"Dakshineswar","Dum Dum",false,6.2,7,12:00 AM,12,20,false,false,CleanOperational
2026-09-14,Mon,MC-06,Blue,"Dakshineswar","Dum Dum",false,6.2,7,10:00 AM,12,33,false,false,CleanOperational
2026-09-14,Mon,MC-06,Blue,"Dakshineswar","Dum Dum",false,6.2,7,1:00 PM,15,33,false,false,CleanOperational
2026-09-14,Mon,MC-06,Blue,"Dakshineswar","Dum Dum",false,6.2,7,7:00 PM,12,28,false,false,CleanOperational
2026-09-14,Mon,MC-07,Blue,"Esplanade","Mahanayak Uttam Kumar (Tollygunge)",false,7.8,8.3,12:00 AM,17,18,false,false,CleanOperational
2026-09-14,Mon,MC-07,Blue,"Esplanade","Mahanayak Uttam Kumar (Tollygunge)",false,7.8,8.3,10:00 AM,17,31,false,false,CleanOperational
2026-09-14,Mon,MC-07,Blue,"Esplanade","Mahanayak Uttam Kumar (Tollygunge)",false,7.8,8.3,1:00 PM,23,32,false,false,CleanOperational
2026-09-14,Mon,MC-07,Blue,"Esplanade","Mahanayak Uttam Kumar (Tollygunge)",false,7.8,8.3,7:00 PM,18,40,false,false,CleanOperational
2026-09-14,Mon,MC-08,Blue,"Mahanayak Uttam Kumar (Tollygunge)","Kavi Subhash",false,7.1,6.4,12:00 AM,15,16,false,false,CleanOperational
2026-09-14,Mon,MC-08,Blue,"Mahanayak Uttam Kumar (Tollygunge)","Kavi Subhash",false,7.1,6.4,10:00 AM,15,25,false,false,CleanOperational
2026-09-14,Mon,MC-08,Blue,"Mahanayak Uttam Kumar (Tollygunge)","Kavi Subhash",false,7.1,6.4,1:00 PM,17,29,false,false,CleanOperational
2026-09-14,Mon,MC-08,Blue,"Mahanayak Uttam Kumar (Tollygunge)","Kavi Subhash",false,7.1,6.4,7:00 PM,15,31,false,false,CleanOperational
2026-09-14,Mon,MC-09,Blue,"Dum Dum","Esplanade",false,8.8,8.8,12:00 AM,16,25,false,false,CleanOperational
2026-09-14,Mon,MC-09,Blue,"Dum Dum","Esplanade",false,8.8,8.8,10:00 AM,16,37,false,false,CleanOperational
2026-09-14,Mon,MC-09,Blue,"Dum Dum","Esplanade",false,8.8,8.8,1:00 PM,16,45,false,false,CleanOperational
2026-09-14,Mon,MC-09,Blue,"Dum Dum","Esplanade",false,8.8,8.8,7:00 PM,16,45,false,false,CleanOperational
2026-09-14,Mon,MC-10,Green,"Howrah","Salt Lake Sector V",true,14.2,12.4,12:00 AM,30,29,false,false,CleanOperational
2026-09-14,Mon,MC-10,Green,"Howrah","Salt Lake Sector V",true,14.2,12.4,10:00 AM,30,48,false,false,CleanOperational
2026-09-14,Mon,MC-10,Green,"Howrah","Salt Lake Sector V",true,14.2,12.4,1:00 PM,30,48,false,false,CleanOperational
2026-09-14,Mon,MC-10,Green,"Howrah","Salt Lake Sector V",true,14.2,12.4,7:00 PM,30,63,false,false,CleanOperational
2026-09-14,Mon,MC-11,Green,"Sealdah","Salt Lake Sector V",false,8.6,8,12:00 AM,22,17,false,false,CleanOperational
2026-09-14,Mon,MC-11,Green,"Sealdah","Salt Lake Sector V",false,8.6,8,10:00 AM,21,36,false,false,CleanOperational
2026-09-14,Mon,MC-11,Green,"Sealdah","Salt Lake Sector V",false,8.6,8,1:00 PM,21,28,false,false,CleanOperational
2026-09-14,Mon,MC-11,Green,"Sealdah","Salt Lake Sector V",false,8.6,8,7:00 PM,21,31,false,false,CleanOperational
2026-09-14,Mon,MC-12,Green,"Howrah","Sealdah",false,5.6,6.8,12:00 AM,10,15,false,false,CleanOperational
2026-09-14,Mon,MC-12,Green,"Howrah","Sealdah",false,5.6,6.8,10:00 AM,11,29,false,false,CleanOperational
2026-09-14,Mon,MC-12,Green,"Howrah","Sealdah",false,5.6,6.8,1:00 PM,11,36,false,false,CleanOperational
2026-09-14,Mon,MC-12,Green,"Howrah","Sealdah",false,5.6,6.8,7:00 PM,11,37,false,false,CleanOperational
2026-09-14,Mon,MC-13,Green,"Phoolbagan","Salt Lake Sector V",false,6.6,4.9,12:00 AM,19,13,false,false,CleanOperational
2026-09-14,Mon,MC-13,Green,"Phoolbagan","Salt Lake Sector V",false,6.6,4.9,10:00 AM,18,24,false,false,CleanOperational
2026-09-14,Mon,MC-13,Green,"Phoolbagan","Salt Lake Sector V",false,6.6,4.9,1:00 PM,18,20,false,false,CleanOperational
2026-09-14,Mon,MC-13,Green,"Phoolbagan","Salt Lake Sector V",false,6.6,4.9,7:00 PM,18,24,false,false,CleanOperational
2026-09-14,Mon,MC-14,Green,"Howrah","Phoolbagan",false,7.7,7.6,12:00 AM,11,17,false,false,CleanOperational
2026-09-14,Mon,MC-14,Green,"Howrah","Phoolbagan",false,7.7,7.6,10:00 AM,12,29,false,false,CleanOperational
2026-09-14,Mon,MC-14,Green,"Howrah","Phoolbagan",false,7.7,7.6,1:00 PM,12,39,false,false,CleanOperational
2026-09-14,Mon,MC-14,Green,"Howrah","Phoolbagan",false,7.7,7.6,7:00 PM,12,44,false,false,CleanOperational
2026-09-14,Mon,MC-15,Green,"Esplanade","Salt Lake Sector V",false,11.3,13.3,12:00 AM,25,23,false,false,CleanOperational
2026-09-14,Mon,MC-15,Green,"Esplanade","Salt Lake Sector V",false,11.3,13.3,10:00 AM,25,40,false,false,CleanOperational
2026-09-14,Mon,MC-15,Green,"Esplanade","Salt Lake Sector V",false,11.3,13.3,1:00 PM,25,30,false,false,CleanOperational
2026-09-14,Mon,MC-15,Green,"Esplanade","Salt Lake Sector V",false,11.3,13.3,7:00 PM,25,43,false,false,CleanOperational
2026-09-14,Mon,MC-16,Orange,"Kavi Subhash","Beleghata",true,9.8,9.8,12:00 AM,0,19,false,true,MissingMetro
2026-09-14,Mon,MC-16,Orange,"Kavi Subhash","Beleghata",true,9.8,9.8,10:00 AM,23,28,false,false,CleanOperational
2026-09-14,Mon,MC-16,Orange,"Kavi Subhash","Beleghata",true,9.8,9.8,1:00 PM,28,24,false,false,CleanOperational
2026-09-14,Mon,MC-16,Orange,"Kavi Subhash","Beleghata",true,9.8,9.8,7:00 PM,28,31,false,false,CleanOperational
2026-09-14,Mon,MC-17,Orange,"Hemanta Mukhopadhyay","Beleghata",false,4.4,4.4,12:00 AM,0,8,false,true,MissingMetro
2026-09-14,Mon,MC-17,Orange,"Hemanta Mukhopadhyay","Beleghata",false,4.4,4.4,10:00 AM,12,14,false,false,CleanOperational
2026-09-14,Mon,MC-17,Orange,"Hemanta Mukhopadhyay","Beleghata",false,4.4,4.4,1:00 PM,12,11,false,false,CleanOperational
2026-09-14,Mon,MC-17,Orange,"Hemanta Mukhopadhyay","Beleghata",false,4.4,4.4,7:00 PM,17,12,false,false,CleanOperational
2026-09-14,Mon,MC-18,Orange,"Kavi Subhash","Science City",false,8.9,8.8,12:00 AM,0,18,false,true,MissingMetro
2026-09-14,Mon,MC-18,Orange,"Kavi Subhash","Science City",false,8.9,8.8,10:00 AM,19,27,false,false,CleanOperational
2026-09-14,Mon,MC-18,Orange,"Kavi Subhash","Science City",false,8.9,8.8,1:00 PM,23,22,false,false,CleanOperational
2026-09-14,Mon,MC-18,Orange,"Kavi Subhash","Science City",false,8.9,8.8,7:00 PM,23,29,false,false,CleanOperational
2026-09-14,Mon,MC-19,Purple,"Joka","Majerhat",true,7.9,7.8,12:00 AM,0,16,false,true,MissingMetro
2026-09-14,Mon,MC-19,Purple,"Joka","Majerhat",true,7.9,7.8,10:00 AM,17,25,false,false,CleanOperational
2026-09-14,Mon,MC-19,Purple,"Joka","Majerhat",true,7.9,7.8,1:00 PM,17,24,false,false,CleanOperational
2026-09-14,Mon,MC-19,Purple,"Joka","Majerhat",true,7.9,7.8,7:00 PM,17,26,false,false,CleanOperational
2026-09-14,Mon,MC-20,Purple,"Behala Chowrasta","Majerhat",false,3.7,3.7,12:00 AM,0,8,false,true,MissingMetro
2026-09-14,Mon,MC-20,Purple,"Behala Chowrasta","Majerhat",false,3.7,3.7,10:00 AM,9,12,false,false,CleanOperational
2026-09-14,Mon,MC-20,Purple,"Behala Chowrasta","Majerhat",false,3.7,3.7,1:00 PM,51,12,true,false,WalkingFallback
2026-09-14,Mon,MC-20,Purple,"Behala Chowrasta","Majerhat",false,3.7,3.7,7:00 PM,9,12,false,false,CleanOperational
2026-09-14,Mon,MC-21,Purple,"Joka","Behala Chowrasta",false,4.2,4.1,12:00 AM,0,8,false,true,MissingMetro
2026-09-14,Mon,MC-21,Purple,"Joka","Behala Chowrasta",false,4.2,4.1,10:00 AM,8,12,false,false,CleanOperational
2026-09-14,Mon,MC-21,Purple,"Joka","Behala Chowrasta",false,4.2,4.1,1:00 PM,57,12,true,false,WalkingFallback
2026-09-14,Mon,MC-21,Purple,"Joka","Behala Chowrasta",false,4.2,4.1,7:00 PM,8,15,false,false,CleanOperational
2026-09-14,Mon,MC-22,Purple,"Joka","Taratala",false,6.6,6.5,12:00 AM,0,14,false,true,MissingMetro
2026-09-14,Mon,MC-22,Purple,"Joka","Taratala",false,6.6,6.5,10:00 AM,14,21,false,false,CleanOperational
2026-09-14,Mon,MC-22,Purple,"Joka","Taratala",false,6.6,6.5,1:00 PM,14,21,false,false,CleanOperational
2026-09-14,Mon,MC-22,Purple,"Joka","Taratala",false,6.6,6.5,7:00 PM,14,23,false,false,CleanOperational
2026-09-14,Mon,MC-23,Purple,"Behala Chowrasta","Taratala",false,2.4,2.4,12:00 AM,33,5,true,false,WalkingFallback
2026-09-14,Mon,MC-23,Purple,"Behala Chowrasta","Taratala",false,2.4,2.4,10:00 AM,6,9,false,false,CleanOperational
2026-09-14,Mon,MC-23,Purple,"Behala Chowrasta","Taratala",false,2.4,2.4,1:00 PM,33,9,true,false,WalkingFallback
2026-09-14,Mon,MC-23,Purple,"Behala Chowrasta","Taratala",false,2.4,2.4,7:00 PM,6,9,false,false,CleanOperational
2026-09-14,Mon,MC-24,Purple,"Taratala","Majerhat",false,1.3,1.3,12:00 AM,18,3,true,false,WalkingFallback
2026-09-14,Mon,MC-24,Purple,"Taratala","Majerhat",false,1.3,1.3,10:00 AM,3,4,false,false,CleanOperational
2026-09-14,Mon,MC-24,Purple,"Taratala","Majerhat",false,1.3,1.3,1:00 PM,18,3,true,false,WalkingFallback
2026-09-14,Mon,MC-24,Purple,"Taratala","Majerhat",false,1.3,1.3,7:00 PM,3,3,false,false,CleanOperational
2026-09-15,Tue,MC-01,Blue,"Dakshineswar","Esplanade",true,15,12.4,12:00 AM,28,33,false,false,CleanOperational
2026-09-15,Tue,MC-01,Blue,"Dakshineswar","Esplanade",true,15,12.4,10:00 AM,28,48,false,false,CleanOperational
2026-09-15,Tue,MC-01,Blue,"Dakshineswar","Esplanade",true,15,12.4,1:00 PM,31,55,false,false,CleanOperational
2026-09-15,Tue,MC-01,Blue,"Dakshineswar","Esplanade",true,15,12.4,7:00 PM,28,52,false,false,CleanOperational
2026-09-15,Tue,MC-02,Blue,"Shahid Khudiram","Esplanade",true,14.9,16.5,12:00 AM,28,31,false,false,CleanOperational
2026-09-15,Tue,MC-02,Blue,"Shahid Khudiram","Esplanade",true,14.9,16.5,10:00 AM,28,56,false,false,CleanOperational
2026-09-15,Tue,MC-02,Blue,"Shahid Khudiram","Esplanade",true,14.9,16.5,1:00 PM,30,46,false,false,CleanOperational
2026-09-15,Tue,MC-02,Blue,"Shahid Khudiram","Esplanade",true,14.9,16.5,7:00 PM,29,48,false,false,CleanOperational
2026-09-15,Tue,MC-03,Blue,"Shyambazar","Dum Dum",false,3.8,3.5,12:00 AM,7,11,false,false,CleanOperational
2026-09-15,Tue,MC-03,Blue,"Shyambazar","Dum Dum",false,3.8,3.5,10:00 AM,7,15,false,false,CleanOperational
2026-09-15,Tue,MC-03,Blue,"Shyambazar","Dum Dum",false,3.8,3.5,1:00 PM,53,18,true,false,WalkingFallback
2026-09-15,Tue,MC-03,Blue,"Shyambazar","Dum Dum",false,3.8,3.5,7:00 PM,8,18,false,false,CleanOperational
2026-09-15,Tue,MC-04,Blue,"Shyambazar","Esplanade",false,5.1,5.2,12:00 AM,11,16,false,false,CleanOperational
2026-09-15,Tue,MC-04,Blue,"Shyambazar","Esplanade",false,5.1,5.2,10:00 AM,11,22,false,false,CleanOperational
2026-09-15,Tue,MC-04,Blue,"Shyambazar","Esplanade",false,5.1,5.2,1:00 PM,11,29,false,false,CleanOperational
2026-09-15,Tue,MC-04,Blue,"Shyambazar","Esplanade",false,5.1,5.2,7:00 PM,11,29,false,false,CleanOperational
2026-09-15,Tue,MC-05,Blue,"Kalighat","Esplanade",false,5.2,5.1,12:00 AM,11,12,false,false,CleanOperational
2026-09-15,Tue,MC-05,Blue,"Kalighat","Esplanade",false,5.2,5.1,10:00 AM,11,17,false,false,CleanOperational
2026-09-15,Tue,MC-05,Blue,"Kalighat","Esplanade",false,5.2,5.1,1:00 PM,11,23,false,false,CleanOperational
2026-09-15,Tue,MC-05,Blue,"Kalighat","Esplanade",false,5.2,5.1,7:00 PM,11,22,false,false,CleanOperational
2026-09-15,Tue,MC-06,Blue,"Dakshineswar","Dum Dum",false,6.2,7,12:00 AM,12,21,false,false,CleanOperational
2026-09-15,Tue,MC-06,Blue,"Dakshineswar","Dum Dum",false,6.2,7,10:00 AM,12,32,false,false,CleanOperational
2026-09-15,Tue,MC-06,Blue,"Dakshineswar","Dum Dum",false,6.2,7,1:00 PM,126,31,true,false,WalkingFallback
2026-09-15,Tue,MC-06,Blue,"Dakshineswar","Dum Dum",false,6.2,7,7:00 PM,12,29,false,false,CleanOperational
2026-09-15,Tue,MC-07,Blue,"Esplanade","Mahanayak Uttam Kumar (Tollygunge)",false,7.8,8.3,12:00 AM,17,18,false,false,CleanOperational
2026-09-15,Tue,MC-07,Blue,"Esplanade","Mahanayak Uttam Kumar (Tollygunge)",false,7.8,8.3,10:00 AM,17,32,false,false,CleanOperational
2026-09-15,Tue,MC-07,Blue,"Esplanade","Mahanayak Uttam Kumar (Tollygunge)",false,7.8,8.3,1:00 PM,23,31,false,false,CleanOperational
2026-09-15,Tue,MC-07,Blue,"Esplanade","Mahanayak Uttam Kumar (Tollygunge)",false,7.8,8.3,7:00 PM,18,36,false,false,CleanOperational
2026-09-15,Tue,MC-08,Blue,"Mahanayak Uttam Kumar (Tollygunge)","Kavi Subhash",false,7.1,6.4,12:00 AM,15,15,false,false,CleanOperational
2026-09-15,Tue,MC-08,Blue,"Mahanayak Uttam Kumar (Tollygunge)","Kavi Subhash",false,7.1,6.4,10:00 AM,15,26,false,false,CleanOperational
2026-09-15,Tue,MC-08,Blue,"Mahanayak Uttam Kumar (Tollygunge)","Kavi Subhash",false,7.1,6.4,1:00 PM,17,28,false,false,CleanOperational
2026-09-15,Tue,MC-08,Blue,"Mahanayak Uttam Kumar (Tollygunge)","Kavi Subhash",false,7.1,6.4,7:00 PM,15,32,false,false,CleanOperational
2026-09-15,Tue,MC-09,Blue,"Dum Dum","Esplanade",false,8.8,8.8,12:00 AM,16,25,false,false,CleanOperational
2026-09-15,Tue,MC-09,Blue,"Dum Dum","Esplanade",false,8.8,8.8,10:00 AM,16,38,false,false,CleanOperational
2026-09-15,Tue,MC-09,Blue,"Dum Dum","Esplanade",false,8.8,8.8,1:00 PM,16,46,false,false,CleanOperational
2026-09-15,Tue,MC-09,Blue,"Dum Dum","Esplanade",false,8.8,8.8,7:00 PM,16,47,false,false,CleanOperational
2026-09-15,Tue,MC-10,Green,"Howrah","Salt Lake Sector V",true,14.2,12.4,12:00 AM,30,30,false,false,CleanOperational
2026-09-15,Tue,MC-10,Green,"Howrah","Salt Lake Sector V",true,14.2,12.4,10:00 AM,30,53,false,false,CleanOperational
2026-09-15,Tue,MC-10,Green,"Howrah","Salt Lake Sector V",true,14.2,12.4,1:00 PM,30,48,false,false,CleanOperational
2026-09-15,Tue,MC-10,Green,"Howrah","Salt Lake Sector V",true,14.2,12.4,7:00 PM,30,59,false,false,CleanOperational
2026-09-15,Tue,MC-11,Green,"Sealdah","Salt Lake Sector V",false,8.6,8,12:00 AM,21,18,false,false,CleanOperational
2026-09-15,Tue,MC-11,Green,"Sealdah","Salt Lake Sector V",false,8.6,8,10:00 AM,21,35,false,false,CleanOperational
2026-09-15,Tue,MC-11,Green,"Sealdah","Salt Lake Sector V",false,8.6,8,1:00 PM,21,27,false,false,CleanOperational
2026-09-15,Tue,MC-11,Green,"Sealdah","Salt Lake Sector V",false,8.6,8,7:00 PM,21,28,false,false,CleanOperational
2026-09-15,Tue,MC-12,Green,"Howrah","Sealdah",false,5.6,6.8,12:00 AM,11,16,false,false,CleanOperational
2026-09-15,Tue,MC-12,Green,"Howrah","Sealdah",false,5.6,6.8,10:00 AM,11,29,false,false,CleanOperational
2026-09-15,Tue,MC-12,Green,"Howrah","Sealdah",false,5.6,6.8,1:00 PM,11,35,false,false,CleanOperational
2026-09-15,Tue,MC-12,Green,"Howrah","Sealdah",false,5.6,6.8,7:00 PM,11,37,false,false,CleanOperational
2026-09-15,Tue,MC-13,Green,"Phoolbagan","Salt Lake Sector V",false,6.6,4.9,12:00 AM,18,14,false,false,CleanOperational
2026-09-15,Tue,MC-13,Green,"Phoolbagan","Salt Lake Sector V",false,6.6,4.9,10:00 AM,18,24,false,false,CleanOperational
2026-09-15,Tue,MC-13,Green,"Phoolbagan","Salt Lake Sector V",false,6.6,4.9,1:00 PM,18,20,false,false,CleanOperational
2026-09-15,Tue,MC-13,Green,"Phoolbagan","Salt Lake Sector V",false,6.6,4.9,7:00 PM,18,26,false,false,CleanOperational
2026-09-15,Tue,MC-14,Green,"Howrah","Phoolbagan",false,7.7,7.6,12:00 AM,12,18,false,false,CleanOperational
2026-09-15,Tue,MC-14,Green,"Howrah","Phoolbagan",false,7.7,7.6,10:00 AM,12,31,false,false,CleanOperational
2026-09-15,Tue,MC-14,Green,"Howrah","Phoolbagan",false,7.7,7.6,1:00 PM,12,35,false,false,CleanOperational
2026-09-15,Tue,MC-14,Green,"Howrah","Phoolbagan",false,7.7,7.6,7:00 PM,12,45,false,false,CleanOperational
2026-09-15,Tue,MC-15,Green,"Esplanade","Salt Lake Sector V",false,11.3,13.3,12:00 AM,25,22,false,false,CleanOperational
2026-09-15,Tue,MC-15,Green,"Esplanade","Salt Lake Sector V",false,11.3,13.3,10:00 AM,25,42,false,false,CleanOperational
2026-09-15,Tue,MC-15,Green,"Esplanade","Salt Lake Sector V",false,11.3,13.3,1:00 PM,25,31,false,false,CleanOperational
2026-09-15,Tue,MC-15,Green,"Esplanade","Salt Lake Sector V",false,11.3,13.3,7:00 PM,25,39,false,false,CleanOperational
2026-09-15,Tue,MC-16,Orange,"Kavi Subhash","Beleghata",true,9.8,9.8,12:00 AM,23,19,false,false,CleanOperational
2026-09-15,Tue,MC-16,Orange,"Kavi Subhash","Beleghata",true,9.8,9.8,10:00 AM,23,29,false,false,CleanOperational
2026-09-15,Tue,MC-16,Orange,"Kavi Subhash","Beleghata",true,9.8,9.8,1:00 PM,28,24,false,false,CleanOperational
2026-09-15,Tue,MC-16,Orange,"Kavi Subhash","Beleghata",true,9.8,9.8,7:00 PM,28,30,false,false,CleanOperational
2026-09-15,Tue,MC-17,Orange,"Hemanta Mukhopadhyay","Beleghata",false,4.4,4.4,12:00 AM,12,8,false,false,CleanOperational
2026-09-15,Tue,MC-17,Orange,"Hemanta Mukhopadhyay","Beleghata",false,4.4,4.4,10:00 AM,12,15,false,false,CleanOperational
2026-09-15,Tue,MC-17,Orange,"Hemanta Mukhopadhyay","Beleghata",false,4.4,4.4,1:00 PM,12,10,false,false,CleanOperational
2026-09-15,Tue,MC-17,Orange,"Hemanta Mukhopadhyay","Beleghata",false,4.4,4.4,7:00 PM,17,12,false,false,CleanOperational
2026-09-15,Tue,MC-18,Orange,"Kavi Subhash","Science City",false,8.9,8.8,12:00 AM,19,18,false,false,CleanOperational
2026-09-15,Tue,MC-18,Orange,"Kavi Subhash","Science City",false,8.9,8.8,10:00 AM,19,26,false,false,CleanOperational
2026-09-15,Tue,MC-18,Orange,"Kavi Subhash","Science City",false,8.9,8.8,1:00 PM,23,22,false,false,CleanOperational
2026-09-15,Tue,MC-18,Orange,"Kavi Subhash","Science City",false,8.9,8.8,7:00 PM,23,27,false,false,CleanOperational
2026-09-15,Tue,MC-19,Purple,"Joka","Majerhat",true,7.9,7.8,12:00 AM,17,17,false,false,CleanOperational
2026-09-15,Tue,MC-19,Purple,"Joka","Majerhat",true,7.9,7.8,10:00 AM,17,27,false,false,CleanOperational
2026-09-15,Tue,MC-19,Purple,"Joka","Majerhat",true,7.9,7.8,1:00 PM,17,24,false,false,CleanOperational
2026-09-15,Tue,MC-19,Purple,"Joka","Majerhat",true,7.9,7.8,7:00 PM,17,24,false,false,CleanOperational
2026-09-15,Tue,MC-20,Purple,"Behala Chowrasta","Majerhat",false,3.7,3.7,12:00 AM,9,9,false,false,CleanOperational
2026-09-15,Tue,MC-20,Purple,"Behala Chowrasta","Majerhat",false,3.7,3.7,10:00 AM,9,12,false,false,CleanOperational
2026-09-15,Tue,MC-20,Purple,"Behala Chowrasta","Majerhat",false,3.7,3.7,1:00 PM,51,12,true,false,WalkingFallback
2026-09-15,Tue,MC-20,Purple,"Behala Chowrasta","Majerhat",false,3.7,3.7,7:00 PM,9,11,false,false,CleanOperational
2026-09-15,Tue,MC-21,Purple,"Joka","Behala Chowrasta",false,4.2,4.1,12:00 AM,8,9,false,false,CleanOperational
2026-09-15,Tue,MC-21,Purple,"Joka","Behala Chowrasta",false,4.2,4.1,10:00 AM,8,14,false,false,CleanOperational
2026-09-15,Tue,MC-21,Purple,"Joka","Behala Chowrasta",false,4.2,4.1,1:00 PM,57,13,true,false,WalkingFallback
2026-09-15,Tue,MC-21,Purple,"Joka","Behala Chowrasta",false,4.2,4.1,7:00 PM,8,13,false,false,CleanOperational
2026-09-15,Tue,MC-22,Purple,"Joka","Taratala",false,6.6,6.5,12:00 AM,14,15,false,false,CleanOperational
2026-09-15,Tue,MC-22,Purple,"Joka","Taratala",false,6.6,6.5,10:00 AM,14,23,false,false,CleanOperational
2026-09-15,Tue,MC-22,Purple,"Joka","Taratala",false,6.6,6.5,1:00 PM,14,22,false,false,CleanOperational
2026-09-15,Tue,MC-22,Purple,"Joka","Taratala",false,6.6,6.5,7:00 PM,14,22,false,false,CleanOperational
2026-09-15,Tue,MC-23,Purple,"Behala Chowrasta","Taratala",false,2.4,2.4,12:00 AM,6,6,false,false,CleanOperational
2026-09-15,Tue,MC-23,Purple,"Behala Chowrasta","Taratala",false,2.4,2.4,10:00 AM,6,8,false,false,CleanOperational
2026-09-15,Tue,MC-23,Purple,"Behala Chowrasta","Taratala",false,2.4,2.4,1:00 PM,33,9,true,false,WalkingFallback
2026-09-15,Tue,MC-23,Purple,"Behala Chowrasta","Taratala",false,2.4,2.4,7:00 PM,6,8,false,false,CleanOperational
2026-09-15,Tue,MC-24,Purple,"Taratala","Majerhat",false,1.3,1.3,12:00 AM,3,3,false,false,CleanOperational
2026-09-15,Tue,MC-24,Purple,"Taratala","Majerhat",false,1.3,1.3,10:00 AM,3,3,false,false,CleanOperational
2026-09-15,Tue,MC-24,Purple,"Taratala","Majerhat",false,1.3,1.3,1:00 PM,18,3,true,false,WalkingFallback
2026-09-15,Tue,MC-24,Purple,"Taratala","Majerhat",false,1.3,1.3,7:00 PM,3,3,false,false,CleanOperational
2026-09-16,Wed,MC-01,Blue,"Dakshineswar","Esplanade",true,15,12.4,12:00 AM,28,31,false,false,CleanOperational
2026-09-16,Wed,MC-01,Blue,"Dakshineswar","Esplanade",true,15,12.4,10:00 AM,28,51,false,false,CleanOperational
2026-09-16,Wed,MC-01,Blue,"Dakshineswar","Esplanade",true,15,12.4,1:00 PM,31,55,false,false,CleanOperational
2026-09-16,Wed,MC-01,Blue,"Dakshineswar","Esplanade",true,15,12.4,7:00 PM,28,53,false,false,CleanOperational
2026-09-16,Wed,MC-02,Blue,"Shahid Khudiram","Esplanade",true,14.9,16.5,12:00 AM,28,31,false,false,CleanOperational
2026-09-16,Wed,MC-02,Blue,"Shahid Khudiram","Esplanade",true,14.9,16.5,10:00 AM,28,54,false,false,CleanOperational
2026-09-16,Wed,MC-02,Blue,"Shahid Khudiram","Esplanade",true,14.9,16.5,1:00 PM,30,44,false,false,CleanOperational
2026-09-16,Wed,MC-02,Blue,"Shahid Khudiram","Esplanade",true,14.9,16.5,7:00 PM,29,69,false,false,CleanOperational
2026-09-16,Wed,MC-03,Blue,"Shyambazar","Dum Dum",false,3.8,3.5,12:00 AM,53,11,true,false,WalkingFallback
2026-09-16,Wed,MC-03,Blue,"Shyambazar","Dum Dum",false,3.8,3.5,10:00 AM,7,16,false,false,CleanOperational
2026-09-16,Wed,MC-03,Blue,"Shyambazar","Dum Dum",false,3.8,3.5,1:00 PM,53,17,true,false,WalkingFallback
2026-09-16,Wed,MC-03,Blue,"Shyambazar","Dum Dum",false,3.8,3.5,7:00 PM,8,18,false,false,CleanOperational
2026-09-16,Wed,MC-04,Blue,"Shyambazar","Esplanade",false,5.1,5.2,12:00 AM,11,16,false,false,CleanOperational
2026-09-16,Wed,MC-04,Blue,"Shyambazar","Esplanade",false,5.1,5.2,10:00 AM,11,22,false,false,CleanOperational
2026-09-16,Wed,MC-04,Blue,"Shyambazar","Esplanade",false,5.1,5.2,1:00 PM,11,27,false,false,CleanOperational
2026-09-16,Wed,MC-04,Blue,"Shyambazar","Esplanade",false,5.1,5.2,7:00 PM,11,27,false,false,CleanOperational
2026-09-16,Wed,MC-05,Blue,"Kalighat","Esplanade",false,5.2,5.1,12:00 AM,11,12,false,false,CleanOperational
2026-09-16,Wed,MC-05,Blue,"Kalighat","Esplanade",false,5.2,5.1,10:00 AM,11,19,false,false,CleanOperational
2026-09-16,Wed,MC-05,Blue,"Kalighat","Esplanade",false,5.2,5.1,1:00 PM,11,31,false,false,CleanOperational
2026-09-16,Wed,MC-05,Blue,"Kalighat","Esplanade",false,5.2,5.1,7:00 PM,11,21,false,false,CleanOperational
2026-09-16,Wed,MC-06,Blue,"Dakshineswar","Dum Dum",false,6.2,7,12:00 AM,12,17,false,false,CleanOperational
2026-09-16,Wed,MC-06,Blue,"Dakshineswar","Dum Dum",false,6.2,7,10:00 AM,12,32,false,false,CleanOperational
2026-09-16,Wed,MC-06,Blue,"Dakshineswar","Dum Dum",false,6.2,7,1:00 PM,15,30,false,false,CleanOperational
2026-09-16,Wed,MC-06,Blue,"Dakshineswar","Dum Dum",false,6.2,7,7:00 PM,12,30,false,false,CleanOperational
2026-09-16,Wed,MC-07,Blue,"Esplanade","Mahanayak Uttam Kumar (Tollygunge)",false,7.8,8.3,12:00 AM,17,18,false,false,CleanOperational
2026-09-16,Wed,MC-07,Blue,"Esplanade","Mahanayak Uttam Kumar (Tollygunge)",false,7.8,8.3,10:00 AM,17,36,false,false,CleanOperational
2026-09-16,Wed,MC-07,Blue,"Esplanade","Mahanayak Uttam Kumar (Tollygunge)",false,7.8,8.3,1:00 PM,23,37,false,false,CleanOperational
2026-09-16,Wed,MC-07,Blue,"Esplanade","Mahanayak Uttam Kumar (Tollygunge)",false,7.8,8.3,7:00 PM,18,37,false,false,CleanOperational
2026-09-16,Wed,MC-08,Blue,"Mahanayak Uttam Kumar (Tollygunge)","Kavi Subhash",false,7.1,6.4,12:00 AM,15,16,false,false,CleanOperational
2026-09-16,Wed,MC-08,Blue,"Mahanayak Uttam Kumar (Tollygunge)","Kavi Subhash",false,7.1,6.4,10:00 AM,15,27,false,false,CleanOperational
2026-09-16,Wed,MC-08,Blue,"Mahanayak Uttam Kumar (Tollygunge)","Kavi Subhash",false,7.1,6.4,1:00 PM,17,28,false,false,CleanOperational
2026-09-16,Wed,MC-08,Blue,"Mahanayak Uttam Kumar (Tollygunge)","Kavi Subhash",false,7.1,6.4,7:00 PM,15,33,false,false,CleanOperational
2026-09-16,Wed,MC-09,Blue,"Dum Dum","Esplanade",false,8.8,8.8,12:00 AM,16,27,false,false,CleanOperational
2026-09-16,Wed,MC-09,Blue,"Dum Dum","Esplanade",false,8.8,8.8,10:00 AM,16,38,false,false,CleanOperational
2026-09-16,Wed,MC-09,Blue,"Dum Dum","Esplanade",false,8.8,8.8,1:00 PM,16,43,false,false,CleanOperational
2026-09-16,Wed,MC-09,Blue,"Dum Dum","Esplanade",false,8.8,8.8,7:00 PM,16,45,false,false,CleanOperational
2026-09-16,Wed,MC-10,Green,"Howrah","Salt Lake Sector V",true,14.2,12.4,12:00 AM,30,30,false,false,CleanOperational
2026-09-16,Wed,MC-10,Green,"Howrah","Salt Lake Sector V",true,14.2,12.4,10:00 AM,30,53,false,false,CleanOperational
2026-09-16,Wed,MC-10,Green,"Howrah","Salt Lake Sector V",true,14.2,12.4,1:00 PM,30,49,false,false,CleanOperational
2026-09-16,Wed,MC-10,Green,"Howrah","Salt Lake Sector V",true,14.2,12.4,7:00 PM,30,65,false,false,CleanOperational
2026-09-16,Wed,MC-11,Green,"Sealdah","Salt Lake Sector V",false,8.6,8,12:00 AM,21,17,false,false,CleanOperational
2026-09-16,Wed,MC-11,Green,"Sealdah","Salt Lake Sector V",false,8.6,8,10:00 AM,21,35,false,false,CleanOperational
2026-09-16,Wed,MC-11,Green,"Sealdah","Salt Lake Sector V",false,8.6,8,1:00 PM,21,27,false,false,CleanOperational
2026-09-16,Wed,MC-11,Green,"Sealdah","Salt Lake Sector V",false,8.6,8,7:00 PM,21,30,false,false,CleanOperational
2026-09-16,Wed,MC-12,Green,"Howrah","Sealdah",false,5.6,6.8,12:00 AM,11,16,false,false,CleanOperational
2026-09-16,Wed,MC-12,Green,"Howrah","Sealdah",false,5.6,6.8,10:00 AM,11,31,false,false,CleanOperational
2026-09-16,Wed,MC-12,Green,"Howrah","Sealdah",false,5.6,6.8,1:00 PM,11,34,false,false,CleanOperational
2026-09-16,Wed,MC-12,Green,"Howrah","Sealdah",false,5.6,6.8,7:00 PM,11,36,false,false,CleanOperational
2026-09-16,Wed,MC-13,Green,"Phoolbagan","Salt Lake Sector V",false,6.6,4.9,12:00 AM,18,14,false,false,CleanOperational
2026-09-16,Wed,MC-13,Green,"Phoolbagan","Salt Lake Sector V",false,6.6,4.9,10:00 AM,18,25,false,false,CleanOperational
2026-09-16,Wed,MC-13,Green,"Phoolbagan","Salt Lake Sector V",false,6.6,4.9,1:00 PM,18,20,false,false,CleanOperational
2026-09-16,Wed,MC-13,Green,"Phoolbagan","Salt Lake Sector V",false,6.6,4.9,7:00 PM,18,24,false,false,CleanOperational
2026-09-16,Wed,MC-14,Green,"Howrah","Phoolbagan",false,7.7,7.6,12:00 AM,12,18,false,false,CleanOperational
2026-09-16,Wed,MC-14,Green,"Howrah","Phoolbagan",false,7.7,7.6,10:00 AM,12,31,false,false,CleanOperational
2026-09-16,Wed,MC-14,Green,"Howrah","Phoolbagan",false,7.7,7.6,1:00 PM,12,38,false,false,CleanOperational
2026-09-16,Wed,MC-14,Green,"Howrah","Phoolbagan",false,7.7,7.6,7:00 PM,12,42,false,false,CleanOperational
2026-09-16,Wed,MC-15,Green,"Esplanade","Salt Lake Sector V",false,11.3,13.3,12:00 AM,25,22,false,false,CleanOperational
2026-09-16,Wed,MC-15,Green,"Esplanade","Salt Lake Sector V",false,11.3,13.3,10:00 AM,25,41,false,false,CleanOperational
2026-09-16,Wed,MC-15,Green,"Esplanade","Salt Lake Sector V",false,11.3,13.3,1:00 PM,25,31,false,false,CleanOperational
2026-09-16,Wed,MC-15,Green,"Esplanade","Salt Lake Sector V",false,11.3,13.3,7:00 PM,25,48,false,false,CleanOperational
2026-09-16,Wed,MC-16,Orange,"Kavi Subhash","Beleghata",true,9.8,9.8,12:00 AM,23,19,false,false,CleanOperational
2026-09-16,Wed,MC-16,Orange,"Kavi Subhash","Beleghata",true,9.8,9.8,10:00 AM,23,29,false,false,CleanOperational
2026-09-16,Wed,MC-16,Orange,"Kavi Subhash","Beleghata",true,9.8,9.8,1:00 PM,28,24,false,false,CleanOperational
2026-09-16,Wed,MC-16,Orange,"Kavi Subhash","Beleghata",true,9.8,9.8,7:00 PM,28,32,false,false,CleanOperational
2026-09-16,Wed,MC-17,Orange,"Hemanta Mukhopadhyay","Beleghata",false,4.4,4.4,12:00 AM,12,8,false,false,CleanOperational
2026-09-16,Wed,MC-17,Orange,"Hemanta Mukhopadhyay","Beleghata",false,4.4,4.4,10:00 AM,12,15,false,false,CleanOperational
2026-09-16,Wed,MC-17,Orange,"Hemanta Mukhopadhyay","Beleghata",false,4.4,4.4,1:00 PM,12,10,false,false,CleanOperational
2026-09-16,Wed,MC-17,Orange,"Hemanta Mukhopadhyay","Beleghata",false,4.4,4.4,7:00 PM,17,14,false,false,CleanOperational
2026-09-16,Wed,MC-18,Orange,"Kavi Subhash","Science City",false,8.9,8.8,12:00 AM,19,18,false,false,CleanOperational
2026-09-16,Wed,MC-18,Orange,"Kavi Subhash","Science City",false,8.9,8.8,10:00 AM,19,26,false,false,CleanOperational
2026-09-16,Wed,MC-18,Orange,"Kavi Subhash","Science City",false,8.9,8.8,1:00 PM,23,22,false,false,CleanOperational
2026-09-16,Wed,MC-18,Orange,"Kavi Subhash","Science City",false,8.9,8.8,7:00 PM,23,27,false,false,CleanOperational
2026-09-16,Wed,MC-19,Purple,"Joka","Majerhat",true,7.9,7.8,12:00 AM,17,18,false,false,CleanOperational
2026-09-16,Wed,MC-19,Purple,"Joka","Majerhat",true,7.9,7.8,10:00 AM,17,28,false,false,CleanOperational
2026-09-16,Wed,MC-19,Purple,"Joka","Majerhat",true,7.9,7.8,1:00 PM,17,24,false,false,CleanOperational
2026-09-16,Wed,MC-19,Purple,"Joka","Majerhat",true,7.9,7.8,7:00 PM,17,26,false,false,CleanOperational
2026-09-16,Wed,MC-20,Purple,"Behala Chowrasta","Majerhat",false,3.7,3.7,12:00 AM,9,10,false,false,CleanOperational
2026-09-16,Wed,MC-20,Purple,"Behala Chowrasta","Majerhat",false,3.7,3.7,10:00 AM,9,14,false,false,CleanOperational
2026-09-16,Wed,MC-20,Purple,"Behala Chowrasta","Majerhat",false,3.7,3.7,1:00 PM,51,12,true,false,WalkingFallback
2026-09-16,Wed,MC-20,Purple,"Behala Chowrasta","Majerhat",false,3.7,3.7,7:00 PM,9,13,false,false,CleanOperational
2026-09-16,Wed,MC-21,Purple,"Joka","Behala Chowrasta",false,4.2,4.1,12:00 AM,8,9,false,false,CleanOperational
2026-09-16,Wed,MC-21,Purple,"Joka","Behala Chowrasta",false,4.2,4.1,10:00 AM,8,14,false,false,CleanOperational
2026-09-16,Wed,MC-21,Purple,"Joka","Behala Chowrasta",false,4.2,4.1,1:00 PM,57,12,true,false,WalkingFallback
2026-09-16,Wed,MC-21,Purple,"Joka","Behala Chowrasta",false,4.2,4.1,7:00 PM,8,13,false,false,CleanOperational
2026-09-16,Wed,MC-22,Purple,"Joka","Taratala",false,6.6,6.5,12:00 AM,14,15,false,false,CleanOperational
2026-09-16,Wed,MC-22,Purple,"Joka","Taratala",false,6.6,6.5,10:00 AM,14,24,false,false,CleanOperational
2026-09-16,Wed,MC-22,Purple,"Joka","Taratala",false,6.6,6.5,1:00 PM,14,20,false,false,CleanOperational
2026-09-16,Wed,MC-22,Purple,"Joka","Taratala",false,6.6,6.5,7:00 PM,14,23,false,false,CleanOperational
2026-09-16,Wed,MC-23,Purple,"Behala Chowrasta","Taratala",false,2.4,2.4,12:00 AM,6,7,false,false,CleanOperational
2026-09-16,Wed,MC-23,Purple,"Behala Chowrasta","Taratala",false,2.4,2.4,10:00 AM,6,10,false,false,CleanOperational
2026-09-16,Wed,MC-23,Purple,"Behala Chowrasta","Taratala",false,2.4,2.4,1:00 PM,33,9,true,false,WalkingFallback
2026-09-16,Wed,MC-23,Purple,"Behala Chowrasta","Taratala",false,2.4,2.4,7:00 PM,6,10,false,false,CleanOperational
2026-09-16,Wed,MC-24,Purple,"Taratala","Majerhat",false,1.3,1.3,12:00 AM,3,3,false,false,CleanOperational
2026-09-16,Wed,MC-24,Purple,"Taratala","Majerhat",false,1.3,1.3,10:00 AM,3,5,false,false,CleanOperational
2026-09-16,Wed,MC-24,Purple,"Taratala","Majerhat",false,1.3,1.3,1:00 PM,18,3,true,false,WalkingFallback
2026-09-16,Wed,MC-24,Purple,"Taratala","Majerhat",false,1.3,1.3,7:00 PM,3,3,false,false,CleanOperational
2026-09-17,Thu,MC-01,Blue,"Dakshineswar","Esplanade",true,15,12.4,12:00 AM,28,30,false,false,CleanOperational
2026-09-17,Thu,MC-01,Blue,"Dakshineswar","Esplanade",true,15,12.4,10:00 AM,28,48,false,false,CleanOperational
2026-09-17,Thu,MC-01,Blue,"Dakshineswar","Esplanade",true,15,12.4,1:00 PM,28,52,false,false,CleanOperational
2026-09-17,Thu,MC-01,Blue,"Dakshineswar","Esplanade",true,15,12.4,7:00 PM,28,47,false,false,CleanOperational
2026-09-17,Thu,MC-02,Blue,"Shahid Khudiram","Esplanade",true,14.9,16.5,12:00 AM,28,31,false,false,CleanOperational
2026-09-17,Thu,MC-02,Blue,"Shahid Khudiram","Esplanade",true,14.9,16.5,10:00 AM,28,46,false,false,CleanOperational
2026-09-17,Thu,MC-02,Blue,"Shahid Khudiram","Esplanade",true,14.9,16.5,1:00 PM,30,42,false,false,CleanOperational
2026-09-17,Thu,MC-02,Blue,"Shahid Khudiram","Esplanade",true,14.9,16.5,7:00 PM,29,64,false,false,CleanOperational
2026-09-17,Thu,MC-03,Blue,"Shyambazar","Dum Dum",false,3.8,3.5,12:00 AM,7,12,false,false,CleanOperational
2026-09-17,Thu,MC-03,Blue,"Shyambazar","Dum Dum",false,3.8,3.5,10:00 AM,7,15,false,false,CleanOperational
2026-09-17,Thu,MC-03,Blue,"Shyambazar","Dum Dum",false,3.8,3.5,1:00 PM,53,17,true,false,WalkingFallback
2026-09-17,Thu,MC-03,Blue,"Shyambazar","Dum Dum",false,3.8,3.5,7:00 PM,8,20,false,false,CleanOperational
2026-09-17,Thu,MC-04,Blue,"Shyambazar","Esplanade",false,5.1,5.2,12:00 AM,11,16,false,false,CleanOperational
2026-09-17,Thu,MC-04,Blue,"Shyambazar","Esplanade",false,5.1,5.2,10:00 AM,11,23,false,false,CleanOperational
2026-09-17,Thu,MC-04,Blue,"Shyambazar","Esplanade",false,5.1,5.2,1:00 PM,11,25,false,false,CleanOperational
2026-09-17,Thu,MC-04,Blue,"Shyambazar","Esplanade",false,5.1,5.2,7:00 PM,11,25,false,false,CleanOperational
2026-09-17,Thu,MC-05,Blue,"Kalighat","Esplanade",false,5.2,5.1,12:00 AM,11,12,false,false,CleanOperational
2026-09-17,Thu,MC-05,Blue,"Kalighat","Esplanade",false,5.2,5.1,10:00 AM,11,18,false,false,CleanOperational
2026-09-17,Thu,MC-05,Blue,"Kalighat","Esplanade",false,5.2,5.1,1:00 PM,11,25,false,false,CleanOperational
2026-09-17,Thu,MC-05,Blue,"Kalighat","Esplanade",false,5.2,5.1,7:00 PM,11,20,false,false,CleanOperational
2026-09-17,Thu,MC-06,Blue,"Dakshineswar","Dum Dum",false,6.2,7,12:00 AM,12,17,false,false,CleanOperational
2026-09-17,Thu,MC-06,Blue,"Dakshineswar","Dum Dum",false,6.2,7,10:00 AM,12,29,false,false,CleanOperational
2026-09-17,Thu,MC-06,Blue,"Dakshineswar","Dum Dum",false,6.2,7,1:00 PM,15,29,false,false,CleanOperational
2026-09-17,Thu,MC-06,Blue,"Dakshineswar","Dum Dum",false,6.2,7,7:00 PM,12,28,false,false,CleanOperational
2026-09-17,Thu,MC-07,Blue,"Esplanade","Mahanayak Uttam Kumar (Tollygunge)",false,7.8,8.3,12:00 AM,17,18,false,false,CleanOperational
2026-09-17,Thu,MC-07,Blue,"Esplanade","Mahanayak Uttam Kumar (Tollygunge)",false,7.8,8.3,10:00 AM,17,30,false,false,CleanOperational
2026-09-17,Thu,MC-07,Blue,"Esplanade","Mahanayak Uttam Kumar (Tollygunge)",false,7.8,8.3,1:00 PM,23,31,false,false,CleanOperational
2026-09-17,Thu,MC-07,Blue,"Esplanade","Mahanayak Uttam Kumar (Tollygunge)",false,7.8,8.3,7:00 PM,18,41,false,false,CleanOperational
2026-09-17,Thu,MC-08,Blue,"Mahanayak Uttam Kumar (Tollygunge)","Kavi Subhash",false,7.1,6.4,12:00 AM,15,15,false,false,CleanOperational
2026-09-17,Thu,MC-08,Blue,"Mahanayak Uttam Kumar (Tollygunge)","Kavi Subhash",false,7.1,6.4,10:00 AM,15,25,false,false,CleanOperational
2026-09-17,Thu,MC-08,Blue,"Mahanayak Uttam Kumar (Tollygunge)","Kavi Subhash",false,7.1,6.4,1:00 PM,17,26,false,false,CleanOperational
2026-09-17,Thu,MC-08,Blue,"Mahanayak Uttam Kumar (Tollygunge)","Kavi Subhash",false,7.1,6.4,7:00 PM,15,34,false,false,CleanOperational
2026-09-17,Thu,MC-09,Blue,"Dum Dum","Esplanade",false,8.8,8.8,12:00 AM,16,27,false,false,CleanOperational
2026-09-17,Thu,MC-09,Blue,"Dum Dum","Esplanade",false,8.8,8.8,10:00 AM,16,37,false,false,CleanOperational
2026-09-17,Thu,MC-09,Blue,"Dum Dum","Esplanade",false,8.8,8.8,1:00 PM,16,40,false,false,CleanOperational
2026-09-17,Thu,MC-09,Blue,"Dum Dum","Esplanade",false,8.8,8.8,7:00 PM,16,45,false,false,CleanOperational
2026-09-17,Thu,MC-10,Green,"Howrah","Salt Lake Sector V",true,14.2,12.4,12:00 AM,30,30,false,false,CleanOperational
2026-09-17,Thu,MC-10,Green,"Howrah","Salt Lake Sector V",true,14.2,12.4,10:00 AM,30,48,false,false,CleanOperational
2026-09-17,Thu,MC-10,Green,"Howrah","Salt Lake Sector V",true,14.2,12.4,1:00 PM,30,45,false,false,CleanOperational
2026-09-17,Thu,MC-10,Green,"Howrah","Salt Lake Sector V",true,14.2,12.4,7:00 PM,30,61,false,false,CleanOperational
2026-09-17,Thu,MC-11,Green,"Sealdah","Salt Lake Sector V",false,8.6,8,12:00 AM,21,18,false,false,CleanOperational
2026-09-17,Thu,MC-11,Green,"Sealdah","Salt Lake Sector V",false,8.6,8,10:00 AM,21,32,false,false,CleanOperational
2026-09-17,Thu,MC-11,Green,"Sealdah","Salt Lake Sector V",false,8.6,8,1:00 PM,21,25,false,false,CleanOperational
2026-09-17,Thu,MC-11,Green,"Sealdah","Salt Lake Sector V",false,8.6,8,7:00 PM,21,35,false,false,CleanOperational
2026-09-17,Thu,MC-12,Green,"Howrah","Sealdah",false,5.6,6.8,12:00 AM,11,16,false,false,CleanOperational
2026-09-17,Thu,MC-12,Green,"Howrah","Sealdah",false,5.6,6.8,10:00 AM,11,27,false,false,CleanOperational
2026-09-17,Thu,MC-12,Green,"Howrah","Sealdah",false,5.6,6.8,1:00 PM,11,34,false,false,CleanOperational
2026-09-17,Thu,MC-12,Green,"Howrah","Sealdah",false,5.6,6.8,7:00 PM,11,35,false,false,CleanOperational
2026-09-17,Thu,MC-13,Green,"Phoolbagan","Salt Lake Sector V",false,6.6,4.9,12:00 AM,18,14,false,false,CleanOperational
2026-09-17,Thu,MC-13,Green,"Phoolbagan","Salt Lake Sector V",false,6.6,4.9,10:00 AM,18,23,false,false,CleanOperational
2026-09-17,Thu,MC-13,Green,"Phoolbagan","Salt Lake Sector V",false,6.6,4.9,1:00 PM,18,20,false,false,CleanOperational
2026-09-17,Thu,MC-13,Green,"Phoolbagan","Salt Lake Sector V",false,6.6,4.9,7:00 PM,18,26,false,false,CleanOperational
2026-09-17,Thu,MC-14,Green,"Howrah","Phoolbagan",false,7.7,7.6,12:00 AM,12,18,false,false,CleanOperational
2026-09-17,Thu,MC-14,Green,"Howrah","Phoolbagan",false,7.7,7.6,10:00 AM,12,28,false,false,CleanOperational
2026-09-17,Thu,MC-14,Green,"Howrah","Phoolbagan",false,7.7,7.6,1:00 PM,12,33,false,false,CleanOperational
2026-09-17,Thu,MC-14,Green,"Howrah","Phoolbagan",false,7.7,7.6,7:00 PM,12,43,false,false,CleanOperational
2026-09-17,Thu,MC-15,Green,"Esplanade","Salt Lake Sector V",false,11.3,13.3,12:00 AM,25,23,false,false,CleanOperational
2026-09-17,Thu,MC-15,Green,"Esplanade","Salt Lake Sector V",false,11.3,13.3,10:00 AM,25,38,false,false,CleanOperational
2026-09-17,Thu,MC-15,Green,"Esplanade","Salt Lake Sector V",false,11.3,13.3,1:00 PM,25,29,false,false,CleanOperational
2026-09-17,Thu,MC-15,Green,"Esplanade","Salt Lake Sector V",false,11.3,13.3,7:00 PM,25,40,false,false,CleanOperational
2026-09-17,Thu,MC-16,Orange,"Kavi Subhash","Beleghata",true,9.8,9.8,12:00 AM,28,19,false,false,CleanOperational
2026-09-17,Thu,MC-16,Orange,"Kavi Subhash","Beleghata",true,9.8,9.8,10:00 AM,23,27,false,false,CleanOperational
2026-09-17,Thu,MC-16,Orange,"Kavi Subhash","Beleghata",true,9.8,9.8,1:00 PM,28,23,false,false,CleanOperational
2026-09-17,Thu,MC-16,Orange,"Kavi Subhash","Beleghata",true,9.8,9.8,7:00 PM,28,34,false,false,CleanOperational
2026-09-17,Thu,MC-17,Orange,"Hemanta Mukhopadhyay","Beleghata",false,4.4,4.4,12:00 AM,12,8,false,false,CleanOperational
2026-09-17,Thu,MC-17,Orange,"Hemanta Mukhopadhyay","Beleghata",false,4.4,4.4,10:00 AM,12,13,false,false,CleanOperational
2026-09-17,Thu,MC-17,Orange,"Hemanta Mukhopadhyay","Beleghata",false,4.4,4.4,1:00 PM,12,10,false,false,CleanOperational
2026-09-17,Thu,MC-17,Orange,"Hemanta Mukhopadhyay","Beleghata",false,4.4,4.4,7:00 PM,17,17,false,false,CleanOperational
2026-09-17,Thu,MC-18,Orange,"Kavi Subhash","Science City",false,8.9,8.8,12:00 AM,23,18,false,false,CleanOperational
2026-09-17,Thu,MC-18,Orange,"Kavi Subhash","Science City",false,8.9,8.8,10:00 AM,19,24,false,false,CleanOperational
2026-09-17,Thu,MC-18,Orange,"Kavi Subhash","Science City",false,8.9,8.8,1:00 PM,23,21,false,false,CleanOperational
2026-09-17,Thu,MC-18,Orange,"Kavi Subhash","Science City",false,8.9,8.8,7:00 PM,23,32,false,false,CleanOperational
2026-09-17,Thu,MC-19,Purple,"Joka","Majerhat",true,7.9,7.8,12:00 AM,17,19,false,false,CleanOperational
2026-09-17,Thu,MC-19,Purple,"Joka","Majerhat",true,7.9,7.8,10:00 AM,17,26,false,false,CleanOperational
2026-09-17,Thu,MC-19,Purple,"Joka","Majerhat",true,7.9,7.8,1:00 PM,17,23,false,false,CleanOperational
2026-09-17,Thu,MC-19,Purple,"Joka","Majerhat",true,7.9,7.8,7:00 PM,17,25,false,false,CleanOperational
2026-09-17,Thu,MC-20,Purple,"Behala Chowrasta","Majerhat",false,3.7,3.7,12:00 AM,9,11,false,false,CleanOperational
2026-09-17,Thu,MC-20,Purple,"Behala Chowrasta","Majerhat",false,3.7,3.7,10:00 AM,9,13,false,false,CleanOperational
2026-09-17,Thu,MC-20,Purple,"Behala Chowrasta","Majerhat",false,3.7,3.7,1:00 PM,51,11,true,false,WalkingFallback
2026-09-17,Thu,MC-20,Purple,"Behala Chowrasta","Majerhat",false,3.7,3.7,7:00 PM,9,11,false,false,CleanOperational
2026-09-17,Thu,MC-21,Purple,"Joka","Behala Chowrasta",false,4.2,4.1,12:00 AM,8,9,false,false,CleanOperational
2026-09-17,Thu,MC-21,Purple,"Joka","Behala Chowrasta",false,4.2,4.1,10:00 AM,8,13,false,false,CleanOperational
2026-09-17,Thu,MC-21,Purple,"Joka","Behala Chowrasta",false,4.2,4.1,1:00 PM,57,12,true,false,WalkingFallback
2026-09-17,Thu,MC-21,Purple,"Joka","Behala Chowrasta",false,4.2,4.1,7:00 PM,8,14,false,false,CleanOperational
2026-09-17,Thu,MC-22,Purple,"Joka","Taratala",false,6.6,6.5,12:00 AM,14,17,false,false,CleanOperational
2026-09-17,Thu,MC-22,Purple,"Joka","Taratala",false,6.6,6.5,10:00 AM,14,23,false,false,CleanOperational
2026-09-17,Thu,MC-22,Purple,"Joka","Taratala",false,6.6,6.5,1:00 PM,14,20,false,false,CleanOperational
2026-09-17,Thu,MC-22,Purple,"Joka","Taratala",false,6.6,6.5,7:00 PM,14,23,false,false,CleanOperational
2026-09-17,Thu,MC-23,Purple,"Behala Chowrasta","Taratala",false,2.4,2.4,12:00 AM,6,9,false,false,CleanOperational
2026-09-17,Thu,MC-23,Purple,"Behala Chowrasta","Taratala",false,2.4,2.4,10:00 AM,6,9,false,false,CleanOperational
2026-09-17,Thu,MC-23,Purple,"Behala Chowrasta","Taratala",false,2.4,2.4,1:00 PM,33,8,true,false,WalkingFallback
2026-09-17,Thu,MC-23,Purple,"Behala Chowrasta","Taratala",false,2.4,2.4,7:00 PM,6,9,false,false,CleanOperational
2026-09-17,Thu,MC-24,Purple,"Taratala","Majerhat",false,1.3,1.3,12:00 AM,3,3,false,false,CleanOperational
2026-09-17,Thu,MC-24,Purple,"Taratala","Majerhat",false,1.3,1.3,10:00 AM,3,4,false,false,CleanOperational
2026-09-17,Thu,MC-24,Purple,"Taratala","Majerhat",false,1.3,1.3,1:00 PM,18,3,true,false,WalkingFallback
2026-09-17,Thu,MC-24,Purple,"Taratala","Majerhat",false,1.3,1.3,7:00 PM,3,3,false,false,CleanOperational
2026-09-18,Fri,MC-01,Blue,"Dakshineswar","Esplanade",true,15,12.4,12:00 AM,28,30,false,false,CleanOperational
2026-09-18,Fri,MC-01,Blue,"Dakshineswar","Esplanade",true,15,12.4,10:00 AM,28,40,false,false,CleanOperational
2026-09-18,Fri,MC-01,Blue,"Dakshineswar","Esplanade",true,15,12.4,1:00 PM,31,40,false,false,CleanOperational
2026-09-18,Fri,MC-01,Blue,"Dakshineswar","Esplanade",true,15,12.4,7:00 PM,28,41,false,false,CleanOperational
2026-09-18,Fri,MC-02,Blue,"Shahid Khudiram","Esplanade",true,14.9,16.5,12:00 AM,28,31,false,false,CleanOperational
2026-09-18,Fri,MC-02,Blue,"Shahid Khudiram","Esplanade",true,14.9,16.5,10:00 AM,28,43,false,false,CleanOperational
2026-09-18,Fri,MC-02,Blue,"Shahid Khudiram","Esplanade",true,14.9,16.5,1:00 PM,30,43,false,false,CleanOperational
2026-09-18,Fri,MC-02,Blue,"Shahid Khudiram","Esplanade",true,14.9,16.5,7:00 PM,29,47,false,false,CleanOperational
2026-09-18,Fri,MC-03,Blue,"Shyambazar","Dum Dum",false,3.8,3.5,12:00 AM,7,12,false,false,CleanOperational
2026-09-18,Fri,MC-03,Blue,"Shyambazar","Dum Dum",false,3.8,3.5,10:00 AM,7,14,false,false,CleanOperational
2026-09-18,Fri,MC-03,Blue,"Shyambazar","Dum Dum",false,3.8,3.5,1:00 PM,53,14,true,false,WalkingFallback
2026-09-18,Fri,MC-03,Blue,"Shyambazar","Dum Dum",false,3.8,3.5,7:00 PM,8,16,false,false,CleanOperational
2026-09-18,Fri,MC-04,Blue,"Shyambazar","Esplanade",false,5.1,5.2,12:00 AM,11,15,false,false,CleanOperational
2026-09-18,Fri,MC-04,Blue,"Shyambazar","Esplanade",false,5.1,5.2,10:00 AM,11,19,false,false,CleanOperational
2026-09-18,Fri,MC-04,Blue,"Shyambazar","Esplanade",false,5.1,5.2,1:00 PM,11,22,false,false,CleanOperational
2026-09-18,Fri,MC-04,Blue,"Shyambazar","Esplanade",false,5.1,5.2,7:00 PM,11,21,false,false,CleanOperational
2026-09-18,Fri,MC-05,Blue,"Kalighat","Esplanade",false,5.2,5.1,12:00 AM,11,12,false,false,CleanOperational
2026-09-18,Fri,MC-05,Blue,"Kalighat","Esplanade",false,5.2,5.1,10:00 AM,11,15,false,false,CleanOperational
2026-09-18,Fri,MC-05,Blue,"Kalighat","Esplanade",false,5.2,5.1,1:00 PM,11,17,false,false,CleanOperational
2026-09-18,Fri,MC-05,Blue,"Kalighat","Esplanade",false,5.2,5.1,7:00 PM,11,19,false,false,CleanOperational
2026-09-18,Fri,MC-06,Blue,"Dakshineswar","Dum Dum",false,6.2,7,12:00 AM,12,18,false,false,CleanOperational
2026-09-18,Fri,MC-06,Blue,"Dakshineswar","Dum Dum",false,6.2,7,10:00 AM,12,25,false,false,CleanOperational
2026-09-18,Fri,MC-06,Blue,"Dakshineswar","Dum Dum",false,6.2,7,1:00 PM,15,23,false,false,CleanOperational
2026-09-18,Fri,MC-06,Blue,"Dakshineswar","Dum Dum",false,6.2,7,7:00 PM,12,24,false,false,CleanOperational
2026-09-18,Fri,MC-07,Blue,"Esplanade","Mahanayak Uttam Kumar (Tollygunge)",false,7.8,8.3,12:00 AM,17,18,false,false,CleanOperational
2026-09-18,Fri,MC-07,Blue,"Esplanade","Mahanayak Uttam Kumar (Tollygunge)",false,7.8,8.3,10:00 AM,17,28,false,false,CleanOperational
2026-09-18,Fri,MC-07,Blue,"Esplanade","Mahanayak Uttam Kumar (Tollygunge)",false,7.8,8.3,1:00 PM,23,30,false,false,CleanOperational
2026-09-18,Fri,MC-07,Blue,"Esplanade","Mahanayak Uttam Kumar (Tollygunge)",false,7.8,8.3,7:00 PM,18,33,false,false,CleanOperational
2026-09-18,Fri,MC-08,Blue,"Mahanayak Uttam Kumar (Tollygunge)","Kavi Subhash",false,7.1,6.4,12:00 AM,15,16,false,false,CleanOperational
2026-09-18,Fri,MC-08,Blue,"Mahanayak Uttam Kumar (Tollygunge)","Kavi Subhash",false,7.1,6.4,10:00 AM,15,22,false,false,CleanOperational
2026-09-18,Fri,MC-08,Blue,"Mahanayak Uttam Kumar (Tollygunge)","Kavi Subhash",false,7.1,6.4,1:00 PM,17,22,false,false,CleanOperational
2026-09-18,Fri,MC-08,Blue,"Mahanayak Uttam Kumar (Tollygunge)","Kavi Subhash",false,7.1,6.4,7:00 PM,15,28,false,false,CleanOperational
2026-09-18,Fri,MC-09,Blue,"Dum Dum","Esplanade",false,8.8,8.8,12:00 AM,16,26,false,false,CleanOperational
2026-09-18,Fri,MC-09,Blue,"Dum Dum","Esplanade",false,8.8,8.8,10:00 AM,16,32,false,false,CleanOperational
2026-09-18,Fri,MC-09,Blue,"Dum Dum","Esplanade",false,8.8,8.8,1:00 PM,16,35,false,false,CleanOperational
2026-09-18,Fri,MC-09,Blue,"Dum Dum","Esplanade",false,8.8,8.8,7:00 PM,16,38,false,false,CleanOperational
2026-09-18,Fri,MC-10,Green,"Howrah","Salt Lake Sector V",true,14.2,12.4,12:00 AM,30,28,false,false,CleanOperational
2026-09-18,Fri,MC-10,Green,"Howrah","Salt Lake Sector V",true,14.2,12.4,10:00 AM,30,43,false,false,CleanOperational
2026-09-18,Fri,MC-10,Green,"Howrah","Salt Lake Sector V",true,14.2,12.4,1:00 PM,30,43,false,false,CleanOperational
2026-09-18,Fri,MC-10,Green,"Howrah","Salt Lake Sector V",true,14.2,12.4,7:00 PM,30,49,false,false,CleanOperational
2026-09-18,Fri,MC-11,Green,"Sealdah","Salt Lake Sector V",false,8.6,8,12:00 AM,21,17,false,false,CleanOperational
2026-09-18,Fri,MC-11,Green,"Sealdah","Salt Lake Sector V",false,8.6,8,10:00 AM,21,27,false,false,CleanOperational
2026-09-18,Fri,MC-11,Green,"Sealdah","Salt Lake Sector V",false,8.6,8,1:00 PM,21,25,false,false,CleanOperational
2026-09-18,Fri,MC-11,Green,"Sealdah","Salt Lake Sector V",false,8.6,8,7:00 PM,21,27,false,false,CleanOperational
2026-09-18,Fri,MC-12,Green,"Howrah","Sealdah",false,5.6,6.8,12:00 AM,11,17,false,false,CleanOperational
2026-09-18,Fri,MC-12,Green,"Howrah","Sealdah",false,5.6,6.8,10:00 AM,11,23,false,false,CleanOperational
2026-09-18,Fri,MC-12,Green,"Howrah","Sealdah",false,5.6,6.8,1:00 PM,11,28,false,false,CleanOperational
2026-09-18,Fri,MC-12,Green,"Howrah","Sealdah",false,5.6,6.8,7:00 PM,11,28,false,false,CleanOperational
2026-09-18,Fri,MC-13,Green,"Phoolbagan","Salt Lake Sector V",false,6.6,4.9,12:00 AM,18,14,false,false,CleanOperational
2026-09-18,Fri,MC-13,Green,"Phoolbagan","Salt Lake Sector V",false,6.6,4.9,10:00 AM,18,20,false,false,CleanOperational
2026-09-18,Fri,MC-13,Green,"Phoolbagan","Salt Lake Sector V",false,6.6,4.9,1:00 PM,18,18,false,false,CleanOperational
2026-09-18,Fri,MC-13,Green,"Phoolbagan","Salt Lake Sector V",false,6.6,4.9,7:00 PM,18,21,false,false,CleanOperational
2026-09-18,Fri,MC-14,Green,"Howrah","Phoolbagan",false,7.7,7.6,12:00 AM,12,17,false,false,CleanOperational
2026-09-18,Fri,MC-14,Green,"Howrah","Phoolbagan",false,7.7,7.6,10:00 AM,12,25,false,false,CleanOperational
2026-09-18,Fri,MC-14,Green,"Howrah","Phoolbagan",false,7.7,7.6,1:00 PM,12,27,false,false,CleanOperational
2026-09-18,Fri,MC-14,Green,"Howrah","Phoolbagan",false,7.7,7.6,7:00 PM,12,32,false,false,CleanOperational
2026-09-18,Fri,MC-15,Green,"Esplanade","Salt Lake Sector V",false,11.3,13.3,12:00 AM,25,22,false,false,CleanOperational
2026-09-18,Fri,MC-15,Green,"Esplanade","Salt Lake Sector V",false,11.3,13.3,10:00 AM,25,31,false,false,CleanOperational
2026-09-18,Fri,MC-15,Green,"Esplanade","Salt Lake Sector V",false,11.3,13.3,1:00 PM,25,31,false,false,CleanOperational
2026-09-18,Fri,MC-15,Green,"Esplanade","Salt Lake Sector V",false,11.3,13.3,7:00 PM,25,34,false,false,CleanOperational
2026-09-18,Fri,MC-16,Orange,"Kavi Subhash","Beleghata",true,9.8,9.8,12:00 AM,23,19,false,false,CleanOperational
2026-09-18,Fri,MC-16,Orange,"Kavi Subhash","Beleghata",true,9.8,9.8,10:00 AM,23,24,false,false,CleanOperational
2026-09-18,Fri,MC-16,Orange,"Kavi Subhash","Beleghata",true,9.8,9.8,1:00 PM,28,23,false,false,CleanOperational
2026-09-18,Fri,MC-16,Orange,"Kavi Subhash","Beleghata",true,9.8,9.8,7:00 PM,28,26,false,false,CleanOperational
2026-09-18,Fri,MC-17,Orange,"Hemanta Mukhopadhyay","Beleghata",false,4.4,4.4,12:00 AM,12,8,false,false,CleanOperational
2026-09-18,Fri,MC-17,Orange,"Hemanta Mukhopadhyay","Beleghata",false,4.4,4.4,10:00 AM,12,11,false,false,CleanOperational
2026-09-18,Fri,MC-17,Orange,"Hemanta Mukhopadhyay","Beleghata",false,4.4,4.4,1:00 PM,12,10,false,false,CleanOperational
2026-09-18,Fri,MC-17,Orange,"Hemanta Mukhopadhyay","Beleghata",false,4.4,4.4,7:00 PM,17,11,false,false,CleanOperational
2026-09-18,Fri,MC-18,Orange,"Kavi Subhash","Science City",false,8.9,8.8,12:00 AM,19,18,false,false,CleanOperational
2026-09-18,Fri,MC-18,Orange,"Kavi Subhash","Science City",false,8.9,8.8,10:00 AM,19,22,false,false,CleanOperational
2026-09-18,Fri,MC-18,Orange,"Kavi Subhash","Science City",false,8.9,8.8,1:00 PM,23,21,false,false,CleanOperational
2026-09-18,Fri,MC-18,Orange,"Kavi Subhash","Science City",false,8.9,8.8,7:00 PM,23,24,false,false,CleanOperational
2026-09-18,Fri,MC-19,Purple,"Joka","Majerhat",true,7.9,7.8,12:00 AM,17,17,false,false,CleanOperational
2026-09-18,Fri,MC-19,Purple,"Joka","Majerhat",true,7.9,7.8,10:00 AM,17,21,false,false,CleanOperational
2026-09-18,Fri,MC-19,Purple,"Joka","Majerhat",true,7.9,7.8,1:00 PM,17,23,false,false,CleanOperational
2026-09-18,Fri,MC-19,Purple,"Joka","Majerhat",true,7.9,7.8,7:00 PM,17,23,false,false,CleanOperational
2026-09-18,Fri,MC-20,Purple,"Behala Chowrasta","Majerhat",false,3.7,3.7,12:00 AM,51,9,true,false,WalkingFallback
2026-09-18,Fri,MC-20,Purple,"Behala Chowrasta","Majerhat",false,3.7,3.7,10:00 AM,9,10,false,false,CleanOperational
2026-09-18,Fri,MC-20,Purple,"Behala Chowrasta","Majerhat",false,3.7,3.7,1:00 PM,51,13,true,false,WalkingFallback
2026-09-18,Fri,MC-20,Purple,"Behala Chowrasta","Majerhat",false,3.7,3.7,7:00 PM,9,10,false,false,CleanOperational
2026-09-18,Fri,MC-21,Purple,"Joka","Behala Chowrasta",false,4.2,4.1,12:00 AM,8,9,false,false,CleanOperational
2026-09-18,Fri,MC-21,Purple,"Joka","Behala Chowrasta",false,4.2,4.1,10:00 AM,8,11,false,false,CleanOperational
2026-09-18,Fri,MC-21,Purple,"Joka","Behala Chowrasta",false,4.2,4.1,1:00 PM,57,11,true,false,WalkingFallback
2026-09-18,Fri,MC-21,Purple,"Joka","Behala Chowrasta",false,4.2,4.1,7:00 PM,8,12,false,false,CleanOperational
2026-09-18,Fri,MC-22,Purple,"Joka","Taratala",false,6.6,6.5,12:00 AM,14,15,false,false,CleanOperational
2026-09-18,Fri,MC-22,Purple,"Joka","Taratala",false,6.6,6.5,10:00 AM,14,19,false,false,CleanOperational
2026-09-18,Fri,MC-22,Purple,"Joka","Taratala",false,6.6,6.5,1:00 PM,14,20,false,false,CleanOperational
2026-09-18,Fri,MC-22,Purple,"Joka","Taratala",false,6.6,6.5,7:00 PM,14,20,false,false,CleanOperational
2026-09-18,Fri,MC-23,Purple,"Behala Chowrasta","Taratala",false,2.4,2.4,12:00 AM,6,6,false,false,CleanOperational
2026-09-18,Fri,MC-23,Purple,"Behala Chowrasta","Taratala",false,2.4,2.4,10:00 AM,6,7,false,false,CleanOperational
2026-09-18,Fri,MC-23,Purple,"Behala Chowrasta","Taratala",false,2.4,2.4,1:00 PM,33,9,true,false,WalkingFallback
2026-09-18,Fri,MC-23,Purple,"Behala Chowrasta","Taratala",false,2.4,2.4,7:00 PM,6,8,false,false,CleanOperational
2026-09-18,Fri,MC-24,Purple,"Taratala","Majerhat",false,1.3,1.3,12:00 AM,3,3,false,false,CleanOperational
2026-09-18,Fri,MC-24,Purple,"Taratala","Majerhat",false,1.3,1.3,10:00 AM,3,3,false,false,CleanOperational
2026-09-18,Fri,MC-24,Purple,"Taratala","Majerhat",false,1.3,1.3,1:00 PM,18,3,true,false,WalkingFallback
2026-09-18,Fri,MC-24,Purple,"Taratala","Majerhat",false,1.3,1.3,7:00 PM,3,3,false,false,CleanOperational
2026-09-19,Sat,MC-01,Blue,"Dakshineswar","Esplanade",true,15,12.4,12:00 AM,28,29,false,false,CleanOperational
2026-09-19,Sat,MC-01,Blue,"Dakshineswar","Esplanade",true,15,12.4,10:00 AM,28,39,false,false,CleanOperational
2026-09-19,Sat,MC-01,Blue,"Dakshineswar","Esplanade",true,15,12.4,1:00 PM,31,52,false,false,CleanOperational
2026-09-19,Sat,MC-01,Blue,"Dakshineswar","Esplanade",true,15,12.4,7:00 PM,28,53,false,false,CleanOperational
2026-09-19,Sat,MC-02,Blue,"Shahid Khudiram","Esplanade",true,14.9,16.5,12:00 AM,28,31,false,false,CleanOperational
2026-09-19,Sat,MC-02,Blue,"Shahid Khudiram","Esplanade",true,14.9,16.5,10:00 AM,28,37,false,false,CleanOperational
2026-09-19,Sat,MC-02,Blue,"Shahid Khudiram","Esplanade",true,14.9,16.5,1:00 PM,30,38,false,false,CleanOperational
2026-09-19,Sat,MC-02,Blue,"Shahid Khudiram","Esplanade",true,14.9,16.5,7:00 PM,29,51,false,false,CleanOperational
2026-09-19,Sat,MC-03,Blue,"Shyambazar","Dum Dum",false,3.8,3.5,12:00 AM,7,11,false,false,CleanOperational
2026-09-19,Sat,MC-03,Blue,"Shyambazar","Dum Dum",false,3.8,3.5,10:00 AM,7,14,false,false,CleanOperational
2026-09-19,Sat,MC-03,Blue,"Shyambazar","Dum Dum",false,3.8,3.5,1:00 PM,53,16,true,false,WalkingFallback
2026-09-19,Sat,MC-03,Blue,"Shyambazar","Dum Dum",false,3.8,3.5,7:00 PM,8,17,false,false,CleanOperational
2026-09-19,Sat,MC-04,Blue,"Shyambazar","Esplanade",false,5.1,5.2,12:00 AM,11,14,false,false,CleanOperational
2026-09-19,Sat,MC-04,Blue,"Shyambazar","Esplanade",false,5.1,5.2,10:00 AM,11,18,false,false,CleanOperational
2026-09-19,Sat,MC-04,Blue,"Shyambazar","Esplanade",false,5.1,5.2,1:00 PM,11,28,false,false,CleanOperational
2026-09-19,Sat,MC-04,Blue,"Shyambazar","Esplanade",false,5.1,5.2,7:00 PM,11,30,false,false,CleanOperational
2026-09-19,Sat,MC-05,Blue,"Kalighat","Esplanade",false,5.2,5.1,12:00 AM,11,12,false,false,CleanOperational
2026-09-19,Sat,MC-05,Blue,"Kalighat","Esplanade",false,5.2,5.1,10:00 AM,11,15,false,false,CleanOperational
2026-09-19,Sat,MC-05,Blue,"Kalighat","Esplanade",false,5.2,5.1,1:00 PM,11,22,false,false,CleanOperational
2026-09-19,Sat,MC-05,Blue,"Kalighat","Esplanade",false,5.2,5.1,7:00 PM,11,31,false,false,CleanOperational
2026-09-19,Sat,MC-06,Blue,"Dakshineswar","Dum Dum",false,6.2,7,12:00 AM,15,17,false,false,CleanOperational
2026-09-19,Sat,MC-06,Blue,"Dakshineswar","Dum Dum",false,6.2,7,10:00 AM,12,25,false,false,CleanOperational
2026-09-19,Sat,MC-06,Blue,"Dakshineswar","Dum Dum",false,6.2,7,1:00 PM,15,27,false,false,CleanOperational
2026-09-19,Sat,MC-06,Blue,"Dakshineswar","Dum Dum",false,6.2,7,7:00 PM,12,29,false,false,CleanOperational
2026-09-19,Sat,MC-07,Blue,"Esplanade","Mahanayak Uttam Kumar (Tollygunge)",false,7.8,8.3,12:00 AM,23,19,false,false,CleanOperational
2026-09-19,Sat,MC-07,Blue,"Esplanade","Mahanayak Uttam Kumar (Tollygunge)",false,7.8,8.3,10:00 AM,17,26,false,false,CleanOperational
2026-09-19,Sat,MC-07,Blue,"Esplanade","Mahanayak Uttam Kumar (Tollygunge)",false,7.8,8.3,1:00 PM,23,29,false,false,CleanOperational
2026-09-19,Sat,MC-07,Blue,"Esplanade","Mahanayak Uttam Kumar (Tollygunge)",false,7.8,8.3,7:00 PM,18,37,false,false,CleanOperational
2026-09-19,Sat,MC-08,Blue,"Mahanayak Uttam Kumar (Tollygunge)","Kavi Subhash",false,7.1,6.4,12:00 AM,15,15,false,false,CleanOperational
2026-09-19,Sat,MC-08,Blue,"Mahanayak Uttam Kumar (Tollygunge)","Kavi Subhash",false,7.1,6.4,10:00 AM,15,23,false,false,CleanOperational
2026-09-19,Sat,MC-08,Blue,"Mahanayak Uttam Kumar (Tollygunge)","Kavi Subhash",false,7.1,6.4,1:00 PM,17,24,false,false,CleanOperational
2026-09-19,Sat,MC-08,Blue,"Mahanayak Uttam Kumar (Tollygunge)","Kavi Subhash",false,7.1,6.4,7:00 PM,15,31,false,false,CleanOperational
2026-09-19,Sat,MC-09,Blue,"Dum Dum","Esplanade",false,8.8,8.8,12:00 AM,16,25,false,false,CleanOperational
2026-09-19,Sat,MC-09,Blue,"Dum Dum","Esplanade",false,8.8,8.8,10:00 AM,16,32,false,false,CleanOperational
2026-09-19,Sat,MC-09,Blue,"Dum Dum","Esplanade",false,8.8,8.8,1:00 PM,16,43,false,false,CleanOperational
2026-09-19,Sat,MC-09,Blue,"Dum Dum","Esplanade",false,8.8,8.8,7:00 PM,16,47,false,false,CleanOperational
2026-09-19,Sat,MC-10,Green,"Howrah","Salt Lake Sector V",true,14.2,12.4,12:00 AM,30,28,false,false,CleanOperational
2026-09-19,Sat,MC-10,Green,"Howrah","Salt Lake Sector V",true,14.2,12.4,10:00 AM,30,38,false,false,CleanOperational
2026-09-19,Sat,MC-10,Green,"Howrah","Salt Lake Sector V",true,14.2,12.4,1:00 PM,30,45,false,false,CleanOperational
2026-09-19,Sat,MC-10,Green,"Howrah","Salt Lake Sector V",true,14.2,12.4,7:00 PM,30,54,false,false,CleanOperational
2026-09-19,Sat,MC-11,Green,"Sealdah","Salt Lake Sector V",false,8.6,8,12:00 AM,21,17,false,false,CleanOperational
2026-09-19,Sat,MC-11,Green,"Sealdah","Salt Lake Sector V",false,8.6,8,10:00 AM,22,24,false,false,CleanOperational
2026-09-19,Sat,MC-11,Green,"Sealdah","Salt Lake Sector V",false,8.6,8,1:00 PM,22,25,false,false,CleanOperational
2026-09-19,Sat,MC-11,Green,"Sealdah","Salt Lake Sector V",false,8.6,8,7:00 PM,22,25,false,false,CleanOperational
2026-09-19,Sat,MC-12,Green,"Howrah","Sealdah",false,5.6,6.8,12:00 AM,11,16,false,false,CleanOperational
2026-09-19,Sat,MC-12,Green,"Howrah","Sealdah",false,5.6,6.8,10:00 AM,10,24,false,false,CleanOperational
2026-09-19,Sat,MC-12,Green,"Howrah","Sealdah",false,5.6,6.8,1:00 PM,10,32,false,false,CleanOperational
2026-09-19,Sat,MC-12,Green,"Howrah","Sealdah",false,5.6,6.8,7:00 PM,10,32,false,false,CleanOperational
2026-09-19,Sat,MC-13,Green,"Phoolbagan","Salt Lake Sector V",false,6.6,4.9,12:00 AM,18,14,false,false,CleanOperational
2026-09-19,Sat,MC-13,Green,"Phoolbagan","Salt Lake Sector V",false,6.6,4.9,10:00 AM,19,18,false,false,CleanOperational
2026-09-19,Sat,MC-13,Green,"Phoolbagan","Salt Lake Sector V",false,6.6,4.9,1:00 PM,19,18,false,false,CleanOperational
2026-09-19,Sat,MC-13,Green,"Phoolbagan","Salt Lake Sector V",false,6.6,4.9,7:00 PM,19,21,false,false,CleanOperational
2026-09-19,Sat,MC-14,Green,"Howrah","Phoolbagan",false,7.7,7.6,12:00 AM,12,17,false,false,CleanOperational
2026-09-19,Sat,MC-14,Green,"Howrah","Phoolbagan",false,7.7,7.6,10:00 AM,11,25,false,false,CleanOperational
2026-09-19,Sat,MC-14,Green,"Howrah","Phoolbagan",false,7.7,7.6,1:00 PM,11,35,false,false,CleanOperational
2026-09-19,Sat,MC-14,Green,"Howrah","Phoolbagan",false,7.7,7.6,7:00 PM,11,40,false,false,CleanOperational
2026-09-19,Sat,MC-15,Green,"Esplanade","Salt Lake Sector V",false,11.3,13.3,12:00 AM,25,23,false,false,CleanOperational
2026-09-19,Sat,MC-15,Green,"Esplanade","Salt Lake Sector V",false,11.3,13.3,10:00 AM,25,27,false,false,CleanOperational
2026-09-19,Sat,MC-15,Green,"Esplanade","Salt Lake Sector V",false,11.3,13.3,1:00 PM,25,29,false,false,CleanOperational
2026-09-19,Sat,MC-15,Green,"Esplanade","Salt Lake Sector V",false,11.3,13.3,7:00 PM,25,36,false,false,CleanOperational
2026-09-19,Sat,MC-16,Orange,"Kavi Subhash","Beleghata",true,9.8,9.8,12:00 AM,23,19,false,false,CleanOperational
2026-09-19,Sat,MC-16,Orange,"Kavi Subhash","Beleghata",true,9.8,9.8,10:00 AM,0,22,false,true,MissingMetro
2026-09-19,Sat,MC-16,Orange,"Kavi Subhash","Beleghata",true,9.8,9.8,1:00 PM,0,22,false,true,MissingMetro
2026-09-19,Sat,MC-16,Orange,"Kavi Subhash","Beleghata",true,9.8,9.8,7:00 PM,0,32,false,true,MissingMetro
2026-09-19,Sat,MC-17,Orange,"Hemanta Mukhopadhyay","Beleghata",false,4.4,4.4,12:00 AM,12,8,false,false,CleanOperational
2026-09-19,Sat,MC-17,Orange,"Hemanta Mukhopadhyay","Beleghata",false,4.4,4.4,10:00 AM,0,9,false,true,MissingMetro
2026-09-19,Sat,MC-17,Orange,"Hemanta Mukhopadhyay","Beleghata",false,4.4,4.4,1:00 PM,0,10,false,true,MissingMetro
2026-09-19,Sat,MC-17,Orange,"Hemanta Mukhopadhyay","Beleghata",false,4.4,4.4,7:00 PM,0,12,false,true,MissingMetro
2026-09-19,Sat,MC-18,Orange,"Kavi Subhash","Science City",false,8.9,8.8,12:00 AM,23,18,false,false,CleanOperational
2026-09-19,Sat,MC-18,Orange,"Kavi Subhash","Science City",false,8.9,8.8,10:00 AM,0,21,false,true,MissingMetro
2026-09-19,Sat,MC-18,Orange,"Kavi Subhash","Science City",false,8.9,8.8,1:00 PM,0,20,false,true,MissingMetro
2026-09-19,Sat,MC-18,Orange,"Kavi Subhash","Science City",false,8.9,8.8,7:00 PM,0,27,false,true,MissingMetro
2026-09-19,Sat,MC-19,Purple,"Joka","Majerhat",true,7.9,7.8,12:00 AM,17,16,false,false,CleanOperational
2026-09-19,Sat,MC-19,Purple,"Joka","Majerhat",true,7.9,7.8,10:00 AM,0,23,false,true,MissingMetro
2026-09-19,Sat,MC-19,Purple,"Joka","Majerhat",true,7.9,7.8,1:00 PM,19,24,false,false,CleanOperational
2026-09-19,Sat,MC-19,Purple,"Joka","Majerhat",true,7.9,7.8,7:00 PM,0,26,false,true,MissingMetro
2026-09-19,Sat,MC-20,Purple,"Behala Chowrasta","Majerhat",false,3.7,3.7,12:00 AM,9,8,false,false,CleanOperational
2026-09-19,Sat,MC-20,Purple,"Behala Chowrasta","Majerhat",false,3.7,3.7,10:00 AM,0,11,false,true,MissingMetro
2026-09-19,Sat,MC-20,Purple,"Behala Chowrasta","Majerhat",false,3.7,3.7,1:00 PM,51,12,true,false,WalkingFallback
2026-09-19,Sat,MC-20,Purple,"Behala Chowrasta","Majerhat",false,3.7,3.7,7:00 PM,0,14,false,true,MissingMetro
2026-09-19,Sat,MC-21,Purple,"Joka","Behala Chowrasta",false,4.2,4.1,12:00 AM,8,8,false,false,CleanOperational
2026-09-19,Sat,MC-21,Purple,"Joka","Behala Chowrasta",false,4.2,4.1,10:00 AM,0,12,false,true,MissingMetro
2026-09-19,Sat,MC-21,Purple,"Joka","Behala Chowrasta",false,4.2,4.1,1:00 PM,57,12,true,false,WalkingFallback
2026-09-19,Sat,MC-21,Purple,"Joka","Behala Chowrasta",false,4.2,4.1,7:00 PM,0,13,false,true,MissingMetro
2026-09-19,Sat,MC-22,Purple,"Joka","Taratala",false,6.6,6.5,12:00 AM,14,14,false,false,CleanOperational
2026-09-19,Sat,MC-22,Purple,"Joka","Taratala",false,6.6,6.5,10:00 AM,0,20,false,true,MissingMetro
2026-09-19,Sat,MC-22,Purple,"Joka","Taratala",false,6.6,6.5,1:00 PM,14,21,false,false,CleanOperational
2026-09-19,Sat,MC-22,Purple,"Joka","Taratala",false,6.6,6.5,7:00 PM,0,23,false,true,MissingMetro
2026-09-19,Sat,MC-23,Purple,"Behala Chowrasta","Taratala",false,2.4,2.4,12:00 AM,6,6,false,false,CleanOperational
2026-09-19,Sat,MC-23,Purple,"Behala Chowrasta","Taratala",false,2.4,2.4,10:00 AM,0,8,false,true,MissingMetro
2026-09-19,Sat,MC-23,Purple,"Behala Chowrasta","Taratala",false,2.4,2.4,1:00 PM,33,9,true,false,WalkingFallback
2026-09-19,Sat,MC-23,Purple,"Behala Chowrasta","Taratala",false,2.4,2.4,7:00 PM,0,10,false,true,MissingMetro
2026-09-19,Sat,MC-24,Purple,"Taratala","Majerhat",false,1.3,1.3,12:00 AM,3,2,false,false,CleanOperational
2026-09-19,Sat,MC-24,Purple,"Taratala","Majerhat",false,1.3,1.3,10:00 AM,0,3,false,true,MissingMetro
2026-09-19,Sat,MC-24,Purple,"Taratala","Majerhat",false,1.3,1.3,1:00 PM,18,3,true,false,WalkingFallback
2026-09-19,Sat,MC-24,Purple,"Taratala","Majerhat",false,1.3,1.3,7:00 PM,0,2,false,true,MissingMetro
2026-09-20,Sun,MC-01,Blue,"Dakshineswar","Esplanade",true,15,12.4,12:00 AM,28,30,false,false,CleanOperational
2026-09-20,Sun,MC-01,Blue,"Dakshineswar","Esplanade",true,15,12.4,10:00 AM,28,34,false,false,CleanOperational
2026-09-20,Sun,MC-01,Blue,"Dakshineswar","Esplanade",true,15,12.4,1:00 PM,28,37,false,false,CleanOperational
2026-09-20,Sun,MC-01,Blue,"Dakshineswar","Esplanade",true,15,12.4,7:00 PM,31,42,false,false,CleanOperational
2026-09-20,Sun,MC-02,Blue,"Shahid Khudiram","Esplanade",true,14.9,16.5,12:00 AM,28,31,false,false,CleanOperational
2026-09-20,Sun,MC-02,Blue,"Shahid Khudiram","Esplanade",true,14.9,16.5,10:00 AM,28,31,false,false,CleanOperational
2026-09-20,Sun,MC-02,Blue,"Shahid Khudiram","Esplanade",true,14.9,16.5,1:00 PM,30,34,false,false,CleanOperational
2026-09-20,Sun,MC-02,Blue,"Shahid Khudiram","Esplanade",true,14.9,16.5,7:00 PM,30,38,false,false,CleanOperational
2026-09-20,Sun,MC-03,Blue,"Shyambazar","Dum Dum",false,3.8,3.5,12:00 AM,7,11,false,false,CleanOperational
2026-09-20,Sun,MC-03,Blue,"Shyambazar","Dum Dum",false,3.8,3.5,10:00 AM,7,13,false,false,CleanOperational
2026-09-20,Sun,MC-03,Blue,"Shyambazar","Dum Dum",false,3.8,3.5,1:00 PM,53,15,true,false,WalkingFallback
2026-09-20,Sun,MC-03,Blue,"Shyambazar","Dum Dum",false,3.8,3.5,7:00 PM,15,15,false,false,CleanOperational
2026-09-20,Sun,MC-04,Blue,"Shyambazar","Esplanade",false,5.1,5.2,12:00 AM,11,15,false,false,CleanOperational
2026-09-20,Sun,MC-04,Blue,"Shyambazar","Esplanade",false,5.1,5.2,10:00 AM,11,16,false,false,CleanOperational
2026-09-20,Sun,MC-04,Blue,"Shyambazar","Esplanade",false,5.1,5.2,1:00 PM,11,19,false,false,CleanOperational
2026-09-20,Sun,MC-04,Blue,"Shyambazar","Esplanade",false,5.1,5.2,7:00 PM,11,21,false,false,CleanOperational
2026-09-20,Sun,MC-05,Blue,"Kalighat","Esplanade",false,5.2,5.1,12:00 AM,11,12,false,false,CleanOperational
2026-09-20,Sun,MC-05,Blue,"Kalighat","Esplanade",false,5.2,5.1,10:00 AM,11,13,false,false,CleanOperational
2026-09-20,Sun,MC-05,Blue,"Kalighat","Esplanade",false,5.2,5.1,1:00 PM,11,16,false,false,CleanOperational
2026-09-20,Sun,MC-05,Blue,"Kalighat","Esplanade",false,5.2,5.1,7:00 PM,11,20,false,false,CleanOperational
2026-09-20,Sun,MC-06,Blue,"Dakshineswar","Dum Dum",false,6.2,7,12:00 AM,12,16,false,false,CleanOperational
2026-09-20,Sun,MC-06,Blue,"Dakshineswar","Dum Dum",false,6.2,7,10:00 AM,12,22,false,false,CleanOperational
2026-09-20,Sun,MC-06,Blue,"Dakshineswar","Dum Dum",false,6.2,7,1:00 PM,17,24,true,false,WalkingFallback
2026-09-20,Sun,MC-06,Blue,"Dakshineswar","Dum Dum",false,6.2,7,7:00 PM,19,25,true,false,WalkingFallback
2026-09-20,Sun,MC-07,Blue,"Esplanade","Mahanayak Uttam Kumar (Tollygunge)",false,7.8,8.3,12:00 AM,23,19,false,false,CleanOperational
2026-09-20,Sun,MC-07,Blue,"Esplanade","Mahanayak Uttam Kumar (Tollygunge)",false,7.8,8.3,10:00 AM,17,23,false,false,CleanOperational
2026-09-20,Sun,MC-07,Blue,"Esplanade","Mahanayak Uttam Kumar (Tollygunge)",false,7.8,8.3,1:00 PM,17,26,false,false,CleanOperational
2026-09-20,Sun,MC-07,Blue,"Esplanade","Mahanayak Uttam Kumar (Tollygunge)",false,7.8,8.3,7:00 PM,23,33,false,false,CleanOperational
2026-09-20,Sun,MC-08,Blue,"Mahanayak Uttam Kumar (Tollygunge)","Kavi Subhash",false,7.1,6.4,12:00 AM,15,15,false,false,CleanOperational
2026-09-20,Sun,MC-08,Blue,"Mahanayak Uttam Kumar (Tollygunge)","Kavi Subhash",false,7.1,6.4,10:00 AM,14,20,false,false,CleanOperational
2026-09-20,Sun,MC-08,Blue,"Mahanayak Uttam Kumar (Tollygunge)","Kavi Subhash",false,7.1,6.4,1:00 PM,17,23,false,false,CleanOperational
2026-09-20,Sun,MC-08,Blue,"Mahanayak Uttam Kumar (Tollygunge)","Kavi Subhash",false,7.1,6.4,7:00 PM,17,27,false,false,CleanOperational
2026-09-20,Sun,MC-09,Blue,"Dum Dum","Esplanade",false,8.8,8.8,12:00 AM,16,26,false,false,CleanOperational
2026-09-20,Sun,MC-09,Blue,"Dum Dum","Esplanade",false,8.8,8.8,10:00 AM,16,28,false,false,CleanOperational
2026-09-20,Sun,MC-09,Blue,"Dum Dum","Esplanade",false,8.8,8.8,1:00 PM,16,31,false,false,CleanOperational
2026-09-20,Sun,MC-09,Blue,"Dum Dum","Esplanade",false,8.8,8.8,7:00 PM,16,36,false,false,CleanOperational
2026-09-20,Sun,MC-10,Green,"Howrah","Salt Lake Sector V",true,14.2,12.4,12:00 AM,30,30,false,false,CleanOperational
2026-09-20,Sun,MC-10,Green,"Howrah","Salt Lake Sector V",true,14.2,12.4,10:00 AM,30,37,false,false,CleanOperational
2026-09-20,Sun,MC-10,Green,"Howrah","Salt Lake Sector V",true,14.2,12.4,1:00 PM,30,39,false,false,CleanOperational
2026-09-20,Sun,MC-10,Green,"Howrah","Salt Lake Sector V",true,14.2,12.4,7:00 PM,30,41,false,false,CleanOperational
2026-09-20,Sun,MC-11,Green,"Sealdah","Salt Lake Sector V",false,8.6,8,12:00 AM,22,18,false,false,CleanOperational
2026-09-20,Sun,MC-11,Green,"Sealdah","Salt Lake Sector V",false,8.6,8,10:00 AM,22,23,false,false,CleanOperational
2026-09-20,Sun,MC-11,Green,"Sealdah","Salt Lake Sector V",false,8.6,8,1:00 PM,22,23,false,false,CleanOperational
2026-09-20,Sun,MC-11,Green,"Sealdah","Salt Lake Sector V",false,8.6,8,7:00 PM,22,26,false,false,CleanOperational
2026-09-20,Sun,MC-12,Green,"Howrah","Sealdah",false,5.6,6.8,12:00 AM,10,16,false,false,CleanOperational
2026-09-20,Sun,MC-12,Green,"Howrah","Sealdah",false,5.6,6.8,10:00 AM,10,22,false,false,CleanOperational
2026-09-20,Sun,MC-12,Green,"Howrah","Sealdah",false,5.6,6.8,1:00 PM,10,22,false,false,CleanOperational
2026-09-20,Sun,MC-12,Green,"Howrah","Sealdah",false,5.6,6.8,7:00 PM,10,23,false,false,CleanOperational
2026-09-20,Sun,MC-13,Green,"Phoolbagan","Salt Lake Sector V",false,6.6,4.9,12:00 AM,19,14,false,false,CleanOperational
2026-09-20,Sun,MC-13,Green,"Phoolbagan","Salt Lake Sector V",false,6.6,4.9,10:00 AM,19,17,false,false,CleanOperational
2026-09-20,Sun,MC-13,Green,"Phoolbagan","Salt Lake Sector V",false,6.6,4.9,1:00 PM,19,17,false,false,CleanOperational
2026-09-20,Sun,MC-13,Green,"Phoolbagan","Salt Lake Sector V",false,6.6,4.9,7:00 PM,19,20,false,false,CleanOperational
2026-09-20,Sun,MC-14,Green,"Howrah","Phoolbagan",false,7.7,7.6,12:00 AM,11,17,false,false,CleanOperational
2026-09-20,Sun,MC-14,Green,"Howrah","Phoolbagan",false,7.7,7.6,10:00 AM,11,22,false,false,CleanOperational
2026-09-20,Sun,MC-14,Green,"Howrah","Phoolbagan",false,7.7,7.6,1:00 PM,11,25,false,false,CleanOperational
2026-09-20,Sun,MC-14,Green,"Howrah","Phoolbagan",false,7.7,7.6,7:00 PM,11,28,false,false,CleanOperational
2026-09-20,Sun,MC-15,Green,"Esplanade","Salt Lake Sector V",false,11.3,13.3,12:00 AM,25,24,false,false,CleanOperational
2026-09-20,Sun,MC-15,Green,"Esplanade","Salt Lake Sector V",false,11.3,13.3,10:00 AM,25,25,false,false,CleanOperational
2026-09-20,Sun,MC-15,Green,"Esplanade","Salt Lake Sector V",false,11.3,13.3,1:00 PM,25,26,false,false,CleanOperational
2026-09-20,Sun,MC-15,Green,"Esplanade","Salt Lake Sector V",false,11.3,13.3,7:00 PM,25,29,false,false,CleanOperational
2026-09-20,Sun,MC-16,Orange,"Kavi Subhash","Beleghata",true,9.8,9.8,12:00 AM,0,19,false,true,MissingMetro
2026-09-20,Sun,MC-16,Orange,"Kavi Subhash","Beleghata",true,9.8,9.8,10:00 AM,0,20,false,true,MissingMetro
2026-09-20,Sun,MC-16,Orange,"Kavi Subhash","Beleghata",true,9.8,9.8,1:00 PM,0,21,false,true,MissingMetro
2026-09-20,Sun,MC-16,Orange,"Kavi Subhash","Beleghata",true,9.8,9.8,7:00 PM,0,24,false,true,MissingMetro
2026-09-20,Sun,MC-17,Orange,"Hemanta Mukhopadhyay","Beleghata",false,4.4,4.4,12:00 AM,0,8,false,true,MissingMetro
2026-09-20,Sun,MC-17,Orange,"Hemanta Mukhopadhyay","Beleghata",false,4.4,4.4,10:00 AM,0,8,false,true,MissingMetro
2026-09-20,Sun,MC-17,Orange,"Hemanta Mukhopadhyay","Beleghata",false,4.4,4.4,1:00 PM,0,9,false,true,MissingMetro
2026-09-20,Sun,MC-17,Orange,"Hemanta Mukhopadhyay","Beleghata",false,4.4,4.4,7:00 PM,0,11,false,true,MissingMetro
2026-09-20,Sun,MC-18,Orange,"Kavi Subhash","Science City",false,8.9,8.8,12:00 AM,0,18,false,true,MissingMetro
2026-09-20,Sun,MC-18,Orange,"Kavi Subhash","Science City",false,8.9,8.8,10:00 AM,0,18,false,true,MissingMetro
2026-09-20,Sun,MC-18,Orange,"Kavi Subhash","Science City",false,8.9,8.8,1:00 PM,0,20,false,true,MissingMetro
2026-09-20,Sun,MC-18,Orange,"Kavi Subhash","Science City",false,8.9,8.8,7:00 PM,0,23,false,true,MissingMetro
2026-09-20,Sun,MC-19,Purple,"Joka","Majerhat",true,7.9,7.8,12:00 AM,19,19,false,false,CleanOperational
2026-09-20,Sun,MC-19,Purple,"Joka","Majerhat",true,7.9,7.8,10:00 AM,0,21,false,true,MissingMetro
2026-09-20,Sun,MC-19,Purple,"Joka","Majerhat",true,7.9,7.8,1:00 PM,0,23,false,true,MissingMetro
2026-09-20,Sun,MC-19,Purple,"Joka","Majerhat",true,7.9,7.8,7:00 PM,0,25,false,true,MissingMetro
2026-09-20,Sun,MC-20,Purple,"Behala Chowrasta","Majerhat",false,3.7,3.7,12:00 AM,11,11,false,false,CleanOperational
2026-09-20,Sun,MC-20,Purple,"Behala Chowrasta","Majerhat",false,3.7,3.7,10:00 AM,0,10,false,true,MissingMetro
2026-09-20,Sun,MC-20,Purple,"Behala Chowrasta","Majerhat",false,3.7,3.7,1:00 PM,51,12,true,false,WalkingFallback
2026-09-20,Sun,MC-20,Purple,"Behala Chowrasta","Majerhat",false,3.7,3.7,7:00 PM,0,13,false,true,MissingMetro
2026-09-20,Sun,MC-21,Purple,"Joka","Behala Chowrasta",false,4.2,4.1,12:00 AM,8,8,false,false,CleanOperational
2026-09-20,Sun,MC-21,Purple,"Joka","Behala Chowrasta",false,4.2,4.1,10:00 AM,0,12,false,true,MissingMetro
2026-09-20,Sun,MC-21,Purple,"Joka","Behala Chowrasta",false,4.2,4.1,1:00 PM,57,11,true,false,WalkingFallback
2026-09-20,Sun,MC-21,Purple,"Joka","Behala Chowrasta",false,4.2,4.1,7:00 PM,0,14,false,true,MissingMetro
2026-09-20,Sun,MC-22,Purple,"Joka","Taratala",false,6.6,6.5,12:00 AM,14,15,false,false,CleanOperational
2026-09-20,Sun,MC-22,Purple,"Joka","Taratala",false,6.6,6.5,10:00 AM,0,19,false,true,MissingMetro
2026-09-20,Sun,MC-22,Purple,"Joka","Taratala",false,6.6,6.5,1:00 PM,0,20,false,true,MissingMetro
2026-09-20,Sun,MC-22,Purple,"Joka","Taratala",false,6.6,6.5,7:00 PM,0,24,false,true,MissingMetro
2026-09-20,Sun,MC-23,Purple,"Behala Chowrasta","Taratala",false,2.4,2.4,12:00 AM,33,7,true,false,WalkingFallback
2026-09-20,Sun,MC-23,Purple,"Behala Chowrasta","Taratala",false,2.4,2.4,10:00 AM,0,7,false,true,MissingMetro
2026-09-20,Sun,MC-23,Purple,"Behala Chowrasta","Taratala",false,2.4,2.4,1:00 PM,33,8,true,false,WalkingFallback
2026-09-20,Sun,MC-23,Purple,"Behala Chowrasta","Taratala",false,2.4,2.4,7:00 PM,0,10,false,true,MissingMetro
2026-09-20,Sun,MC-24,Purple,"Taratala","Majerhat",false,1.3,1.3,12:00 AM,0,7,false,true,MissingMetro
2026-09-20,Sun,MC-24,Purple,"Taratala","Majerhat",false,1.3,1.3,10:00 AM,0,3,false,true,MissingMetro
2026-09-20,Sun,MC-24,Purple,"Taratala","Majerhat",false,1.3,1.3,1:00 PM,18,3,true,false,WalkingFallback
2026-09-20,Sun,MC-24,Purple,"Taratala","Majerhat",false,1.3,1.3,7:00 PM,0,3,false,true,MissingMetro
2026-09-21,Mon,MC-01,Blue,"Dakshineswar","Esplanade",true,15,12.4,12:00 AM,28,32,false,false,CleanOperational
2026-09-21,Mon,MC-01,Blue,"Dakshineswar","Esplanade",true,15,12.4,10:00 AM,28,51,false,false,CleanOperational
2026-09-21,Mon,MC-01,Blue,"Dakshineswar","Esplanade",true,15,12.4,1:00 PM,31,55,false,false,CleanOperational
2026-09-21,Mon,MC-01,Blue,"Dakshineswar","Esplanade",true,15,12.4,7:00 PM,28,53,false,false,CleanOperational
2026-09-21,Mon,MC-02,Blue,"Shahid Khudiram","Esplanade",true,14.9,16.5,12:00 AM,28,30,false,false,CleanOperational
2026-09-21,Mon,MC-02,Blue,"Shahid Khudiram","Esplanade",true,14.9,16.5,10:00 AM,28,54,false,false,CleanOperational
2026-09-21,Mon,MC-02,Blue,"Shahid Khudiram","Esplanade",true,14.9,16.5,1:00 PM,30,45,false,false,CleanOperational
2026-09-21,Mon,MC-02,Blue,"Shahid Khudiram","Esplanade",true,14.9,16.5,7:00 PM,29,65,false,false,CleanOperational
2026-09-21,Mon,MC-03,Blue,"Shyambazar","Dum Dum",false,3.8,3.5,12:00 AM,7,11,false,false,CleanOperational
2026-09-21,Mon,MC-03,Blue,"Shyambazar","Dum Dum",false,3.8,3.5,10:00 AM,7,15,false,false,CleanOperational
2026-09-21,Mon,MC-03,Blue,"Shyambazar","Dum Dum",false,3.8,3.5,1:00 PM,53,18,true,false,WalkingFallback
2026-09-21,Mon,MC-03,Blue,"Shyambazar","Dum Dum",false,3.8,3.5,7:00 PM,8,17,false,false,CleanOperational
2026-09-21,Mon,MC-04,Blue,"Shyambazar","Esplanade",false,5.1,5.2,12:00 AM,11,15,false,false,CleanOperational
2026-09-21,Mon,MC-04,Blue,"Shyambazar","Esplanade",false,5.1,5.2,10:00 AM,11,23,false,false,CleanOperational
2026-09-21,Mon,MC-04,Blue,"Shyambazar","Esplanade",false,5.1,5.2,1:00 PM,11,29,false,false,CleanOperational
2026-09-21,Mon,MC-04,Blue,"Shyambazar","Esplanade",false,5.1,5.2,7:00 PM,11,33,false,false,CleanOperational
2026-09-21,Mon,MC-05,Blue,"Kalighat","Esplanade",false,5.2,5.1,12:00 AM,11,12,false,false,CleanOperational
2026-09-21,Mon,MC-05,Blue,"Kalighat","Esplanade",false,5.2,5.1,10:00 AM,11,18,false,false,CleanOperational
2026-09-21,Mon,MC-05,Blue,"Kalighat","Esplanade",false,5.2,5.1,1:00 PM,11,31,false,false,CleanOperational
2026-09-21,Mon,MC-05,Blue,"Kalighat","Esplanade",false,5.2,5.1,7:00 PM,11,22,false,false,CleanOperational
2026-09-21,Mon,MC-06,Blue,"Dakshineswar","Dum Dum",false,6.2,7,12:00 AM,12,18,false,false,CleanOperational
2026-09-21,Mon,MC-06,Blue,"Dakshineswar","Dum Dum",false,6.2,7,10:00 AM,12,32,false,false,CleanOperational
2026-09-21,Mon,MC-06,Blue,"Dakshineswar","Dum Dum",false,6.2,7,1:00 PM,15,31,false,false,CleanOperational
2026-09-21,Mon,MC-06,Blue,"Dakshineswar","Dum Dum",false,6.2,7,7:00 PM,12,26,false,false,CleanOperational
2026-09-21,Mon,MC-07,Blue,"Esplanade","Mahanayak Uttam Kumar (Tollygunge)",false,7.8,8.3,12:00 AM,17,18,false,false,CleanOperational
2026-09-21,Mon,MC-07,Blue,"Esplanade","Mahanayak Uttam Kumar (Tollygunge)",false,7.8,8.3,10:00 AM,17,29,false,false,CleanOperational
2026-09-21,Mon,MC-07,Blue,"Esplanade","Mahanayak Uttam Kumar (Tollygunge)",false,7.8,8.3,1:00 PM,23,32,false,false,CleanOperational
2026-09-21,Mon,MC-07,Blue,"Esplanade","Mahanayak Uttam Kumar (Tollygunge)",false,7.8,8.3,7:00 PM,18,37,false,false,CleanOperational
2026-09-21,Mon,MC-08,Blue,"Mahanayak Uttam Kumar (Tollygunge)","Kavi Subhash",false,7.1,6.4,12:00 AM,15,16,false,false,CleanOperational
2026-09-21,Mon,MC-08,Blue,"Mahanayak Uttam Kumar (Tollygunge)","Kavi Subhash",false,7.1,6.4,10:00 AM,15,25,false,false,CleanOperational
2026-09-21,Mon,MC-08,Blue,"Mahanayak Uttam Kumar (Tollygunge)","Kavi Subhash",false,7.1,6.4,1:00 PM,17,27,false,false,CleanOperational
2026-09-21,Mon,MC-08,Blue,"Mahanayak Uttam Kumar (Tollygunge)","Kavi Subhash",false,7.1,6.4,7:00 PM,15,33,false,false,CleanOperational
2026-09-21,Mon,MC-09,Blue,"Dum Dum","Esplanade",false,8.8,8.8,12:00 AM,16,26,false,false,CleanOperational
2026-09-21,Mon,MC-09,Blue,"Dum Dum","Esplanade",false,8.8,8.8,10:00 AM,16,38,false,false,CleanOperational
2026-09-21,Mon,MC-09,Blue,"Dum Dum","Esplanade",false,8.8,8.8,1:00 PM,16,42,false,false,CleanOperational
2026-09-21,Mon,MC-09,Blue,"Dum Dum","Esplanade",false,8.8,8.8,7:00 PM,16,47,false,false,CleanOperational
2026-09-21,Mon,MC-10,Green,"Howrah","Salt Lake Sector V",true,14.2,12.4,12:00 AM,30,29,false,false,CleanOperational
2026-09-21,Mon,MC-10,Green,"Howrah","Salt Lake Sector V",true,14.2,12.4,10:00 AM,30,52,false,false,CleanOperational
2026-09-21,Mon,MC-10,Green,"Howrah","Salt Lake Sector V",true,14.2,12.4,1:00 PM,30,48,false,false,CleanOperational
2026-09-21,Mon,MC-10,Green,"Howrah","Salt Lake Sector V",true,14.2,12.4,7:00 PM,30,63,false,false,CleanOperational
2026-09-21,Mon,MC-11,Green,"Sealdah","Salt Lake Sector V",false,8.6,8,12:00 AM,22,17,false,false,CleanOperational
2026-09-21,Mon,MC-11,Green,"Sealdah","Salt Lake Sector V",false,8.6,8,10:00 AM,21,33,false,false,CleanOperational
2026-09-21,Mon,MC-11,Green,"Sealdah","Salt Lake Sector V",false,8.6,8,1:00 PM,21,25,false,false,CleanOperational
2026-09-21,Mon,MC-11,Green,"Sealdah","Salt Lake Sector V",false,8.6,8,7:00 PM,21,31,false,false,CleanOperational
2026-09-21,Mon,MC-12,Green,"Howrah","Sealdah",false,5.6,6.8,12:00 AM,10,15,false,false,CleanOperational
2026-09-21,Mon,MC-12,Green,"Howrah","Sealdah",false,5.6,6.8,10:00 AM,11,30,false,false,CleanOperational
2026-09-21,Mon,MC-12,Green,"Howrah","Sealdah",false,5.6,6.8,1:00 PM,11,36,false,false,CleanOperational
2026-09-21,Mon,MC-12,Green,"Howrah","Sealdah",false,5.6,6.8,7:00 PM,11,37,false,false,CleanOperational
2026-09-21,Mon,MC-13,Green,"Phoolbagan","Salt Lake Sector V",false,6.6,4.9,12:00 AM,19,13,false,false,CleanOperational
2026-09-21,Mon,MC-13,Green,"Phoolbagan","Salt Lake Sector V",false,6.6,4.9,10:00 AM,18,24,false,false,CleanOperational
2026-09-21,Mon,MC-13,Green,"Phoolbagan","Salt Lake Sector V",false,6.6,4.9,1:00 PM,18,20,false,false,CleanOperational
2026-09-21,Mon,MC-13,Green,"Phoolbagan","Salt Lake Sector V",false,6.6,4.9,7:00 PM,18,24,false,false,CleanOperational
2026-09-21,Mon,MC-14,Green,"Howrah","Phoolbagan",false,7.7,7.6,12:00 AM,11,17,false,false,CleanOperational
2026-09-21,Mon,MC-14,Green,"Howrah","Phoolbagan",false,7.7,7.6,10:00 AM,12,30,false,false,CleanOperational
2026-09-21,Mon,MC-14,Green,"Howrah","Phoolbagan",false,7.7,7.6,1:00 PM,12,36,false,false,CleanOperational
2026-09-21,Mon,MC-14,Green,"Howrah","Phoolbagan",false,7.7,7.6,7:00 PM,12,45,false,false,CleanOperational
2026-09-21,Mon,MC-15,Green,"Esplanade","Salt Lake Sector V",false,11.3,13.3,12:00 AM,25,23,false,false,CleanOperational
2026-09-21,Mon,MC-15,Green,"Esplanade","Salt Lake Sector V",false,11.3,13.3,10:00 AM,25,39,false,false,CleanOperational
2026-09-21,Mon,MC-15,Green,"Esplanade","Salt Lake Sector V",false,11.3,13.3,1:00 PM,25,32,false,false,CleanOperational
2026-09-21,Mon,MC-15,Green,"Esplanade","Salt Lake Sector V",false,11.3,13.3,7:00 PM,25,49,false,false,CleanOperational
2026-09-21,Mon,MC-16,Orange,"Kavi Subhash","Beleghata",true,9.8,9.8,12:00 AM,0,19,false,true,MissingMetro
2026-09-21,Mon,MC-16,Orange,"Kavi Subhash","Beleghata",true,9.8,9.8,10:00 AM,23,36,false,false,CleanOperational
2026-09-21,Mon,MC-16,Orange,"Kavi Subhash","Beleghata",true,9.8,9.8,1:00 PM,28,24,false,false,CleanOperational
2026-09-21,Mon,MC-16,Orange,"Kavi Subhash","Beleghata",true,9.8,9.8,7:00 PM,28,42,false,false,CleanOperational
2026-09-21,Mon,MC-17,Orange,"Hemanta Mukhopadhyay","Beleghata",false,4.4,4.4,12:00 AM,0,8,false,true,MissingMetro
2026-09-21,Mon,MC-17,Orange,"Hemanta Mukhopadhyay","Beleghata",false,4.4,4.4,10:00 AM,12,22,false,false,CleanOperational
2026-09-21,Mon,MC-17,Orange,"Hemanta Mukhopadhyay","Beleghata",false,4.4,4.4,1:00 PM,12,11,false,false,CleanOperational
2026-09-21,Mon,MC-17,Orange,"Hemanta Mukhopadhyay","Beleghata",false,4.4,4.4,7:00 PM,17,27,false,false,CleanOperational
2026-09-21,Mon,MC-18,Orange,"Kavi Subhash","Science City",false,8.9,8.8,12:00 AM,0,18,false,true,MissingMetro
2026-09-21,Mon,MC-18,Orange,"Kavi Subhash","Science City",false,8.9,8.8,10:00 AM,19,30,false,false,CleanOperational
2026-09-21,Mon,MC-18,Orange,"Kavi Subhash","Science City",false,8.9,8.8,1:00 PM,23,22,false,false,CleanOperational
2026-09-21,Mon,MC-18,Orange,"Kavi Subhash","Science City",false,8.9,8.8,7:00 PM,23,40,false,false,CleanOperational
2026-09-21,Mon,MC-19,Purple,"Joka","Majerhat",true,7.9,7.8,12:00 AM,0,16,false,true,MissingMetro
2026-09-21,Mon,MC-19,Purple,"Joka","Majerhat",true,7.9,7.8,10:00 AM,17,27,false,false,CleanOperational
2026-09-21,Mon,MC-19,Purple,"Joka","Majerhat",true,7.9,7.8,1:00 PM,17,25,false,false,CleanOperational
2026-09-21,Mon,MC-19,Purple,"Joka","Majerhat",true,7.9,7.8,7:00 PM,17,25,false,false,CleanOperational
2026-09-21,Mon,MC-20,Purple,"Behala Chowrasta","Majerhat",false,3.7,3.7,12:00 AM,0,8,false,true,MissingMetro
2026-09-21,Mon,MC-20,Purple,"Behala Chowrasta","Majerhat",false,3.7,3.7,10:00 AM,9,15,false,false,CleanOperational
2026-09-21,Mon,MC-20,Purple,"Behala Chowrasta","Majerhat",false,3.7,3.7,1:00 PM,51,13,true,false,WalkingFallback
2026-09-21,Mon,MC-20,Purple,"Behala Chowrasta","Majerhat",false,3.7,3.7,7:00 PM,9,11,false,false,CleanOperational
2026-09-21,Mon,MC-21,Purple,"Joka","Behala Chowrasta",false,4.2,4.1,12:00 AM,57,9,true,false,WalkingFallback
2026-09-21,Mon,MC-21,Purple,"Joka","Behala Chowrasta",false,4.2,4.1,10:00 AM,8,12,false,false,CleanOperational
2026-09-21,Mon,MC-21,Purple,"Joka","Behala Chowrasta",false,4.2,4.1,1:00 PM,57,12,true,false,WalkingFallback
2026-09-21,Mon,MC-21,Purple,"Joka","Behala Chowrasta",false,4.2,4.1,7:00 PM,8,13,false,false,CleanOperational
2026-09-21,Mon,MC-22,Purple,"Joka","Taratala",false,6.6,6.5,12:00 AM,0,14,false,true,MissingMetro
2026-09-21,Mon,MC-22,Purple,"Joka","Taratala",false,6.6,6.5,10:00 AM,14,21,false,false,CleanOperational
2026-09-21,Mon,MC-22,Purple,"Joka","Taratala",false,6.6,6.5,1:00 PM,14,22,false,false,CleanOperational
2026-09-21,Mon,MC-22,Purple,"Joka","Taratala",false,6.6,6.5,7:00 PM,14,22,false,false,CleanOperational
2026-09-21,Mon,MC-23,Purple,"Behala Chowrasta","Taratala",false,2.4,2.4,12:00 AM,33,5,true,false,WalkingFallback
2026-09-21,Mon,MC-23,Purple,"Behala Chowrasta","Taratala",false,2.4,2.4,10:00 AM,6,9,false,false,CleanOperational
2026-09-21,Mon,MC-23,Purple,"Behala Chowrasta","Taratala",false,2.4,2.4,1:00 PM,33,10,true,false,WalkingFallback
2026-09-21,Mon,MC-23,Purple,"Behala Chowrasta","Taratala",false,2.4,2.4,7:00 PM,6,9,false,false,CleanOperational
2026-09-21,Mon,MC-24,Purple,"Taratala","Majerhat",false,1.3,1.3,12:00 AM,18,3,true,false,WalkingFallback
2026-09-21,Mon,MC-24,Purple,"Taratala","Majerhat",false,1.3,1.3,10:00 AM,3,6,false,false,CleanOperational
2026-09-21,Mon,MC-24,Purple,"Taratala","Majerhat",false,1.3,1.3,1:00 PM,18,3,true,false,WalkingFallback
2026-09-21,Mon,MC-24,Purple,"Taratala","Majerhat",false,1.3,1.3,7:00 PM,3,3,false,false,CleanOperational
2026-09-22,Tue,MC-01,Blue,"Dakshineswar","Esplanade",true,15,12.4,12:00 AM,31,33,false,false,CleanOperational
2026-09-22,Tue,MC-01,Blue,"Dakshineswar","Esplanade",true,15,12.4,10:00 AM,28,52,false,false,CleanOperational
2026-09-22,Tue,MC-01,Blue,"Dakshineswar","Esplanade",true,15,12.4,1:00 PM,31,52,false,false,CleanOperational
2026-09-22,Tue,MC-01,Blue,"Dakshineswar","Esplanade",true,15,12.4,7:00 PM,28,52,false,false,CleanOperational
2026-09-22,Tue,MC-02,Blue,"Shahid Khudiram","Esplanade",true,14.9,16.5,12:00 AM,28,31,false,false,CleanOperational
2026-09-22,Tue,MC-02,Blue,"Shahid Khudiram","Esplanade",true,14.9,16.5,10:00 AM,28,48,false,false,CleanOperational
2026-09-22,Tue,MC-02,Blue,"Shahid Khudiram","Esplanade",true,14.9,16.5,1:00 PM,30,48,false,false,CleanOperational
2026-09-22,Tue,MC-02,Blue,"Shahid Khudiram","Esplanade",true,14.9,16.5,7:00 PM,29,58,false,false,CleanOperational
2026-09-22,Tue,MC-03,Blue,"Shyambazar","Dum Dum",false,3.8,3.5,12:00 AM,7,12,false,false,CleanOperational
2026-09-22,Tue,MC-03,Blue,"Shyambazar","Dum Dum",false,3.8,3.5,10:00 AM,7,14,false,false,CleanOperational
2026-09-22,Tue,MC-03,Blue,"Shyambazar","Dum Dum",false,3.8,3.5,1:00 PM,53,16,true,false,WalkingFallback
2026-09-22,Tue,MC-03,Blue,"Shyambazar","Dum Dum",false,3.8,3.5,7:00 PM,8,16,false,false,CleanOperational
2026-09-22,Tue,MC-04,Blue,"Shyambazar","Esplanade",false,5.1,5.2,12:00 AM,11,16,false,false,CleanOperational
2026-09-22,Tue,MC-04,Blue,"Shyambazar","Esplanade",false,5.1,5.2,10:00 AM,11,22,false,false,CleanOperational
2026-09-22,Tue,MC-04,Blue,"Shyambazar","Esplanade",false,5.1,5.2,1:00 PM,11,29,false,false,CleanOperational
2026-09-22,Tue,MC-04,Blue,"Shyambazar","Esplanade",false,5.1,5.2,7:00 PM,11,33,false,false,CleanOperational
2026-09-22,Tue,MC-05,Blue,"Kalighat","Esplanade",false,5.2,5.1,12:00 AM,11,12,false,false,CleanOperational
2026-09-22,Tue,MC-05,Blue,"Kalighat","Esplanade",false,5.2,5.1,10:00 AM,11,20,false,false,CleanOperational
2026-09-22,Tue,MC-05,Blue,"Kalighat","Esplanade",false,5.2,5.1,1:00 PM,11,26,false,false,CleanOperational
2026-09-22,Tue,MC-05,Blue,"Kalighat","Esplanade",false,5.2,5.1,7:00 PM,11,21,false,false,CleanOperational
2026-09-22,Tue,MC-06,Blue,"Dakshineswar","Dum Dum",false,6.2,7,12:00 AM,12,19,false,false,CleanOperational
2026-09-22,Tue,MC-06,Blue,"Dakshineswar","Dum Dum",false,6.2,7,10:00 AM,12,31,false,false,CleanOperational
2026-09-22,Tue,MC-06,Blue,"Dakshineswar","Dum Dum",false,6.2,7,1:00 PM,15,26,false,false,CleanOperational
2026-09-22,Tue,MC-06,Blue,"Dakshineswar","Dum Dum",false,6.2,7,7:00 PM,12,26,false,false,CleanOperational
2026-09-22,Tue,MC-07,Blue,"Esplanade","Mahanayak Uttam Kumar (Tollygunge)",false,7.8,8.3,12:00 AM,17,18,false,false,CleanOperational
2026-09-22,Tue,MC-07,Blue,"Esplanade","Mahanayak Uttam Kumar (Tollygunge)",false,7.8,8.3,10:00 AM,17,30,false,false,CleanOperational
2026-09-22,Tue,MC-07,Blue,"Esplanade","Mahanayak Uttam Kumar (Tollygunge)",false,7.8,8.3,1:00 PM,23,33,false,false,CleanOperational
2026-09-22,Tue,MC-07,Blue,"Esplanade","Mahanayak Uttam Kumar (Tollygunge)",false,7.8,8.3,7:00 PM,18,37,false,false,CleanOperational
2026-09-22,Tue,MC-08,Blue,"Mahanayak Uttam Kumar (Tollygunge)","Kavi Subhash",false,7.1,6.4,12:00 AM,15,16,false,false,CleanOperational
2026-09-22,Tue,MC-08,Blue,"Mahanayak Uttam Kumar (Tollygunge)","Kavi Subhash",false,7.1,6.4,10:00 AM,15,25,false,false,CleanOperational
2026-09-22,Tue,MC-08,Blue,"Mahanayak Uttam Kumar (Tollygunge)","Kavi Subhash",false,7.1,6.4,1:00 PM,17,25,false,false,CleanOperational
2026-09-22,Tue,MC-08,Blue,"Mahanayak Uttam Kumar (Tollygunge)","Kavi Subhash",false,7.1,6.4,7:00 PM,15,32,false,false,CleanOperational
2026-09-22,Tue,MC-09,Blue,"Dum Dum","Esplanade",false,8.8,8.8,12:00 AM,16,26,false,false,CleanOperational
2026-09-22,Tue,MC-09,Blue,"Dum Dum","Esplanade",false,8.8,8.8,10:00 AM,16,37,false,false,CleanOperational
2026-09-22,Tue,MC-09,Blue,"Dum Dum","Esplanade",false,8.8,8.8,1:00 PM,16,40,false,false,CleanOperational
2026-09-22,Tue,MC-09,Blue,"Dum Dum","Esplanade",false,8.8,8.8,7:00 PM,16,45,false,false,CleanOperational
2026-09-22,Tue,MC-10,Green,"Howrah","Salt Lake Sector V",true,14.2,12.4,12:00 AM,30,30,false,false,CleanOperational
2026-09-22,Tue,MC-10,Green,"Howrah","Salt Lake Sector V",true,14.2,12.4,10:00 AM,30,53,false,false,CleanOperational
2026-09-22,Tue,MC-10,Green,"Howrah","Salt Lake Sector V",true,14.2,12.4,1:00 PM,30,51,false,false,CleanOperational
2026-09-22,Tue,MC-10,Green,"Howrah","Salt Lake Sector V",true,14.2,12.4,7:00 PM,30,64,false,false,CleanOperational
2026-09-22,Tue,MC-11,Green,"Sealdah","Salt Lake Sector V",false,8.6,8,12:00 AM,21,17,false,false,CleanOperational
2026-09-22,Tue,MC-11,Green,"Sealdah","Salt Lake Sector V",false,8.6,8,10:00 AM,21,33,false,false,CleanOperational
2026-09-22,Tue,MC-11,Green,"Sealdah","Salt Lake Sector V",false,8.6,8,1:00 PM,21,27,false,false,CleanOperational
2026-09-22,Tue,MC-11,Green,"Sealdah","Salt Lake Sector V",false,8.6,8,7:00 PM,21,30,false,false,CleanOperational
2026-09-22,Tue,MC-12,Green,"Howrah","Sealdah",false,5.6,6.8,12:00 AM,11,17,false,false,CleanOperational
2026-09-22,Tue,MC-12,Green,"Howrah","Sealdah",false,5.6,6.8,10:00 AM,11,29,false,false,CleanOperational
2026-09-22,Tue,MC-12,Green,"Howrah","Sealdah",false,5.6,6.8,1:00 PM,11,37,false,false,CleanOperational
2026-09-22,Tue,MC-12,Green,"Howrah","Sealdah",false,5.6,6.8,7:00 PM,11,45,false,false,CleanOperational
2026-09-22,Tue,MC-13,Green,"Phoolbagan","Salt Lake Sector V",false,6.6,4.9,12:00 AM,18,14,false,false,CleanOperational
2026-09-22,Tue,MC-13,Green,"Phoolbagan","Salt Lake Sector V",false,6.6,4.9,10:00 AM,18,25,false,false,CleanOperational
2026-09-22,Tue,MC-13,Green,"Phoolbagan","Salt Lake Sector V",false,6.6,4.9,1:00 PM,18,22,false,false,CleanOperational
2026-09-22,Tue,MC-13,Green,"Phoolbagan","Salt Lake Sector V",false,6.6,4.9,7:00 PM,18,23,false,false,CleanOperational
2026-09-22,Tue,MC-14,Green,"Howrah","Phoolbagan",false,7.7,7.6,12:00 AM,12,18,false,false,CleanOperational
2026-09-22,Tue,MC-14,Green,"Howrah","Phoolbagan",false,7.7,7.6,10:00 AM,12,31,false,false,CleanOperational
2026-09-22,Tue,MC-14,Green,"Howrah","Phoolbagan",false,7.7,7.6,1:00 PM,12,35,false,false,CleanOperational
2026-09-22,Tue,MC-14,Green,"Howrah","Phoolbagan",false,7.7,7.6,7:00 PM,12,48,false,false,CleanOperational
2026-09-22,Tue,MC-15,Green,"Esplanade","Salt Lake Sector V",false,11.3,13.3,12:00 AM,25,24,false,false,CleanOperational
2026-09-22,Tue,MC-15,Green,"Esplanade","Salt Lake Sector V",false,11.3,13.3,10:00 AM,25,46,false,false,CleanOperational
2026-09-22,Tue,MC-15,Green,"Esplanade","Salt Lake Sector V",false,11.3,13.3,1:00 PM,25,37,false,false,CleanOperational
2026-09-22,Tue,MC-15,Green,"Esplanade","Salt Lake Sector V",false,11.3,13.3,7:00 PM,25,37,false,false,CleanOperational
2026-09-22,Tue,MC-16,Orange,"Kavi Subhash","Beleghata",true,9.8,9.8,12:00 AM,23,19,false,false,CleanOperational
2026-09-22,Tue,MC-16,Orange,"Kavi Subhash","Beleghata",true,9.8,9.8,10:00 AM,23,28,false,false,CleanOperational
2026-09-22,Tue,MC-16,Orange,"Kavi Subhash","Beleghata",true,9.8,9.8,1:00 PM,28,25,false,false,CleanOperational
2026-09-22,Tue,MC-16,Orange,"Kavi Subhash","Beleghata",true,9.8,9.8,7:00 PM,28,39,false,false,CleanOperational
2026-09-22,Tue,MC-17,Orange,"Hemanta Mukhopadhyay","Beleghata",false,4.4,4.4,12:00 AM,12,8,false,false,CleanOperational
2026-09-22,Tue,MC-17,Orange,"Hemanta Mukhopadhyay","Beleghata",false,4.4,4.4,10:00 AM,12,15,false,false,CleanOperational
2026-09-22,Tue,MC-17,Orange,"Hemanta Mukhopadhyay","Beleghata",false,4.4,4.4,1:00 PM,12,11,false,false,CleanOperational
2026-09-22,Tue,MC-17,Orange,"Hemanta Mukhopadhyay","Beleghata",false,4.4,4.4,7:00 PM,17,27,false,false,CleanOperational
2026-09-22,Tue,MC-18,Orange,"Kavi Subhash","Science City",false,8.9,8.8,12:00 AM,19,18,false,false,CleanOperational
2026-09-22,Tue,MC-18,Orange,"Kavi Subhash","Science City",false,8.9,8.8,10:00 AM,19,24,false,false,CleanOperational
2026-09-22,Tue,MC-18,Orange,"Kavi Subhash","Science City",false,8.9,8.8,1:00 PM,23,23,false,false,CleanOperational
2026-09-22,Tue,MC-18,Orange,"Kavi Subhash","Science City",false,8.9,8.8,7:00 PM,23,36,false,false,CleanOperational
2026-09-22,Tue,MC-19,Purple,"Joka","Majerhat",true,7.9,7.8,12:00 AM,17,19,false,false,CleanOperational
2026-09-22,Tue,MC-19,Purple,"Joka","Majerhat",true,7.9,7.8,10:00 AM,17,25,false,false,CleanOperational
2026-09-22,Tue,MC-19,Purple,"Joka","Majerhat",true,7.9,7.8,1:00 PM,17,23,false,false,CleanOperational
2026-09-22,Tue,MC-19,Purple,"Joka","Majerhat",true,7.9,7.8,7:00 PM,17,23,false,false,CleanOperational
2026-09-22,Tue,MC-20,Purple,"Behala Chowrasta","Majerhat",false,3.7,3.7,12:00 AM,9,11,false,false,CleanOperational
2026-09-22,Tue,MC-20,Purple,"Behala Chowrasta","Majerhat",false,3.7,3.7,10:00 AM,9,12,false,false,CleanOperational
2026-09-22,Tue,MC-20,Purple,"Behala Chowrasta","Majerhat",false,3.7,3.7,1:00 PM,51,11,true,false,WalkingFallback
2026-09-22,Tue,MC-20,Purple,"Behala Chowrasta","Majerhat",false,3.7,3.7,7:00 PM,9,11,false,false,CleanOperational
2026-09-22,Tue,MC-21,Purple,"Joka","Behala Chowrasta",false,4.2,4.1,12:00 AM,8,9,false,false,CleanOperational
2026-09-22,Tue,MC-21,Purple,"Joka","Behala Chowrasta",false,4.2,4.1,10:00 AM,8,13,false,false,CleanOperational
2026-09-22,Tue,MC-21,Purple,"Joka","Behala Chowrasta",false,4.2,4.1,1:00 PM,57,12,true,false,WalkingFallback
2026-09-22,Tue,MC-21,Purple,"Joka","Behala Chowrasta",false,4.2,4.1,7:00 PM,8,13,false,false,CleanOperational
2026-09-22,Tue,MC-22,Purple,"Joka","Taratala",false,6.6,6.5,12:00 AM,14,20,false,false,CleanOperational
2026-09-22,Tue,MC-22,Purple,"Joka","Taratala",false,6.6,6.5,10:00 AM,14,21,false,false,CleanOperational
2026-09-22,Tue,MC-22,Purple,"Joka","Taratala",false,6.6,6.5,1:00 PM,14,21,false,false,CleanOperational
2026-09-22,Tue,MC-22,Purple,"Joka","Taratala",false,6.6,6.5,7:00 PM,14,21,false,false,CleanOperational
2026-09-22,Tue,MC-23,Purple,"Behala Chowrasta","Taratala",false,2.4,2.4,12:00 AM,6,14,false,false,CleanOperational
2026-09-22,Tue,MC-23,Purple,"Behala Chowrasta","Taratala",false,2.4,2.4,10:00 AM,6,8,false,false,CleanOperational
2026-09-22,Tue,MC-23,Purple,"Behala Chowrasta","Taratala",false,2.4,2.4,1:00 PM,33,8,true,false,WalkingFallback
2026-09-22,Tue,MC-23,Purple,"Behala Chowrasta","Taratala",false,2.4,2.4,7:00 PM,6,9,false,false,CleanOperational
2026-09-22,Tue,MC-24,Purple,"Taratala","Majerhat",false,1.3,1.3,12:00 AM,3,7,false,false,CleanOperational
2026-09-22,Tue,MC-24,Purple,"Taratala","Majerhat",false,1.3,1.3,10:00 AM,3,4,false,false,CleanOperational
2026-09-22,Tue,MC-24,Purple,"Taratala","Majerhat",false,1.3,1.3,1:00 PM,18,3,true,false,WalkingFallback
2026-09-22,Tue,MC-24,Purple,"Taratala","Majerhat",false,1.3,1.3,7:00 PM,3,3,false,false,CleanOperational
2026-09-24,Thu,MC-01,Blue,"Dakshineswar","Esplanade",true,15,12.4,12:00 AM,31,32,false,false,CleanOperational
2026-09-24,Thu,MC-01,Blue,"Dakshineswar","Esplanade",true,15,12.4,10:00 AM,28,53,false,false,CleanOperational
2026-09-24,Thu,MC-01,Blue,"Dakshineswar","Esplanade",true,15,12.4,1:00 PM,31,70,false,false,CleanOperational
2026-09-24,Thu,MC-01,Blue,"Dakshineswar","Esplanade",true,15,12.4,7:00 PM,28,49,false,false,CleanOperational
2026-09-24,Thu,MC-02,Blue,"Shahid Khudiram","Esplanade",true,14.9,16.5,12:00 AM,28,31,false,false,CleanOperational
2026-09-24,Thu,MC-02,Blue,"Shahid Khudiram","Esplanade",true,14.9,16.5,10:00 AM,28,58,false,false,CleanOperational
2026-09-24,Thu,MC-02,Blue,"Shahid Khudiram","Esplanade",true,14.9,16.5,1:00 PM,30,46,false,false,CleanOperational
2026-09-24,Thu,MC-02,Blue,"Shahid Khudiram","Esplanade",true,14.9,16.5,7:00 PM,29,67,false,false,CleanOperational
2026-09-24,Thu,MC-03,Blue,"Shyambazar","Dum Dum",false,3.8,3.5,12:00 AM,7,11,false,false,CleanOperational
2026-09-24,Thu,MC-03,Blue,"Shyambazar","Dum Dum",false,3.8,3.5,10:00 AM,7,15,false,false,CleanOperational
2026-09-24,Thu,MC-03,Blue,"Shyambazar","Dum Dum",false,3.8,3.5,1:00 PM,53,17,true,false,WalkingFallback
2026-09-24,Thu,MC-03,Blue,"Shyambazar","Dum Dum",false,3.8,3.5,7:00 PM,8,17,false,false,CleanOperational
2026-09-24,Thu,MC-04,Blue,"Shyambazar","Esplanade",false,5.1,5.2,12:00 AM,11,15,false,false,CleanOperational
2026-09-24,Thu,MC-04,Blue,"Shyambazar","Esplanade",false,5.1,5.2,10:00 AM,11,23,false,false,CleanOperational
2026-09-24,Thu,MC-04,Blue,"Shyambazar","Esplanade",false,5.1,5.2,1:00 PM,11,42,false,false,CleanOperational
2026-09-24,Thu,MC-04,Blue,"Shyambazar","Esplanade",false,5.1,5.2,7:00 PM,11,27,false,false,CleanOperational
2026-09-24,Thu,MC-05,Blue,"Kalighat","Esplanade",false,5.2,5.1,12:00 AM,11,12,false,false,CleanOperational
2026-09-24,Thu,MC-05,Blue,"Kalighat","Esplanade",false,5.2,5.1,10:00 AM,11,20,false,false,CleanOperational
2026-09-24,Thu,MC-05,Blue,"Kalighat","Esplanade",false,5.2,5.1,1:00 PM,11,33,false,false,CleanOperational
2026-09-24,Thu,MC-05,Blue,"Kalighat","Esplanade",false,5.2,5.1,7:00 PM,11,22,false,false,CleanOperational
2026-09-24,Thu,MC-06,Blue,"Dakshineswar","Dum Dum",false,6.2,7,12:00 AM,15,19,false,false,CleanOperational
2026-09-24,Thu,MC-06,Blue,"Dakshineswar","Dum Dum",false,6.2,7,10:00 AM,12,32,false,false,CleanOperational
2026-09-24,Thu,MC-06,Blue,"Dakshineswar","Dum Dum",false,6.2,7,1:00 PM,15,35,false,false,CleanOperational
2026-09-24,Thu,MC-06,Blue,"Dakshineswar","Dum Dum",false,6.2,7,7:00 PM,12,25,false,false,CleanOperational
2026-09-24,Thu,MC-07,Blue,"Esplanade","Mahanayak Uttam Kumar (Tollygunge)",false,7.8,8.3,12:00 AM,17,18,false,false,CleanOperational
2026-09-24,Thu,MC-07,Blue,"Esplanade","Mahanayak Uttam Kumar (Tollygunge)",false,7.8,8.3,10:00 AM,17,31,false,false,CleanOperational
2026-09-24,Thu,MC-07,Blue,"Esplanade","Mahanayak Uttam Kumar (Tollygunge)",false,7.8,8.3,1:00 PM,23,33,false,false,CleanOperational
2026-09-24,Thu,MC-07,Blue,"Esplanade","Mahanayak Uttam Kumar (Tollygunge)",false,7.8,8.3,7:00 PM,18,40,false,false,CleanOperational
2026-09-24,Thu,MC-08,Blue,"Mahanayak Uttam Kumar (Tollygunge)","Kavi Subhash",false,7.1,6.4,12:00 AM,15,16,false,false,CleanOperational
2026-09-24,Thu,MC-08,Blue,"Mahanayak Uttam Kumar (Tollygunge)","Kavi Subhash",false,7.1,6.4,10:00 AM,15,25,false,false,CleanOperational
2026-09-24,Thu,MC-08,Blue,"Mahanayak Uttam Kumar (Tollygunge)","Kavi Subhash",false,7.1,6.4,1:00 PM,17,29,false,false,CleanOperational
2026-09-24,Thu,MC-08,Blue,"Mahanayak Uttam Kumar (Tollygunge)","Kavi Subhash",false,7.1,6.4,7:00 PM,15,32,false,false,CleanOperational
2026-09-24,Thu,MC-09,Blue,"Dum Dum","Esplanade",false,8.8,8.8,12:00 AM,16,25,false,false,CleanOperational
2026-09-24,Thu,MC-09,Blue,"Dum Dum","Esplanade",false,8.8,8.8,10:00 AM,16,39,false,false,CleanOperational
2026-09-24,Thu,MC-09,Blue,"Dum Dum","Esplanade",false,8.8,8.8,1:00 PM,16,52,false,false,CleanOperational
2026-09-24,Thu,MC-09,Blue,"Dum Dum","Esplanade",false,8.8,8.8,7:00 PM,16,44,false,false,CleanOperational
2026-09-24,Thu,MC-10,Green,"Howrah","Salt Lake Sector V",true,14.2,12.4,12:00 AM,30,30,false,false,CleanOperational
2026-09-24,Thu,MC-10,Green,"Howrah","Salt Lake Sector V",true,14.2,12.4,10:00 AM,30,53,false,false,CleanOperational
2026-09-24,Thu,MC-10,Green,"Howrah","Salt Lake Sector V",true,14.2,12.4,1:00 PM,30,50,false,false,CleanOperational
2026-09-24,Thu,MC-10,Green,"Howrah","Salt Lake Sector V",true,14.2,12.4,7:00 PM,30,59,false,false,CleanOperational
2026-09-24,Thu,MC-11,Green,"Sealdah","Salt Lake Sector V",false,8.6,8,12:00 AM,21,17,false,false,CleanOperational
2026-09-24,Thu,MC-11,Green,"Sealdah","Salt Lake Sector V",false,8.6,8,10:00 AM,21,32,false,false,CleanOperational
2026-09-24,Thu,MC-11,Green,"Sealdah","Salt Lake Sector V",false,8.6,8,1:00 PM,21,27,false,false,CleanOperational
2026-09-24,Thu,MC-11,Green,"Sealdah","Salt Lake Sector V",false,8.6,8,7:00 PM,21,30,false,false,CleanOperational
2026-09-24,Thu,MC-12,Green,"Howrah","Sealdah",false,5.6,6.8,12:00 AM,11,15,false,false,CleanOperational
2026-09-24,Thu,MC-12,Green,"Howrah","Sealdah",false,5.6,6.8,10:00 AM,11,30,false,false,CleanOperational
2026-09-24,Thu,MC-12,Green,"Howrah","Sealdah",false,5.6,6.8,1:00 PM,11,36,false,false,CleanOperational
2026-09-24,Thu,MC-12,Green,"Howrah","Sealdah",false,5.6,6.8,7:00 PM,11,37,false,false,CleanOperational
2026-09-24,Thu,MC-13,Green,"Phoolbagan","Salt Lake Sector V",false,6.6,4.9,12:00 AM,18,13,false,false,CleanOperational
2026-09-24,Thu,MC-13,Green,"Phoolbagan","Salt Lake Sector V",false,6.6,4.9,10:00 AM,18,25,false,false,CleanOperational
2026-09-24,Thu,MC-13,Green,"Phoolbagan","Salt Lake Sector V",false,6.6,4.9,1:00 PM,18,22,false,false,CleanOperational
2026-09-24,Thu,MC-13,Green,"Phoolbagan","Salt Lake Sector V",false,6.6,4.9,7:00 PM,18,25,false,false,CleanOperational
2026-09-24,Thu,MC-14,Green,"Howrah","Phoolbagan",false,7.7,7.6,12:00 AM,12,17,false,false,CleanOperational
2026-09-24,Thu,MC-14,Green,"Howrah","Phoolbagan",false,7.7,7.6,10:00 AM,12,31,false,false,CleanOperational
2026-09-24,Thu,MC-14,Green,"Howrah","Phoolbagan",false,7.7,7.6,1:00 PM,12,37,false,false,CleanOperational
2026-09-24,Thu,MC-14,Green,"Howrah","Phoolbagan",false,7.7,7.6,7:00 PM,12,40,false,false,CleanOperational
2026-09-24,Thu,MC-15,Green,"Esplanade","Salt Lake Sector V",false,11.3,13.3,12:00 AM,25,23,false,false,CleanOperational
2026-09-24,Thu,MC-15,Green,"Esplanade","Salt Lake Sector V",false,11.3,13.3,10:00 AM,25,44,false,false,CleanOperational
2026-09-24,Thu,MC-15,Green,"Esplanade","Salt Lake Sector V",false,11.3,13.3,1:00 PM,25,33,false,false,CleanOperational
2026-09-24,Thu,MC-15,Green,"Esplanade","Salt Lake Sector V",false,11.3,13.3,7:00 PM,25,40,false,false,CleanOperational
2026-09-24,Thu,MC-16,Orange,"Kavi Subhash","Beleghata",true,9.8,9.8,12:00 AM,23,20,false,false,CleanOperational
2026-09-24,Thu,MC-16,Orange,"Kavi Subhash","Beleghata",true,9.8,9.8,10:00 AM,23,35,false,false,CleanOperational
2026-09-24,Thu,MC-16,Orange,"Kavi Subhash","Beleghata",true,9.8,9.8,1:00 PM,28,25,false,false,CleanOperational
2026-09-24,Thu,MC-16,Orange,"Kavi Subhash","Beleghata",true,9.8,9.8,7:00 PM,28,35,false,false,CleanOperational
2026-09-24,Thu,MC-17,Orange,"Hemanta Mukhopadhyay","Beleghata",false,4.4,4.4,12:00 AM,12,9,false,false,CleanOperational
2026-09-24,Thu,MC-17,Orange,"Hemanta Mukhopadhyay","Beleghata",false,4.4,4.4,10:00 AM,12,23,false,false,CleanOperational
2026-09-24,Thu,MC-17,Orange,"Hemanta Mukhopadhyay","Beleghata",false,4.4,4.4,1:00 PM,12,12,false,false,CleanOperational
2026-09-24,Thu,MC-17,Orange,"Hemanta Mukhopadhyay","Beleghata",false,4.4,4.4,7:00 PM,17,15,false,false,CleanOperational
2026-09-24,Thu,MC-18,Orange,"Kavi Subhash","Science City",false,8.9,8.8,12:00 AM,23,18,false,false,CleanOperational
2026-09-24,Thu,MC-18,Orange,"Kavi Subhash","Science City",false,8.9,8.8,10:00 AM,19,32,false,false,CleanOperational
2026-09-24,Thu,MC-18,Orange,"Kavi Subhash","Science City",false,8.9,8.8,1:00 PM,23,24,false,false,CleanOperational
2026-09-24,Thu,MC-18,Orange,"Kavi Subhash","Science City",false,8.9,8.8,7:00 PM,23,30,false,false,CleanOperational
2026-09-24,Thu,MC-19,Purple,"Joka","Majerhat",true,7.9,7.8,12:00 AM,17,18,false,false,CleanOperational
2026-09-24,Thu,MC-19,Purple,"Joka","Majerhat",true,7.9,7.8,10:00 AM,17,24,false,false,CleanOperational
2026-09-24,Thu,MC-19,Purple,"Joka","Majerhat",true,7.9,7.8,1:00 PM,17,26,false,false,CleanOperational
2026-09-24,Thu,MC-19,Purple,"Joka","Majerhat",true,7.9,7.8,7:00 PM,17,22,false,false,CleanOperational
2026-09-24,Thu,MC-20,Purple,"Behala Chowrasta","Majerhat",false,3.7,3.7,12:00 AM,9,9,false,false,CleanOperational
2026-09-24,Thu,MC-20,Purple,"Behala Chowrasta","Majerhat",false,3.7,3.7,10:00 AM,9,12,false,false,CleanOperational
2026-09-24,Thu,MC-20,Purple,"Behala Chowrasta","Majerhat",false,3.7,3.7,1:00 PM,51,12,true,false,WalkingFallback
2026-09-24,Thu,MC-20,Purple,"Behala Chowrasta","Majerhat",false,3.7,3.7,7:00 PM,9,11,false,false,CleanOperational
2026-09-24,Thu,MC-21,Purple,"Joka","Behala Chowrasta",false,4.2,4.1,12:00 AM,57,9,true,false,WalkingFallback
2026-09-24,Thu,MC-21,Purple,"Joka","Behala Chowrasta",false,4.2,4.1,10:00 AM,8,12,false,false,CleanOperational
2026-09-24,Thu,MC-21,Purple,"Joka","Behala Chowrasta",false,4.2,4.1,1:00 PM,57,14,true,false,WalkingFallback
2026-09-24,Thu,MC-21,Purple,"Joka","Behala Chowrasta",false,4.2,4.1,7:00 PM,8,12,false,false,CleanOperational
2026-09-24,Thu,MC-22,Purple,"Joka","Taratala",false,6.6,6.5,12:00 AM,14,15,false,false,CleanOperational
2026-09-24,Thu,MC-22,Purple,"Joka","Taratala",false,6.6,6.5,10:00 AM,14,21,false,false,CleanOperational
2026-09-24,Thu,MC-22,Purple,"Joka","Taratala",false,6.6,6.5,1:00 PM,14,22,false,false,CleanOperational
2026-09-24,Thu,MC-22,Purple,"Joka","Taratala",false,6.6,6.5,7:00 PM,14,19,false,false,CleanOperational
2026-09-24,Thu,MC-23,Purple,"Behala Chowrasta","Taratala",false,2.4,2.4,12:00 AM,33,6,true,false,WalkingFallback
2026-09-24,Thu,MC-23,Purple,"Behala Chowrasta","Taratala",false,2.4,2.4,10:00 AM,6,8,false,false,CleanOperational
2026-09-24,Thu,MC-23,Purple,"Behala Chowrasta","Taratala",false,2.4,2.4,1:00 PM,33,9,true,false,WalkingFallback
2026-09-24,Thu,MC-23,Purple,"Behala Chowrasta","Taratala",false,2.4,2.4,7:00 PM,6,8,false,false,CleanOperational
2026-09-24,Thu,MC-24,Purple,"Taratala","Majerhat",false,1.3,1.3,12:00 AM,3,3,false,false,CleanOperational
2026-09-24,Thu,MC-24,Purple,"Taratala","Majerhat",false,1.3,1.3,10:00 AM,3,4,false,false,CleanOperational
2026-09-24,Thu,MC-24,Purple,"Taratala","Majerhat",false,1.3,1.3,1:00 PM,18,3,true,false,WalkingFallback
2026-09-24,Thu,MC-24,Purple,"Taratala","Majerhat",false,1.3,1.3,7:00 PM,3,3,false,false,CleanOperational
2026-09-25,Fri,MC-01,Blue,"Dakshineswar","Esplanade",true,15,12.4,12:00 AM,28,31,false,false,CleanOperational
2026-09-25,Fri,MC-01,Blue,"Dakshineswar","Esplanade",true,15,12.4,10:00 AM,28,52,false,false,CleanOperational
2026-09-25,Fri,MC-01,Blue,"Dakshineswar","Esplanade",true,15,12.4,1:00 PM,31,55,false,false,CleanOperational
2026-09-25,Fri,MC-01,Blue,"Dakshineswar","Esplanade",true,15,12.4,7:00 PM,28,59,false,false,CleanOperational
2026-09-25,Fri,MC-02,Blue,"Shahid Khudiram","Esplanade",true,14.9,16.5,12:00 AM,30,31,false,false,CleanOperational
2026-09-25,Fri,MC-02,Blue,"Shahid Khudiram","Esplanade",true,14.9,16.5,10:00 AM,28,58,false,false,CleanOperational
2026-09-25,Fri,MC-02,Blue,"Shahid Khudiram","Esplanade",true,14.9,16.5,1:00 PM,30,47,false,false,CleanOperational
2026-09-25,Fri,MC-02,Blue,"Shahid Khudiram","Esplanade",true,14.9,16.5,7:00 PM,29,69,false,false,CleanOperational
2026-09-25,Fri,MC-03,Blue,"Shyambazar","Dum Dum",false,3.8,3.5,12:00 AM,7,11,false,false,CleanOperational
2026-09-25,Fri,MC-03,Blue,"Shyambazar","Dum Dum",false,3.8,3.5,10:00 AM,7,15,false,false,CleanOperational
2026-09-25,Fri,MC-03,Blue,"Shyambazar","Dum Dum",false,3.8,3.5,1:00 PM,53,16,true,false,WalkingFallback
2026-09-25,Fri,MC-03,Blue,"Shyambazar","Dum Dum",false,3.8,3.5,7:00 PM,8,17,false,false,CleanOperational
2026-09-25,Fri,MC-04,Blue,"Shyambazar","Esplanade",false,5.1,5.2,12:00 AM,11,15,false,false,CleanOperational
2026-09-25,Fri,MC-04,Blue,"Shyambazar","Esplanade",false,5.1,5.2,10:00 AM,11,22,false,false,CleanOperational
2026-09-25,Fri,MC-04,Blue,"Shyambazar","Esplanade",false,5.1,5.2,1:00 PM,11,29,false,false,CleanOperational
2026-09-25,Fri,MC-04,Blue,"Shyambazar","Esplanade",false,5.1,5.2,7:00 PM,11,35,false,false,CleanOperational
2026-09-25,Fri,MC-05,Blue,"Kalighat","Esplanade",false,5.2,5.1,12:00 AM,11,12,false,false,CleanOperational
2026-09-25,Fri,MC-05,Blue,"Kalighat","Esplanade",false,5.2,5.1,10:00 AM,11,18,false,false,CleanOperational
2026-09-25,Fri,MC-05,Blue,"Kalighat","Esplanade",false,5.2,5.1,1:00 PM,11,38,false,false,CleanOperational
2026-09-25,Fri,MC-05,Blue,"Kalighat","Esplanade",false,5.2,5.1,7:00 PM,11,30,false,false,CleanOperational
2026-09-25,Fri,MC-06,Blue,"Dakshineswar","Dum Dum",false,6.2,7,12:00 AM,12,17,false,false,CleanOperational
2026-09-25,Fri,MC-06,Blue,"Dakshineswar","Dum Dum",false,6.2,7,10:00 AM,12,31,false,false,CleanOperational
2026-09-25,Fri,MC-06,Blue,"Dakshineswar","Dum Dum",false,6.2,7,1:00 PM,15,28,false,false,CleanOperational
2026-09-25,Fri,MC-06,Blue,"Dakshineswar","Dum Dum",false,6.2,7,7:00 PM,12,29,false,false,CleanOperational
2026-09-25,Fri,MC-07,Blue,"Esplanade","Mahanayak Uttam Kumar (Tollygunge)",false,7.8,8.3,12:00 AM,17,18,false,false,CleanOperational
2026-09-25,Fri,MC-07,Blue,"Esplanade","Mahanayak Uttam Kumar (Tollygunge)",false,7.8,8.3,10:00 AM,17,33,false,false,CleanOperational
2026-09-25,Fri,MC-07,Blue,"Esplanade","Mahanayak Uttam Kumar (Tollygunge)",false,7.8,8.3,1:00 PM,23,34,false,false,CleanOperational
2026-09-25,Fri,MC-07,Blue,"Esplanade","Mahanayak Uttam Kumar (Tollygunge)",false,7.8,8.3,7:00 PM,18,44,false,false,CleanOperational
2026-09-25,Fri,MC-08,Blue,"Mahanayak Uttam Kumar (Tollygunge)","Kavi Subhash",false,7.1,6.4,12:00 AM,15,16,false,false,CleanOperational
2026-09-25,Fri,MC-08,Blue,"Mahanayak Uttam Kumar (Tollygunge)","Kavi Subhash",false,7.1,6.4,10:00 AM,15,26,false,false,CleanOperational
2026-09-25,Fri,MC-08,Blue,"Mahanayak Uttam Kumar (Tollygunge)","Kavi Subhash",false,7.1,6.4,1:00 PM,17,27,false,false,CleanOperational
2026-09-25,Fri,MC-08,Blue,"Mahanayak Uttam Kumar (Tollygunge)","Kavi Subhash",false,7.1,6.4,7:00 PM,15,33,false,false,CleanOperational
2026-09-25,Fri,MC-09,Blue,"Dum Dum","Esplanade",false,8.8,8.8,12:00 AM,16,25,false,false,CleanOperational
2026-09-25,Fri,MC-09,Blue,"Dum Dum","Esplanade",false,8.8,8.8,10:00 AM,16,39,false,false,CleanOperational
2026-09-25,Fri,MC-09,Blue,"Dum Dum","Esplanade",false,8.8,8.8,1:00 PM,16,42,false,false,CleanOperational
2026-09-25,Fri,MC-09,Blue,"Dum Dum","Esplanade",false,8.8,8.8,7:00 PM,16,49,false,false,CleanOperational
2026-09-25,Fri,MC-10,Green,"Howrah","Salt Lake Sector V",true,14.2,12.4,12:00 AM,30,30,false,false,CleanOperational
2026-09-25,Fri,MC-10,Green,"Howrah","Salt Lake Sector V",true,14.2,12.4,10:00 AM,30,51,false,false,CleanOperational
2026-09-25,Fri,MC-10,Green,"Howrah","Salt Lake Sector V",true,14.2,12.4,1:00 PM,30,47,false,false,CleanOperational
2026-09-25,Fri,MC-10,Green,"Howrah","Salt Lake Sector V",true,14.2,12.4,7:00 PM,30,67,false,false,CleanOperational
2026-09-25,Fri,MC-11,Green,"Sealdah","Salt Lake Sector V",false,8.6,8,12:00 AM,21,17,false,false,CleanOperational
2026-09-25,Fri,MC-11,Green,"Sealdah","Salt Lake Sector V",false,8.6,8,10:00 AM,21,32,false,false,CleanOperational
2026-09-25,Fri,MC-11,Green,"Sealdah","Salt Lake Sector V",false,8.6,8,1:00 PM,21,27,false,false,CleanOperational
2026-09-25,Fri,MC-11,Green,"Sealdah","Salt Lake Sector V",false,8.6,8,7:00 PM,21,34,false,false,CleanOperational
2026-09-25,Fri,MC-12,Green,"Howrah","Sealdah",false,5.6,6.8,12:00 AM,11,16,false,false,CleanOperational
2026-09-25,Fri,MC-12,Green,"Howrah","Sealdah",false,5.6,6.8,10:00 AM,11,32,false,false,CleanOperational
2026-09-25,Fri,MC-12,Green,"Howrah","Sealdah",false,5.6,6.8,1:00 PM,11,32,false,false,CleanOperational
2026-09-25,Fri,MC-12,Green,"Howrah","Sealdah",false,5.6,6.8,7:00 PM,11,46,false,false,CleanOperational
2026-09-25,Fri,MC-13,Green,"Phoolbagan","Salt Lake Sector V",false,6.6,4.9,12:00 AM,18,13,false,false,CleanOperational
2026-09-25,Fri,MC-13,Green,"Phoolbagan","Salt Lake Sector V",false,6.6,4.9,10:00 AM,18,25,false,false,CleanOperational
2026-09-25,Fri,MC-13,Green,"Phoolbagan","Salt Lake Sector V",false,6.6,4.9,1:00 PM,18,20,false,false,CleanOperational
2026-09-25,Fri,MC-13,Green,"Phoolbagan","Salt Lake Sector V",false,6.6,4.9,7:00 PM,18,25,false,false,CleanOperational
2026-09-25,Fri,MC-14,Green,"Howrah","Phoolbagan",false,7.7,7.6,12:00 AM,12,17,false,false,CleanOperational
2026-09-25,Fri,MC-14,Green,"Howrah","Phoolbagan",false,7.7,7.6,10:00 AM,12,29,false,false,CleanOperational
2026-09-25,Fri,MC-14,Green,"Howrah","Phoolbagan",false,7.7,7.6,1:00 PM,12,36,false,false,CleanOperational
2026-09-25,Fri,MC-14,Green,"Howrah","Phoolbagan",false,7.7,7.6,7:00 PM,12,51,false,false,CleanOperational
2026-09-25,Fri,MC-15,Green,"Esplanade","Salt Lake Sector V",false,11.3,13.3,12:00 AM,25,24,false,false,CleanOperational
2026-09-25,Fri,MC-15,Green,"Esplanade","Salt Lake Sector V",false,11.3,13.3,10:00 AM,25,43,false,false,CleanOperational
2026-09-25,Fri,MC-15,Green,"Esplanade","Salt Lake Sector V",false,11.3,13.3,1:00 PM,25,32,false,false,CleanOperational
2026-09-25,Fri,MC-15,Green,"Esplanade","Salt Lake Sector V",false,11.3,13.3,7:00 PM,25,48,false,false,CleanOperational
2026-09-25,Fri,MC-16,Orange,"Kavi Subhash","Beleghata",true,9.8,9.8,12:00 AM,28,20,false,false,CleanOperational
2026-09-25,Fri,MC-16,Orange,"Kavi Subhash","Beleghata",true,9.8,9.8,10:00 AM,23,36,false,false,CleanOperational
2026-09-25,Fri,MC-16,Orange,"Kavi Subhash","Beleghata",true,9.8,9.8,1:00 PM,28,29,false,false,CleanOperational
2026-09-25,Fri,MC-16,Orange,"Kavi Subhash","Beleghata",true,9.8,9.8,7:00 PM,28,34,false,false,CleanOperational
2026-09-25,Fri,MC-17,Orange,"Hemanta Mukhopadhyay","Beleghata",false,4.4,4.4,12:00 AM,12,9,false,false,CleanOperational
2026-09-25,Fri,MC-17,Orange,"Hemanta Mukhopadhyay","Beleghata",false,4.4,4.4,10:00 AM,12,24,false,false,CleanOperational
2026-09-25,Fri,MC-17,Orange,"Hemanta Mukhopadhyay","Beleghata",false,4.4,4.4,1:00 PM,12,15,false,false,CleanOperational
2026-09-25,Fri,MC-17,Orange,"Hemanta Mukhopadhyay","Beleghata",false,4.4,4.4,7:00 PM,17,13,false,false,CleanOperational
2026-09-25,Fri,MC-18,Orange,"Kavi Subhash","Science City",false,8.9,8.8,12:00 AM,23,18,false,false,CleanOperational
2026-09-25,Fri,MC-18,Orange,"Kavi Subhash","Science City",false,8.9,8.8,10:00 AM,19,33,false,false,CleanOperational
2026-09-25,Fri,MC-18,Orange,"Kavi Subhash","Science City",false,8.9,8.8,1:00 PM,23,28,false,false,CleanOperational
2026-09-25,Fri,MC-18,Orange,"Kavi Subhash","Science City",false,8.9,8.8,7:00 PM,23,31,false,false,CleanOperational
2026-09-25,Fri,MC-19,Purple,"Joka","Majerhat",true,7.9,7.8,12:00 AM,17,18,false,false,CleanOperational
2026-09-25,Fri,MC-19,Purple,"Joka","Majerhat",true,7.9,7.8,10:00 AM,17,24,false,false,CleanOperational
2026-09-25,Fri,MC-19,Purple,"Joka","Majerhat",true,7.9,7.8,1:00 PM,17,23,false,false,CleanOperational
2026-09-25,Fri,MC-19,Purple,"Joka","Majerhat",true,7.9,7.8,7:00 PM,17,24,false,false,CleanOperational
2026-09-25,Fri,MC-20,Purple,"Behala Chowrasta","Majerhat",false,3.7,3.7,12:00 AM,9,9,false,false,CleanOperational
2026-09-25,Fri,MC-20,Purple,"Behala Chowrasta","Majerhat",false,3.7,3.7,10:00 AM,9,12,false,false,CleanOperational
2026-09-25,Fri,MC-20,Purple,"Behala Chowrasta","Majerhat",false,3.7,3.7,1:00 PM,51,11,true,false,WalkingFallback
2026-09-25,Fri,MC-20,Purple,"Behala Chowrasta","Majerhat",false,3.7,3.7,7:00 PM,9,11,false,false,CleanOperational
2026-09-25,Fri,MC-21,Purple,"Joka","Behala Chowrasta",false,4.2,4.1,12:00 AM,8,9,false,false,CleanOperational
2026-09-25,Fri,MC-21,Purple,"Joka","Behala Chowrasta",false,4.2,4.1,10:00 AM,8,13,false,false,CleanOperational
2026-09-25,Fri,MC-21,Purple,"Joka","Behala Chowrasta",false,4.2,4.1,1:00 PM,57,11,true,false,WalkingFallback
2026-09-25,Fri,MC-21,Purple,"Joka","Behala Chowrasta",false,4.2,4.1,7:00 PM,8,13,false,false,CleanOperational
2026-09-25,Fri,MC-22,Purple,"Joka","Taratala",false,6.6,6.5,12:00 AM,14,15,false,false,CleanOperational
2026-09-25,Fri,MC-22,Purple,"Joka","Taratala",false,6.6,6.5,10:00 AM,14,22,false,false,CleanOperational
2026-09-25,Fri,MC-22,Purple,"Joka","Taratala",false,6.6,6.5,1:00 PM,14,20,false,false,CleanOperational
2026-09-25,Fri,MC-22,Purple,"Joka","Taratala",false,6.6,6.5,7:00 PM,14,21,false,false,CleanOperational
2026-09-25,Fri,MC-23,Purple,"Behala Chowrasta","Taratala",false,2.4,2.4,12:00 AM,6,6,false,false,CleanOperational
2026-09-25,Fri,MC-23,Purple,"Behala Chowrasta","Taratala",false,2.4,2.4,10:00 AM,6,8,false,false,CleanOperational
2026-09-25,Fri,MC-23,Purple,"Behala Chowrasta","Taratala",false,2.4,2.4,1:00 PM,33,8,true,false,WalkingFallback
2026-09-25,Fri,MC-23,Purple,"Behala Chowrasta","Taratala",false,2.4,2.4,7:00 PM,6,8,false,false,CleanOperational
2026-09-25,Fri,MC-24,Purple,"Taratala","Majerhat",false,1.3,1.3,12:00 AM,3,3,false,false,CleanOperational
2026-09-25,Fri,MC-24,Purple,"Taratala","Majerhat",false,1.3,1.3,10:00 AM,3,4,false,false,CleanOperational
2026-09-25,Fri,MC-24,Purple,"Taratala","Majerhat",false,1.3,1.3,1:00 PM,18,3,true,false,WalkingFallback
2026-09-25,Fri,MC-24,Purple,"Taratala","Majerhat",false,1.3,1.3,7:00 PM,3,3,false,false,CleanOperational
2026-09-26,Sat,MC-01,Blue,"Dakshineswar","Esplanade",true,15,12.4,12:00 AM,28,33,false,false,CleanOperational
2026-09-26,Sat,MC-01,Blue,"Dakshineswar","Esplanade",true,15,12.4,10:00 AM,28,39,false,false,CleanOperational
2026-09-26,Sat,MC-01,Blue,"Dakshineswar","Esplanade",true,15,12.4,1:00 PM,31,54,false,false,CleanOperational
2026-09-26,Sat,MC-01,Blue,"Dakshineswar","Esplanade",true,15,12.4,7:00 PM,28,57,false,false,CleanOperational
2026-09-26,Sat,MC-02,Blue,"Shahid Khudiram","Esplanade",true,14.9,16.5,12:00 AM,28,32,false,false,CleanOperational
2026-09-26,Sat,MC-02,Blue,"Shahid Khudiram","Esplanade",true,14.9,16.5,10:00 AM,28,36,false,false,CleanOperational
2026-09-26,Sat,MC-02,Blue,"Shahid Khudiram","Esplanade",true,14.9,16.5,1:00 PM,30,40,false,false,CleanOperational
2026-09-26,Sat,MC-02,Blue,"Shahid Khudiram","Esplanade",true,14.9,16.5,7:00 PM,29,53,false,false,CleanOperational
2026-09-26,Sat,MC-03,Blue,"Shyambazar","Dum Dum",false,3.8,3.5,12:00 AM,7,11,false,false,CleanOperational
2026-09-26,Sat,MC-03,Blue,"Shyambazar","Dum Dum",false,3.8,3.5,10:00 AM,7,14,false,false,CleanOperational
2026-09-26,Sat,MC-03,Blue,"Shyambazar","Dum Dum",false,3.8,3.5,1:00 PM,53,17,true,false,WalkingFallback
2026-09-26,Sat,MC-03,Blue,"Shyambazar","Dum Dum",false,3.8,3.5,7:00 PM,8,17,false,false,CleanOperational
2026-09-26,Sat,MC-04,Blue,"Shyambazar","Esplanade",false,5.1,5.2,12:00 AM,11,15,false,false,CleanOperational
2026-09-26,Sat,MC-04,Blue,"Shyambazar","Esplanade",false,5.1,5.2,10:00 AM,11,19,false,false,CleanOperational
2026-09-26,Sat,MC-04,Blue,"Shyambazar","Esplanade",false,5.1,5.2,1:00 PM,11,26,false,false,CleanOperational
2026-09-26,Sat,MC-04,Blue,"Shyambazar","Esplanade",false,5.1,5.2,7:00 PM,11,35,false,false,CleanOperational
2026-09-26,Sat,MC-05,Blue,"Kalighat","Esplanade",false,5.2,5.1,12:00 AM,11,12,false,false,CleanOperational
2026-09-26,Sat,MC-05,Blue,"Kalighat","Esplanade",false,5.2,5.1,10:00 AM,11,15,false,false,CleanOperational
2026-09-26,Sat,MC-05,Blue,"Kalighat","Esplanade",false,5.2,5.1,1:00 PM,11,25,false,false,CleanOperational
2026-09-26,Sat,MC-05,Blue,"Kalighat","Esplanade",false,5.2,5.1,7:00 PM,11,27,false,false,CleanOperational
2026-09-26,Sat,MC-06,Blue,"Dakshineswar","Dum Dum",false,6.2,7,12:00 AM,12,20,false,false,CleanOperational
2026-09-26,Sat,MC-06,Blue,"Dakshineswar","Dum Dum",false,6.2,7,10:00 AM,12,24,false,false,CleanOperational
2026-09-26,Sat,MC-06,Blue,"Dakshineswar","Dum Dum",false,6.2,7,1:00 PM,15,28,false,false,CleanOperational
2026-09-26,Sat,MC-06,Blue,"Dakshineswar","Dum Dum",false,6.2,7,7:00 PM,12,29,false,false,CleanOperational
2026-09-26,Sat,MC-07,Blue,"Esplanade","Mahanayak Uttam Kumar (Tollygunge)",false,7.8,8.3,12:00 AM,17,19,false,false,CleanOperational
2026-09-26,Sat,MC-07,Blue,"Esplanade","Mahanayak Uttam Kumar (Tollygunge)",false,7.8,8.3,10:00 AM,17,27,false,false,CleanOperational
2026-09-26,Sat,MC-07,Blue,"Esplanade","Mahanayak Uttam Kumar (Tollygunge)",false,7.8,8.3,1:00 PM,23,32,false,false,CleanOperational
2026-09-26,Sat,MC-07,Blue,"Esplanade","Mahanayak Uttam Kumar (Tollygunge)",false,7.8,8.3,7:00 PM,18,38,false,false,CleanOperational
2026-09-26,Sat,MC-08,Blue,"Mahanayak Uttam Kumar (Tollygunge)","Kavi Subhash",false,7.1,6.4,12:00 AM,15,16,false,false,CleanOperational
2026-09-26,Sat,MC-08,Blue,"Mahanayak Uttam Kumar (Tollygunge)","Kavi Subhash",false,7.1,6.4,10:00 AM,15,25,false,false,CleanOperational
2026-09-26,Sat,MC-08,Blue,"Mahanayak Uttam Kumar (Tollygunge)","Kavi Subhash",false,7.1,6.4,1:00 PM,17,27,false,false,CleanOperational
2026-09-26,Sat,MC-08,Blue,"Mahanayak Uttam Kumar (Tollygunge)","Kavi Subhash",false,7.1,6.4,7:00 PM,15,33,false,false,CleanOperational
2026-09-26,Sat,MC-09,Blue,"Dum Dum","Esplanade",false,8.8,8.8,12:00 AM,16,25,false,false,CleanOperational
2026-09-26,Sat,MC-09,Blue,"Dum Dum","Esplanade",false,8.8,8.8,10:00 AM,16,32,false,false,CleanOperational
2026-09-26,Sat,MC-09,Blue,"Dum Dum","Esplanade",false,8.8,8.8,1:00 PM,16,41,false,false,CleanOperational
2026-09-26,Sat,MC-09,Blue,"Dum Dum","Esplanade",false,8.8,8.8,7:00 PM,16,51,false,false,CleanOperational
2026-09-26,Sat,MC-10,Green,"Howrah","Salt Lake Sector V",true,14.2,12.4,12:00 AM,30,29,false,false,CleanOperational
2026-09-26,Sat,MC-10,Green,"Howrah","Salt Lake Sector V",true,14.2,12.4,10:00 AM,30,41,false,false,CleanOperational
2026-09-26,Sat,MC-10,Green,"Howrah","Salt Lake Sector V",true,14.2,12.4,1:00 PM,30,47,false,false,CleanOperational
2026-09-26,Sat,MC-10,Green,"Howrah","Salt Lake Sector V",true,14.2,12.4,7:00 PM,30,54,false,false,CleanOperational
2026-09-26,Sat,MC-11,Green,"Sealdah","Salt Lake Sector V",false,8.6,8,12:00 AM,21,17,false,false,CleanOperational
2026-09-26,Sat,MC-11,Green,"Sealdah","Salt Lake Sector V",false,8.6,8,10:00 AM,22,25,false,false,CleanOperational
2026-09-26,Sat,MC-11,Green,"Sealdah","Salt Lake Sector V",false,8.6,8,1:00 PM,22,25,false,false,CleanOperational
2026-09-26,Sat,MC-11,Green,"Sealdah","Salt Lake Sector V",false,8.6,8,7:00 PM,22,27,false,false,CleanOperational
2026-09-26,Sat,MC-12,Green,"Howrah","Sealdah",false,5.6,6.8,12:00 AM,11,16,false,false,CleanOperational
2026-09-26,Sat,MC-12,Green,"Howrah","Sealdah",false,5.6,6.8,10:00 AM,10,26,false,false,CleanOperational
2026-09-26,Sat,MC-12,Green,"Howrah","Sealdah",false,5.6,6.8,1:00 PM,10,34,false,false,CleanOperational
2026-09-26,Sat,MC-12,Green,"Howrah","Sealdah",false,5.6,6.8,7:00 PM,10,45,false,false,CleanOperational
2026-09-26,Sat,MC-13,Green,"Phoolbagan","Salt Lake Sector V",false,6.6,4.9,12:00 AM,18,14,false,false,CleanOperational
2026-09-26,Sat,MC-13,Green,"Phoolbagan","Salt Lake Sector V",false,6.6,4.9,10:00 AM,19,19,false,false,CleanOperational
2026-09-26,Sat,MC-13,Green,"Phoolbagan","Salt Lake Sector V",false,6.6,4.9,1:00 PM,19,19,false,false,CleanOperational
2026-09-26,Sat,MC-13,Green,"Phoolbagan","Salt Lake Sector V",false,6.6,4.9,7:00 PM,19,23,false,false,CleanOperational
2026-09-26,Sat,MC-14,Green,"Howrah","Phoolbagan",false,7.7,7.6,12:00 AM,12,17,false,false,CleanOperational
2026-09-26,Sat,MC-14,Green,"Howrah","Phoolbagan",false,7.7,7.6,10:00 AM,11,32,false,false,CleanOperational
2026-09-26,Sat,MC-14,Green,"Howrah","Phoolbagan",false,7.7,7.6,1:00 PM,11,37,false,false,CleanOperational
2026-09-26,Sat,MC-14,Green,"Howrah","Phoolbagan",false,7.7,7.6,7:00 PM,11,48,false,false,CleanOperational
2026-09-26,Sat,MC-15,Green,"Esplanade","Salt Lake Sector V",false,11.3,13.3,12:00 AM,25,23,false,false,CleanOperational
2026-09-26,Sat,MC-15,Green,"Esplanade","Salt Lake Sector V",false,11.3,13.3,10:00 AM,25,27,false,false,CleanOperational
2026-09-26,Sat,MC-15,Green,"Esplanade","Salt Lake Sector V",false,11.3,13.3,1:00 PM,25,30,false,false,CleanOperational
2026-09-26,Sat,MC-15,Green,"Esplanade","Salt Lake Sector V",false,11.3,13.3,7:00 PM,25,34,false,false,CleanOperational
2026-09-26,Sat,MC-16,Orange,"Kavi Subhash","Beleghata",true,9.8,9.8,12:00 AM,28,20,false,false,CleanOperational
2026-09-26,Sat,MC-16,Orange,"Kavi Subhash","Beleghata",true,9.8,9.8,10:00 AM,0,23,false,true,MissingMetro
2026-09-26,Sat,MC-16,Orange,"Kavi Subhash","Beleghata",true,9.8,9.8,1:00 PM,0,24,false,true,MissingMetro
2026-09-26,Sat,MC-16,Orange,"Kavi Subhash","Beleghata",true,9.8,9.8,7:00 PM,0,34,false,true,MissingMetro
2026-09-26,Sat,MC-17,Orange,"Hemanta Mukhopadhyay","Beleghata",false,4.4,4.4,12:00 AM,12,9,false,false,CleanOperational
2026-09-26,Sat,MC-17,Orange,"Hemanta Mukhopadhyay","Beleghata",false,4.4,4.4,10:00 AM,0,10,false,true,MissingMetro
2026-09-26,Sat,MC-17,Orange,"Hemanta Mukhopadhyay","Beleghata",false,4.4,4.4,1:00 PM,0,10,false,true,MissingMetro
2026-09-26,Sat,MC-17,Orange,"Hemanta Mukhopadhyay","Beleghata",false,4.4,4.4,7:00 PM,0,16,false,true,MissingMetro
2026-09-26,Sat,MC-18,Orange,"Kavi Subhash","Science City",false,8.9,8.8,12:00 AM,19,18,false,false,CleanOperational
2026-09-26,Sat,MC-18,Orange,"Kavi Subhash","Science City",false,8.9,8.8,10:00 AM,0,20,false,true,MissingMetro
2026-09-26,Sat,MC-18,Orange,"Kavi Subhash","Science City",false,8.9,8.8,1:00 PM,0,22,false,true,MissingMetro
2026-09-26,Sat,MC-18,Orange,"Kavi Subhash","Science City",false,8.9,8.8,7:00 PM,0,30,false,true,MissingMetro
2026-09-26,Sat,MC-19,Purple,"Joka","Majerhat",true,7.9,7.8,12:00 AM,17,19,false,false,CleanOperational
2026-09-26,Sat,MC-19,Purple,"Joka","Majerhat",true,7.9,7.8,10:00 AM,0,24,false,true,MissingMetro
2026-09-26,Sat,MC-19,Purple,"Joka","Majerhat",true,7.9,7.8,1:00 PM,19,26,false,false,CleanOperational
2026-09-26,Sat,MC-19,Purple,"Joka","Majerhat",true,7.9,7.8,7:00 PM,0,24,false,true,MissingMetro
2026-09-26,Sat,MC-20,Purple,"Behala Chowrasta","Majerhat",false,3.7,3.7,12:00 AM,9,11,false,false,CleanOperational
2026-09-26,Sat,MC-20,Purple,"Behala Chowrasta","Majerhat",false,3.7,3.7,10:00 AM,0,12,false,true,MissingMetro
2026-09-26,Sat,MC-20,Purple,"Behala Chowrasta","Majerhat",false,3.7,3.7,1:00 PM,51,15,true,false,WalkingFallback
2026-09-26,Sat,MC-20,Purple,"Behala Chowrasta","Majerhat",false,3.7,3.7,7:00 PM,0,12,false,true,MissingMetro
2026-09-26,Sat,MC-21,Purple,"Joka","Behala Chowrasta",false,4.2,4.1,12:00 AM,57,9,true,false,WalkingFallback
2026-09-26,Sat,MC-21,Purple,"Joka","Behala Chowrasta",false,4.2,4.1,10:00 AM,0,12,false,true,MissingMetro
2026-09-26,Sat,MC-21,Purple,"Joka","Behala Chowrasta",false,4.2,4.1,1:00 PM,57,12,true,false,WalkingFallback
2026-09-26,Sat,MC-21,Purple,"Joka","Behala Chowrasta",false,4.2,4.1,7:00 PM,0,12,false,true,MissingMetro
2026-09-26,Sat,MC-22,Purple,"Joka","Taratala",false,6.6,6.5,12:00 AM,14,20,false,false,CleanOperational
2026-09-26,Sat,MC-22,Purple,"Joka","Taratala",false,6.6,6.5,10:00 AM,0,20,false,true,MissingMetro
2026-09-26,Sat,MC-22,Purple,"Joka","Taratala",false,6.6,6.5,1:00 PM,14,24,false,false,CleanOperational
2026-09-26,Sat,MC-22,Purple,"Joka","Taratala",false,6.6,6.5,7:00 PM,0,22,false,true,MissingMetro
2026-09-26,Sat,MC-23,Purple,"Behala Chowrasta","Taratala",false,2.4,2.4,12:00 AM,6,11,false,false,CleanOperational
2026-09-26,Sat,MC-23,Purple,"Behala Chowrasta","Taratala",false,2.4,2.4,10:00 AM,0,8,false,true,MissingMetro
2026-09-26,Sat,MC-23,Purple,"Behala Chowrasta","Taratala",false,2.4,2.4,1:00 PM,33,11,true,false,WalkingFallback
2026-09-26,Sat,MC-23,Purple,"Behala Chowrasta","Taratala",false,2.4,2.4,7:00 PM,0,10,false,true,MissingMetro
2026-09-26,Sat,MC-24,Purple,"Taratala","Majerhat",false,1.3,1.3,12:00 AM,3,5,false,false,CleanOperational
2026-09-26,Sat,MC-24,Purple,"Taratala","Majerhat",false,1.3,1.3,10:00 AM,0,4,false,true,MissingMetro
2026-09-26,Sat,MC-24,Purple,"Taratala","Majerhat",false,1.3,1.3,1:00 PM,18,3,true,false,WalkingFallback
2026-09-26,Sat,MC-24,Purple,"Taratala","Majerhat",false,1.3,1.3,7:00 PM,0,3,false,true,MissingMetro
2026-09-27,Sun,MC-01,Blue,"Dakshineswar","Esplanade",true,15,12.4,12:00 AM,28,31,false,false,CleanOperational
2026-09-27,Sun,MC-01,Blue,"Dakshineswar","Esplanade",true,15,12.4,10:00 AM,28,34,false,false,CleanOperational
2026-09-27,Sun,MC-01,Blue,"Dakshineswar","Esplanade",true,15,12.4,1:00 PM,28,40,false,false,CleanOperational
2026-09-27,Sun,MC-02,Blue,"Shahid Khudiram","Esplanade",true,14.9,16.5,12:00 AM,28,32,false,false,CleanOperational
2026-09-27,Sun,MC-02,Blue,"Shahid Khudiram","Esplanade",true,14.9,16.5,10:00 AM,28,32,false,false,CleanOperational
2026-09-27,Sun,MC-02,Blue,"Shahid Khudiram","Esplanade",true,14.9,16.5,1:00 PM,30,35,false,false,CleanOperational
2026-09-27,Sun,MC-03,Blue,"Shyambazar","Dum Dum",false,3.8,3.5,12:00 AM,7,12,false,false,CleanOperational
2026-09-27,Sun,MC-03,Blue,"Shyambazar","Dum Dum",false,3.8,3.5,10:00 AM,7,13,false,false,CleanOperational
2026-09-27,Sun,MC-03,Blue,"Shyambazar","Dum Dum",false,3.8,3.5,1:00 PM,53,15,true,false,WalkingFallback
2026-09-27,Sun,MC-04,Blue,"Shyambazar","Esplanade",false,5.1,5.2,12:00 AM,11,16,false,false,CleanOperational
2026-09-27,Sun,MC-04,Blue,"Shyambazar","Esplanade",false,5.1,5.2,10:00 AM,11,16,false,false,CleanOperational
2026-09-27,Sun,MC-04,Blue,"Shyambazar","Esplanade",false,5.1,5.2,1:00 PM,11,18,false,false,CleanOperational
2026-09-27,Sun,MC-05,Blue,"Kalighat","Esplanade",false,5.2,5.1,12:00 AM,11,13,false,false,CleanOperational
2026-09-27,Sun,MC-05,Blue,"Kalighat","Esplanade",false,5.2,5.1,10:00 AM,11,14,false,false,CleanOperational
2026-09-27,Sun,MC-05,Blue,"Kalighat","Esplanade",false,5.2,5.1,1:00 PM,11,15,false,false,CleanOperational
2026-09-27,Sun,MC-06,Blue,"Dakshineswar","Dum Dum",false,6.2,7,12:00 AM,12,19,false,false,CleanOperational
2026-09-27,Sun,MC-06,Blue,"Dakshineswar","Dum Dum",false,6.2,7,10:00 AM,12,22,false,false,CleanOperational
2026-09-27,Sun,MC-06,Blue,"Dakshineswar","Dum Dum",false,6.2,7,1:00 PM,22,24,true,false,WalkingFallback
2026-09-27,Sun,MC-07,Blue,"Esplanade","Mahanayak Uttam Kumar (Tollygunge)",false,7.8,8.3,12:00 AM,17,19,false,false,CleanOperational
2026-09-27,Sun,MC-07,Blue,"Esplanade","Mahanayak Uttam Kumar (Tollygunge)",false,7.8,8.3,10:00 AM,17,24,false,false,CleanOperational
2026-09-27,Sun,MC-07,Blue,"Esplanade","Mahanayak Uttam Kumar (Tollygunge)",false,7.8,8.3,1:00 PM,17,27,false,false,CleanOperational
2026-09-27,Sun,MC-08,Blue,"Mahanayak Uttam Kumar (Tollygunge)","Kavi Subhash",false,7.1,6.4,12:00 AM,15,16,false,false,CleanOperational
2026-09-27,Sun,MC-08,Blue,"Mahanayak Uttam Kumar (Tollygunge)","Kavi Subhash",false,7.1,6.4,10:00 AM,14,21,false,false,CleanOperational
2026-09-27,Sun,MC-08,Blue,"Mahanayak Uttam Kumar (Tollygunge)","Kavi Subhash",false,7.1,6.4,1:00 PM,17,23,false,false,CleanOperational
2026-09-27,Sun,MC-09,Blue,"Dum Dum","Esplanade",false,8.8,8.8,12:00 AM,16,26,false,false,CleanOperational
2026-09-27,Sun,MC-09,Blue,"Dum Dum","Esplanade",false,8.8,8.8,10:00 AM,16,28,false,false,CleanOperational
2026-09-27,Sun,MC-09,Blue,"Dum Dum","Esplanade",false,8.8,8.8,1:00 PM,16,31,false,false,CleanOperational
2026-09-27,Sun,MC-10,Green,"Howrah","Salt Lake Sector V",true,14.2,12.4,12:00 AM,30,31,false,false,CleanOperational
2026-09-27,Sun,MC-10,Green,"Howrah","Salt Lake Sector V",true,14.2,12.4,10:00 AM,30,37,false,false,CleanOperational
2026-09-27,Sun,MC-10,Green,"Howrah","Salt Lake Sector V",true,14.2,12.4,1:00 PM,30,40,false,false,CleanOperational
2026-09-27,Sun,MC-11,Green,"Sealdah","Salt Lake Sector V",false,8.6,8,12:00 AM,22,17,false,false,CleanOperational
2026-09-27,Sun,MC-11,Green,"Sealdah","Salt Lake Sector V",false,8.6,8,10:00 AM,22,22,false,false,CleanOperational
2026-09-27,Sun,MC-11,Green,"Sealdah","Salt Lake Sector V",false,8.6,8,1:00 PM,22,23,false,false,CleanOperational
2026-09-27,Sun,MC-12,Green,"Howrah","Sealdah",false,5.6,6.8,12:00 AM,10,16,false,false,CleanOperational
2026-09-27,Sun,MC-12,Green,"Howrah","Sealdah",false,5.6,6.8,10:00 AM,10,22,false,false,CleanOperational
2026-09-27,Sun,MC-12,Green,"Howrah","Sealdah",false,5.6,6.8,1:00 PM,10,22,false,false,CleanOperational
2026-09-27,Sun,MC-13,Green,"Phoolbagan","Salt Lake Sector V",false,6.6,4.9,12:00 AM,19,13,false,false,CleanOperational
2026-09-27,Sun,MC-13,Green,"Phoolbagan","Salt Lake Sector V",false,6.6,4.9,10:00 AM,19,17,false,false,CleanOperational
2026-09-27,Sun,MC-13,Green,"Phoolbagan","Salt Lake Sector V",false,6.6,4.9,1:00 PM,19,17,false,false,CleanOperational
2026-09-27,Sun,MC-14,Green,"Howrah","Phoolbagan",false,7.7,7.6,12:00 AM,11,18,false,false,CleanOperational
2026-09-27,Sun,MC-14,Green,"Howrah","Phoolbagan",false,7.7,7.6,10:00 AM,11,23,false,false,CleanOperational
2026-09-27,Sun,MC-14,Green,"Howrah","Phoolbagan",false,7.7,7.6,1:00 PM,11,25,false,false,CleanOperational
2026-09-27,Sun,MC-15,Green,"Esplanade","Salt Lake Sector V",false,11.3,13.3,12:00 AM,25,23,false,false,CleanOperational
2026-09-27,Sun,MC-15,Green,"Esplanade","Salt Lake Sector V",false,11.3,13.3,10:00 AM,25,25,false,false,CleanOperational
2026-09-27,Sun,MC-15,Green,"Esplanade","Salt Lake Sector V",false,11.3,13.3,1:00 PM,25,26,false,false,CleanOperational
2026-09-27,Sun,MC-16,Orange,"Kavi Subhash","Beleghata",true,9.8,9.8,12:00 AM,0,20,false,true,MissingMetro
2026-09-27,Sun,MC-16,Orange,"Kavi Subhash","Beleghata",true,9.8,9.8,10:00 AM,0,20,false,true,MissingMetro
2026-09-27,Sun,MC-16,Orange,"Kavi Subhash","Beleghata",true,9.8,9.8,1:00 PM,0,21,false,true,MissingMetro
2026-09-27,Sun,MC-17,Orange,"Hemanta Mukhopadhyay","Beleghata",false,4.4,4.4,12:00 AM,0,9,false,true,MissingMetro
2026-09-27,Sun,MC-17,Orange,"Hemanta Mukhopadhyay","Beleghata",false,4.4,4.4,10:00 AM,0,8,false,true,MissingMetro
2026-09-27,Sun,MC-17,Orange,"Hemanta Mukhopadhyay","Beleghata",false,4.4,4.4,1:00 PM,0,9,false,true,MissingMetro
2026-09-27,Sun,MC-18,Orange,"Kavi Subhash","Science City",false,8.9,8.8,12:00 AM,0,18,false,true,MissingMetro
2026-09-27,Sun,MC-18,Orange,"Kavi Subhash","Science City",false,8.9,8.8,10:00 AM,0,18,false,true,MissingMetro
2026-09-27,Sun,MC-18,Orange,"Kavi Subhash","Science City",false,8.9,8.8,1:00 PM,0,19,false,true,MissingMetro
2026-09-27,Sun,MC-19,Purple,"Joka","Majerhat",true,7.9,7.8,12:00 AM,19,21,false,false,CleanOperational
2026-09-27,Sun,MC-19,Purple,"Joka","Majerhat",true,7.9,7.8,10:00 AM,0,21,false,true,MissingMetro
2026-09-27,Sun,MC-19,Purple,"Joka","Majerhat",true,7.9,7.8,1:00 PM,0,23,false,true,MissingMetro
2026-09-27,Sun,MC-20,Purple,"Behala Chowrasta","Majerhat",false,3.7,3.7,12:00 AM,51,12,true,false,WalkingFallback
2026-09-27,Sun,MC-20,Purple,"Behala Chowrasta","Majerhat",false,3.7,3.7,10:00 AM,0,10,false,true,MissingMetro
2026-09-27,Sun,MC-20,Purple,"Behala Chowrasta","Majerhat",false,3.7,3.7,1:00 PM,51,11,true,false,WalkingFallback
2026-09-27,Sun,MC-21,Purple,"Joka","Behala Chowrasta",false,4.2,4.1,12:00 AM,8,9,false,false,CleanOperational
2026-09-27,Sun,MC-21,Purple,"Joka","Behala Chowrasta",false,4.2,4.1,10:00 AM,0,11,false,true,MissingMetro
2026-09-27,Sun,MC-21,Purple,"Joka","Behala Chowrasta",false,4.2,4.1,1:00 PM,57,11,true,false,WalkingFallback
2026-09-27,Sun,MC-22,Purple,"Joka","Taratala",false,6.6,6.5,12:00 AM,14,15,false,false,CleanOperational
2026-09-27,Sun,MC-22,Purple,"Joka","Taratala",false,6.6,6.5,10:00 AM,0,18,false,true,MissingMetro
2026-09-27,Sun,MC-22,Purple,"Joka","Taratala",false,6.6,6.5,1:00 PM,0,19,false,true,MissingMetro
2026-09-27,Sun,MC-23,Purple,"Behala Chowrasta","Taratala",false,2.4,2.4,12:00 AM,0,7,false,true,MissingMetro
2026-09-27,Sun,MC-23,Purple,"Behala Chowrasta","Taratala",false,2.4,2.4,10:00 AM,0,7,false,true,MissingMetro
2026-09-27,Sun,MC-23,Purple,"Behala Chowrasta","Taratala",false,2.4,2.4,1:00 PM,33,8,true,false,WalkingFallback
2026-09-27,Sun,MC-24,Purple,"Taratala","Majerhat",false,1.3,1.3,12:00 AM,18,4,true,false,WalkingFallback
2026-09-27,Sun,MC-24,Purple,"Taratala","Majerhat",false,1.3,1.3,10:00 AM,0,3,false,true,MissingMetro
2026-09-27,Sun,MC-24,Purple,"Taratala","Majerhat",false,1.3,1.3,1:00 PM,18,3,true,false,WalkingFallback