Date,Day,RouteId,Line,From,To,IsMaster,Slot,MetroMin,CarMin,CarMetroRatio,Winner,TimeSavedVsCar
2026-08-30,Sun,MC-01,Blue,"Dakshineswar","Esplanade",true,12:00 AM,28,32,1.14,Metro,4
2026-08-30,Sun,MC-02,Blue,"Shahid Khudiram","Esplanade",true,12:00 AM,28,31,1.11,Metro,3
2026-08-30,Sun,MC-03,Blue,"Shyambazar","Dum Dum",false,12:00 AM,7,12,1.71,Metro,5
2026-08-30,Sun,MC-04,Blue,"Shyambazar","Esplanade",false,12:00 AM,11,16,1.45,Metro,5
2026-08-30,Sun,MC-05,Blue,"Kalighat","Esplanade",false,12:00 AM,11,11,1.00,Tie,0
2026-08-30,Sun,MC-06,Blue,"Dakshineswar","Dum Dum",false,12:00 AM,12,18,1.50,Metro,6
2026-08-30,Sun,MC-07,Blue,"Esplanade","Mahanayak Uttam Kumar (Tollygunge)",false,12:00 AM,17,19,1.12,Metro,2
2026-08-30,Sun,MC-08,Blue,"Mahanayak Uttam Kumar (Tollygunge)","Kavi Subhash",false,12:00 AM,15,17,1.13,Metro,2
2026-08-30,Sun,MC-09,Blue,"Dum Dum","Esplanade",false,12:00 AM,16,27,1.69,Metro,11
2026-08-30,Sun,MC-10,Green,"Howrah","Salt Lake Sector V",true,12:00 AM,30,32,1.07,Metro,2
2026-08-30,Sun,MC-11,Green,"Sealdah","Salt Lake Sector V",false,12:00 AM,22,19,0.86,Car,-3
2026-08-30,Sun,MC-12,Green,"Howrah","Sealdah",false,12:00 AM,10,16,1.60,Metro,6
2026-08-30,Sun,MC-13,Green,"Phoolbagan","Salt Lake Sector V",false,12:00 AM,19,15,0.79,Car,-4
2026-08-30,Sun,MC-14,Green,"Howrah","Phoolbagan",false,12:00 AM,11,19,1.73,Metro,8
2026-08-30,Sun,MC-15,Green,"Esplanade","Salt Lake Sector V",false,12:00 AM,25,26,1.04,Metro,1
2026-08-31,Mon,MC-01,Blue,"Dakshineswar","Esplanade",true,12:00 AM,28,28,1.00,Tie,0
2026-08-31,Mon,MC-01,Blue,"Dakshineswar","Esplanade",true,7:54 PM,29,48,1.66,Metro,19
2026-08-31,Mon,MC-01,Blue,"Dakshineswar","Esplanade",true,7:00 PM,28,42,1.50,Metro,14
2026-08-31,Mon,MC-02,Blue,"Shahid Khudiram","Esplanade",true,12:00 AM,28,27,0.96,Car,-1
2026-08-31,Mon,MC-02,Blue,"Shahid Khudiram","Esplanade",true,7:54 PM,28,43,1.54,Metro,15
2026-08-31,Mon,MC-02,Blue,"Shahid Khudiram","Esplanade",true,7:00 PM,29,36,1.24,Metro,7
2026-08-31,Mon,MC-03,Blue,"Shyambazar","Dum Dum",false,12:00 AM,7,10,1.43,Metro,3
2026-08-31,Mon,MC-03,Blue,"Shyambazar","Dum Dum",false,7:54 PM,7,16,2.29,Metro,9
2026-08-31,Mon,MC-03,Blue,"Shyambazar","Dum Dum",false,7:00 PM,8,16,2.00,Metro,8
2026-08-31,Mon,MC-04,Blue,"Shyambazar","Esplanade",false,12:00 AM,11,14,1.27,Metro,3
2026-08-31,Mon,MC-04,Blue,"Shyambazar","Esplanade",false,7:54 PM,11,26,2.36,Metro,15
2026-08-31,Mon,MC-04,Blue,"Shyambazar","Esplanade",false,7:00 PM,11,20,1.82,Metro,9
2026-08-31,Mon,MC-05,Blue,"Kalighat","Esplanade",false,12:00 AM,11,10,0.91,Car,-1
2026-08-31,Mon,MC-05,Blue,"Kalighat","Esplanade",false,7:54 PM,11,21,1.91,Metro,10
2026-08-31,Mon,MC-05,Blue,"Kalighat","Esplanade",false,7:00 PM,11,16,1.45,Metro,5
2026-08-31,Mon,MC-06,Blue,"Dakshineswar","Dum Dum",false,7:54 PM,13,26,2.00,Metro,13
2026-08-31,Mon,MC-06,Blue,"Dakshineswar","Dum Dum",false,7:00 PM,12,25,2.08,Metro,13
2026-08-31,Mon,MC-07,Blue,"Esplanade","Mahanayak Uttam Kumar (Tollygunge)",false,12:00 AM,17,16,0.94,Car,-1
2026-08-31,Mon,MC-07,Blue,"Esplanade","Mahanayak Uttam Kumar (Tollygunge)",false,7:54 PM,17,31,1.82,Metro,14
2026-08-31,Mon,MC-07,Blue,"Esplanade","Mahanayak Uttam Kumar (Tollygunge)",false,7:00 PM,18,27,1.50,Metro,9
2026-08-31,Mon,MC-08,Blue,"Mahanayak Uttam Kumar (Tollygunge)","Kavi Subhash",false,12:00 AM,15,13,0.87,Car,-2
2026-08-31,Mon,MC-08,Blue,"Mahanayak Uttam Kumar (Tollygunge)","Kavi Subhash",false,7:54 PM,15,25,1.67,Metro,10
2026-08-31,Mon,MC-08,Blue,"Mahanayak Uttam Kumar (Tollygunge)","Kavi Subhash",false,7:00 PM,15,28,1.87,Metro,13
2026-08-31,Mon,MC-09,Blue,"Dum Dum","Esplanade",false,12:00 AM,16,22,1.38,Metro,6
2026-08-31,Mon,MC-09,Blue,"Dum Dum","Esplanade",false,7:54 PM,16,43,2.69,Metro,27
2026-08-31,Mon,MC-09,Blue,"Dum Dum","Esplanade",false,7:00 PM,16,35,2.19,Metro,19
2026-08-31,Mon,MC-10,Green,"Howrah","Salt Lake Sector V",true,12:00 AM,30,26,0.87,Car,-4
2026-08-31,Mon,MC-10,Green,"Howrah","Salt Lake Sector V",true,7:54 PM,30,52,1.73,Metro,22
2026-08-31,Mon,MC-10,Green,"Howrah","Salt Lake Sector V",true,7:00 PM,30,43,1.43,Metro,13
2026-08-31,Mon,MC-11,Green,"Sealdah","Salt Lake Sector V",false,12:00 AM,22,15,0.68,Car,-7
2026-08-31,Mon,MC-11,Green,"Sealdah","Salt Lake Sector V",false,7:54 PM,21,27,1.29,Metro,6
2026-08-31,Mon,MC-11,Green,"Sealdah","Salt Lake Sector V",false,7:00 PM,21,25,1.19,Metro,4
2026-08-31,Mon,MC-12,Green,"Howrah","Sealdah",false,12:00 AM,10,14,1.40,Metro,4
2026-08-31,Mon,MC-12,Green,"Howrah","Sealdah",false,7:54 PM,11,39,3.55,Metro,28
2026-08-31,Mon,MC-12,Green,"Howrah","Sealdah",false,7:00 PM,11,24,2.18,Metro,13
2026-08-31,Mon,MC-13,Green,"Phoolbagan","Salt Lake Sector V",false,12:00 AM,19,13,0.68,Car,-6
2026-08-31,Mon,MC-13,Green,"Phoolbagan","Salt Lake Sector V",false,7:54 PM,18,19,1.06,Metro,1
2026-08-31,Mon,MC-13,Green,"Phoolbagan","Salt Lake Sector V",false,7:00 PM,18,19,1.06,Metro,1
2026-08-31,Mon,MC-14,Green,"Howrah","Phoolbagan",false,12:00 AM,11,15,1.36,Metro,4
2026-08-31,Mon,MC-14,Green,"Howrah","Phoolbagan",false,7:54 PM,12,39,3.25,Metro,27
2026-08-31,Mon,MC-14,Green,"Howrah","Phoolbagan",false,7:00 PM,12,31,2.58,Metro,19
2026-08-31,Mon,MC-15,Green,"Esplanade","Salt Lake Sector V",false,12:00 AM,25,21,0.84,Car,-4
2026-08-31,Mon,MC-15,Green,"Esplanade","Salt Lake Sector V",false,7:54 PM,25,31,1.24,Metro,6
2026-08-31,Mon,MC-15,Green,"Esplanade","Salt Lake Sector V",false,7:00 PM,25,28,1.12,Metro,3
2026-08-31,Mon,MC-16,Orange,"Kavi Subhash","Beleghata",true,7:54 PM,23,26,1.13,Metro,3
2026-08-31,Mon,MC-16,Orange,"Kavi Subhash","Beleghata",true,7:00 PM,28,22,0.79,Car,-6
2026-08-31,Mon,MC-17,Orange,"Hemanta Mukhopadhyay","Beleghata",false,7:54 PM,12,10,0.83,Car,-2
2026-08-31,Mon,MC-17,Orange,"Hemanta Mukhopadhyay","Beleghata",false,7:00 PM,17,9,0.53,Car,-8
2026-08-31,Mon,MC-18,Orange,"Kavi Subhash","Science City",false,7:54 PM,19,22,1.16,Metro,3
2026-08-31,Mon,MC-18,Orange,"Kavi Subhash","Science City",false,7:00 PM,23,21,0.91,Car,-2
2026-08-31,Mon,MC-19,Purple,"Joka","Majerhat",true,7:54 PM,17,23,1.35,Metro,6
2026-08-31,Mon,MC-19,Purple,"Joka","Majerhat",true,7:00 PM,17,21,1.24,Metro,4
2026-08-31,Mon,MC-20,Purple,"Behala Chowrasta","Majerhat",false,7:54 PM,9,11,1.22,Metro,2
2026-08-31,Mon,MC-20,Purple,"Behala Chowrasta","Majerhat",false,7:00 PM,9,10,1.11,Metro,1
2026-08-31,Mon,MC-21,Purple,"Joka","Behala Chowrasta",false,7:54 PM,8,12,1.50,Metro,4
2026-08-31,Mon,MC-21,Purple,"Joka","Behala Chowrasta",false,7:00 PM,8,11,1.38,Metro,3
2026-08-31,Mon,MC-22,Purple,"Joka","Taratala",false,7:54 PM,14,20,1.43,Metro,6
2026-08-31,Mon,MC-22,Purple,"Joka","Taratala",false,7:00 PM,14,19,1.36,Metro,5
2026-08-31,Mon,MC-23,Purple,"Behala Chowrasta","Taratala",false,7:54 PM,6,8,1.33,Metro,2
2026-08-31,Mon,MC-23,Purple,"Behala Chowrasta","Taratala",false,7:00 PM,6,7,1.17,Metro,1
2026-08-31,Mon,MC-24,Purple,"Taratala","Majerhat",false,7:54 PM,3,3,1.00,Tie,0
2026-08-31,Mon,MC-24,Purple,"Taratala","Majerhat",false,7:00 PM,3,3,1.00,Tie,0
2026-09-01,Tue,MC-01,Blue,"Dakshineswar","Esplanade",true,12:00 AM,28,28,1.00,Tie,0
2026-09-01,Tue,MC-01,Blue,"Dakshineswar","Esplanade",true,10:00 AM,28,27,0.96,Car,-1
2026-09-01,Tue,MC-01,Blue,"Dakshineswar","Esplanade",true,1:00 PM,31,48,1.55,Metro,17
2026-09-01,Tue,MC-01,Blue,"Dakshineswar","Esplanade",true,7:00 PM,28,33,1.18,Metro,5
2026-09-01,Tue,MC-02,Blue,"Shahid Khudiram","Esplanade",true,12:00 AM,28,30,1.07,Metro,2
2026-09-01,Tue,MC-02,Blue,"Shahid Khudiram","Esplanade",true,10:00 AM,28,27,0.96,Car,-1
2026-09-01,Tue,MC-02,Blue,"Shahid Khudiram","Esplanade",true,1:00 PM,30,47,1.57,Metro,17
2026-09-01,Tue,MC-02,Blue,"Shahid Khudiram","Esplanade",true,7:00 PM,29,32,1.10,Metro,3
2026-09-01,Tue,MC-03,Blue,"Shyambazar","Dum Dum",false,12:00 AM,7,11,1.57,Metro,4
2026-09-01,Tue,MC-03,Blue,"Shyambazar","Dum Dum",false,10:00 AM,7,10,1.43,Metro,3
2026-09-01,Tue,MC-03,Blue,"Shyambazar","Dum Dum",false,7:00 PM,8,14,1.75,Metro,6
2026-09-01,Tue,MC-04,Blue,"Shyambazar","Esplanade",false,12:00 AM,11,14,1.27,Metro,3
2026-09-01,Tue,MC-04,Blue,"Shyambazar","Esplanade",false,10:00 AM,11,13,1.18,Metro,2
2026-09-01,Tue,MC-04,Blue,"Shyambazar","Esplanade",false,1:00 PM,11,25,2.27,Metro,14
2026-09-01,Tue,MC-04,Blue,"Shyambazar","Esplanade",false,7:00 PM,11,17,1.55,Metro,6
2026-09-01,Tue,MC-05,Blue,"Kalighat","Esplanade",false,12:00 AM,11,11,1.00,Tie,0
2026-09-01,Tue,MC-05,Blue,"Kalighat","Esplanade",false,10:00 AM,11,10,0.91,Car,-1
2026-09-01,Tue,MC-05,Blue,"Kalighat","Esplanade",false,1:00 PM,11,22,2.00,Metro,11
2026-09-01,Tue,MC-05,Blue,"Kalighat","Esplanade",false,7:00 PM,11,12,1.09,Metro,1
2026-09-01,Tue,MC-06,Blue,"Dakshineswar","Dum Dum",false,12:00 AM,12,16,1.33,Metro,4
2026-09-01,Tue,MC-06,Blue,"Dakshineswar","Dum Dum",false,10:00 AM,12,18,1.50,Metro,6
2026-09-01,Tue,MC-06,Blue,"Dakshineswar","Dum Dum",false,1:00 PM,15,26,1.73,Metro,11
2026-09-01,Tue,MC-06,Blue,"Dakshineswar","Dum Dum",false,7:00 PM,12,20,1.67,Metro,8
2026-09-01,Tue,MC-07,Blue,"Esplanade","Mahanayak Uttam Kumar (Tollygunge)",false,12:00 AM,17,17,1.00,Tie,0
2026-09-01,Tue,MC-07,Blue,"Esplanade","Mahanayak Uttam Kumar (Tollygunge)",false,10:00 AM,17,16,0.94,Car,-1
2026-09-01,Tue,MC-07,Blue,"Esplanade","Mahanayak Uttam Kumar (Tollygunge)",false,1:00 PM,23,35,1.52,Metro,12
2026-09-01,Tue,MC-07,Blue,"Esplanade","Mahanayak Uttam Kumar (Tollygunge)",false,7:00 PM,18,22,1.22,Metro,4
2026-09-01,Tue,MC-08,Blue,"Mahanayak Uttam Kumar (Tollygunge)","Kavi Subhash",false,12:00 AM,15,14,0.93,Car,-1
2026-09-01,Tue,MC-08,Blue,"Mahanayak Uttam Kumar (Tollygunge)","Kavi Subhash",false,10:00 AM,15,15,1.00,Tie,0
2026-09-01,Tue,MC-08,Blue,"Mahanayak Uttam Kumar (Tollygunge)","Kavi Subhash",false,1:00 PM,17,28,1.65,Metro,11
2026-09-01,Tue,MC-08,Blue,"Mahanayak Uttam Kumar (Tollygunge)","Kavi Subhash",false,7:00 PM,15,19,1.27,Metro,4
2026-09-01,Tue,MC-09,Blue,"Dum Dum","Esplanade",false,12:00 AM,16,25,1.56,Metro,9
2026-09-01,Tue,MC-09,Blue,"Dum Dum","Esplanade",false,10:00 AM,16,22,1.38,Metro,6
2026-09-01,Tue,MC-09,Blue,"Dum Dum","Esplanade",false,1:00 PM,16,42,2.63,Metro,26
2026-09-01,Tue,MC-09,Blue,"Dum Dum","Esplanade",false,7:00 PM,16,30,1.88,Metro,14
2026-09-01,Tue,MC-10,Green,"Howrah","Salt Lake Sector V",true,12:00 AM,30,28,0.93,Car,-2
2026-09-01,Tue,MC-10,Green,"Howrah","Salt Lake Sector V",true,10:00 AM,30,28,0.93,Car,-2
2026-09-01,Tue,MC-10,Green,"Howrah","Salt Lake Sector V",true,1:00 PM,30,61,2.03,Metro,31
2026-09-01,Tue,MC-10,Green,"Howrah","Salt Lake Sector V",true,7:00 PM,30,33,1.10,Metro,3
2026-09-01,Tue,MC-11,Green,"Sealdah","Salt Lake Sector V",false,12:00 AM,21,17,0.81,Car,-4
2026-09-01,Tue,MC-11,Green,"Sealdah","Salt Lake Sector V",false,10:00 AM,21,17,0.81,Car,-4
2026-09-01,Tue,MC-11,Green,"Sealdah","Salt Lake Sector V",false,1:00 PM,21,29,1.38,Metro,8
2026-09-01,Tue,MC-11,Green,"Sealdah","Salt Lake Sector V",false,7:00 PM,21,20,0.95,Car,-1
2026-09-01,Tue,MC-12,Green,"Howrah","Sealdah",false,12:00 AM,11,15,1.36,Metro,4
2026-09-01,Tue,MC-12,Green,"Howrah","Sealdah",false,10:00 AM,11,16,1.45,Metro,5
2026-09-01,Tue,MC-12,Green,"Howrah","Sealdah",false,1:00 PM,11,36,3.27,Metro,25
2026-09-01,Tue,MC-12,Green,"Howrah","Sealdah",false,7:00 PM,11,17,1.55,Metro,6
2026-09-01,Tue,MC-13,Green,"Phoolbagan","Salt Lake Sector V",false,12:00 AM,18,14,0.78,Car,-4
2026-09-01,Tue,MC-13,Green,"Phoolbagan","Salt Lake Sector V",false,10:00 AM,18,13,0.72,Car,-5
2026-09-01,Tue,MC-13,Green,"Phoolbagan","Salt Lake Sector V",false,1:00 PM,18,23,1.28,Metro,5
2026-09-01,Tue,MC-13,Green,"Phoolbagan","Salt Lake Sector V",false,7:00 PM,18,16,0.89,Car,-2
2026-09-01,Tue,MC-14,Green,"Howrah","Phoolbagan",false,12:00 AM,12,17,1.42,Metro,5
2026-09-01,Tue,MC-14,Green,"Howrah","Phoolbagan",false,10:00 AM,12,17,1.42,Metro,5
2026-09-01,Tue,MC-14,Green,"Howrah","Phoolbagan",false,1:00 PM,12,40,3.33,Metro,28
2026-09-01,Tue,MC-14,Green,"Howrah","Phoolbagan",false,7:00 PM,12,21,1.75,Metro,9
2026-09-01,Tue,MC-15,Green,"Esplanade","Salt Lake Sector V",false,12:00 AM,25,21,0.84,Car,-4
2026-09-01,Tue,MC-15,Green,"Esplanade","Salt Lake Sector V",false,10:00 AM,25,20,0.80,Car,-5
2026-09-01,Tue,MC-15,Green,"Esplanade","Salt Lake Sector V",false,1:00 PM,25,38,1.52,Metro,13
2026-09-01,Tue,MC-15,Green,"Esplanade","Salt Lake Sector V",false,7:00 PM,25,24,0.96,Car,-1
2026-09-01,Tue,MC-16,Orange,"Kavi Subhash","Beleghata",true,12:00 AM,28,19,0.68,Car,-9
2026-09-01,Tue,MC-16,Orange,"Kavi Subhash","Beleghata",true,10:00 AM,23,17,0.74,Car,-6
2026-09-01,Tue,MC-16,Orange,"Kavi Subhash","Beleghata",true,1:00 PM,28,28,1.00,Tie,0
2026-09-01,Tue,MC-16,Orange,"Kavi Subhash","Beleghata",true,7:00 PM,28,21,0.75,Car,-7
2026-09-01,Tue,MC-17,Orange,"Hemanta Mukhopadhyay","Beleghata",false,12:00 AM,12,8,0.67,Car,-4
2026-09-01,Tue,MC-17,Orange,"Hemanta Mukhopadhyay","Beleghata",false,10:00 AM,12,7,0.58,Car,-5
2026-09-01,Tue,MC-17,Orange,"Hemanta Mukhopadhyay","Beleghata",false,1:00 PM,12,11,0.92,Car,-1
2026-09-01,Tue,MC-17,Orange,"Hemanta Mukhopadhyay","Beleghata",false,7:00 PM,17,9,0.53,Car,-8
2026-09-01,Tue,MC-18,Orange,"Kavi Subhash","Science City",false,12:00 AM,23,18,0.78,Car,-5
2026-09-01,Tue,MC-18,Orange,"Kavi Subhash","Science City",false,10:00 AM,19,16,0.84,Car,-3
2026-09-01,Tue,MC-18,Orange,"Kavi Subhash","Science City",false,1:00 PM,23,27,1.17,Metro,4
2026-09-01,Tue,MC-18,Orange,"Kavi Subhash","Science City",false,7:00 PM,23,20,0.87,Car,-3
2026-09-01,Tue,MC-19,Purple,"Joka","Majerhat",true,12:00 AM,17,16,0.94,Car,-1
2026-09-01,Tue,MC-19,Purple,"Joka","Majerhat",true,10:00 AM,17,14,0.82,Car,-3
2026-09-01,Tue,MC-19,Purple,"Joka","Majerhat",true,1:00 PM,17,22,1.29,Metro,5
2026-09-01,Tue,MC-19,Purple,"Joka","Majerhat",true,7:00 PM,17,22,1.29,Metro,5
2026-09-01,Tue,MC-20,Purple,"Behala Chowrasta","Majerhat",false,10:00 AM,9,7,0.78,Car,-2
2026-09-01,Tue,MC-20,Purple,"Behala Chowrasta","Majerhat",false,7:00 PM,9,12,1.33,Metro,3
2026-09-01,Tue,MC-21,Purple,"Joka","Behala Chowrasta",false,12:00 AM,8,8,1.00,Tie,0
2026-09-01,Tue,MC-21,Purple,"Joka","Behala Chowrasta",false,10:00 AM,8,7,0.88,Car,-1
2026-09-01,Tue,MC-21,Purple,"Joka","Behala Chowrasta",false,7:00 PM,8,10,1.25,Metro,2
2026-09-01,Tue,MC-22,Purple,"Joka","Taratala",false,12:00 AM,14,13,0.93,Car,-1
2026-09-01,Tue,MC-22,Purple,"Joka","Taratala",false,10:00 AM,14,11,0.79,Car,-3
2026-09-01,Tue,MC-22,Purple,"Joka","Taratala",false,1:00 PM,14,20,1.43,Metro,6
2026-09-01,Tue,MC-22,Purple,"Joka","Taratala",false,7:00 PM,14,18,1.29,Metro,4
2026-09-01,Tue,MC-23,Purple,"Behala Chowrasta","Taratala",false,12:00 AM,6,5,0.83,Car,-1
2026-09-01,Tue,MC-23,Purple,"Behala Chowrasta","Taratala",false,10:00 AM,6,4,0.67,Car,-2
2026-09-01,Tue,MC-23,Purple,"Behala Chowrasta","Taratala",false,7:00 PM,6,7,1.17,Metro,1
2026-09-01,Tue,MC-24,Purple,"Taratala","Majerhat",false,10:00 AM,3,2,0.67,Car,-1
2026-09-01,Tue,MC-24,Purple,"Taratala","Majerhat",false,7:00 PM,3,4,1.33,Metro,1
2026-09-02,Wed,MC-01,Blue,"Dakshineswar","Esplanade",true,12:00 AM,31,26,0.84,Car,-5
2026-09-02,Wed,MC-01,Blue,"Dakshineswar","Esplanade",true,10:00 AM,28,67,2.39,Metro,39
2026-09-02,Wed,MC-01,Blue,"Dakshineswar","Esplanade",true,1:00 PM,31,56,1.81,Metro,25
2026-09-02,Wed,MC-01,Blue,"Dakshineswar","Esplanade",true,7:00 PM,28,39,1.39,Metro,11
2026-09-02,Wed,MC-02,Blue,"Shahid Khudiram","Esplanade",true,12:00 AM,28,28,1.00,Tie,0
2026-09-02,Wed,MC-02,Blue,"Shahid Khudiram","Esplanade",true,10:00 AM,28,68,2.43,Metro,40
2026-09-02,Wed,MC-02,Blue,"Shahid Khudiram","Esplanade",true,1:00 PM,30,62,2.07,Metro,32
2026-09-02,Wed,MC-02,Blue,"Shahid Khudiram","Esplanade",true,7:00 PM,29,39,1.34,Metro,10
2026-09-02,Wed,MC-03,Blue,"Shyambazar","Dum Dum",false,12:00 AM,7,11,1.57,Metro,4
2026-09-02,Wed,MC-03,Blue,"Shyambazar","Dum Dum",false,10:00 AM,7,17,2.43,Metro,10
2026-09-02,Wed,MC-03,Blue,"Shyambazar","Dum Dum",false,7:00 PM,8,17,2.13,Metro,9
2026-09-02,Wed,MC-04,Blue,"Shyambazar","Esplanade",false,12:00 AM,11,14,1.27,Metro,3
2026-09-02,Wed,MC-04,Blue,"Shyambazar","Esplanade",false,10:00 AM,11,41,3.73,Metro,30
2026-09-02,Wed,MC-04,Blue,"Shyambazar","Esplanade",false,1:00 PM,11,33,3.00,Metro,22
2026-09-02,Wed,MC-04,Blue,"Shyambazar","Esplanade",false,7:00 PM,11,19,1.73,Metro,8
2026-09-02,Wed,MC-05,Blue,"Kalighat","Esplanade",false,12:00 AM,11,11,1.00,Tie,0
2026-09-02,Wed,MC-05,Blue,"Kalighat","Esplanade",false,10:00 AM,11,44,4.00,Metro,33
2026-09-02,Wed,MC-05,Blue,"Kalighat","Esplanade",false,1:00 PM,11,31,2.82,Metro,20
2026-09-02,Wed,MC-05,Blue,"Kalighat","Esplanade",false,7:00 PM,11,18,1.64,Metro,7
2026-09-02,Wed,MC-06,Blue,"Dakshineswar","Dum Dum",false,12:00 AM,12,15,1.25,Metro,3
2026-09-02,Wed,MC-06,Blue,"Dakshineswar","Dum Dum",false,10:00 AM,12,28,2.33,Metro,16
2026-09-02,Wed,MC-06,Blue,"Dakshineswar","Dum Dum",false,1:00 PM,15,27,1.80,Metro,12
2026-09-02,Wed,MC-06,Blue,"Dakshineswar","Dum Dum",false,7:00 PM,12,25,2.08,Metro,13
2026-09-02,Wed,MC-07,Blue,"Esplanade","Mahanayak Uttam Kumar (Tollygunge)",false,12:00 AM,17,16,0.94,Car,-1
2026-09-02,Wed,MC-07,Blue,"Esplanade","Mahanayak Uttam Kumar (Tollygunge)",false,10:00 AM,17,49,2.88,Metro,32
2026-09-02,Wed,MC-07,Blue,"Esplanade","Mahanayak Uttam Kumar (Tollygunge)",false,1:00 PM,23,36,1.57,Metro,13
2026-09-02,Wed,MC-07,Blue,"Esplanade","Mahanayak Uttam Kumar (Tollygunge)",false,7:00 PM,18,38,2.11,Metro,20
2026-09-02,Wed,MC-08,Blue,"Mahanayak Uttam Kumar (Tollygunge)","Kavi Subhash",false,12:00 AM,17,14,0.82,Car,-3
2026-09-02,Wed,MC-08,Blue,"Mahanayak Uttam Kumar (Tollygunge)","Kavi Subhash",false,10:00 AM,15,26,1.73,Metro,11
2026-09-02,Wed,MC-08,Blue,"Mahanayak Uttam Kumar (Tollygunge)","Kavi Subhash",false,1:00 PM,17,29,1.71,Metro,12
2026-09-02,Wed,MC-08,Blue,"Mahanayak Uttam Kumar (Tollygunge)","Kavi Subhash",false,7:00 PM,15,28,1.87,Metro,13
2026-09-02,Wed,MC-09,Blue,"Dum Dum","Esplanade",false,12:00 AM,16,23,1.44,Metro,7
2026-09-02,Wed,MC-09,Blue,"Dum Dum","Esplanade",false,10:00 AM,16,53,3.31,Metro,37
2026-09-02,Wed,MC-09,Blue,"Dum Dum","Esplanade",false,1:00 PM,16,52,3.25,Metro,36
2026-09-02,Wed,MC-09,Blue,"Dum Dum","Esplanade",false,7:00 PM,16,35,2.19,Metro,19
2026-09-02,Wed,MC-10,Green,"Howrah","Salt Lake Sector V",true,12:00 AM,30,27,0.90,Car,-3
2026-09-02,Wed,MC-10,Green,"Howrah","Salt Lake Sector V",true,10:00 AM,30,56,1.87,Metro,26
2026-09-02,Wed,MC-10,Green,"Howrah","Salt Lake Sector V",true,1:00 PM,30,61,2.03,Metro,31
2026-09-02,Wed,MC-10,Green,"Howrah","Salt Lake Sector V",true,7:00 PM,30,43,1.43,Metro,13
2026-09-02,Wed,MC-11,Green,"Sealdah","Salt Lake Sector V",false,12:00 AM,21,17,0.81,Car,-4
2026-09-02,Wed,MC-11,Green,"Sealdah","Salt Lake Sector V",false,10:00 AM,21,29,1.38,Metro,8
2026-09-02,Wed,MC-11,Green,"Sealdah","Salt Lake Sector V",false,1:00 PM,21,26,1.24,Metro,5
2026-09-02,Wed,MC-11,Green,"Sealdah","Salt Lake Sector V",false,7:00 PM,21,26,1.24,Metro,5
2026-09-02,Wed,MC-12,Green,"Howrah","Sealdah",false,12:00 AM,11,14,1.27,Metro,3
2026-09-02,Wed,MC-12,Green,"Howrah","Sealdah",false,10:00 AM,11,39,3.55,Metro,28
2026-09-02,Wed,MC-12,Green,"Howrah","Sealdah",false,1:00 PM,11,38,3.45,Metro,27
2026-09-02,Wed,MC-12,Green,"Howrah","Sealdah",false,7:00 PM,11,23,2.09,Metro,12
2026-09-02,Wed,MC-13,Green,"Phoolbagan","Salt Lake Sector V",false,12:00 AM,18,13,0.72,Car,-5
2026-09-02,Wed,MC-13,Green,"Phoolbagan","Salt Lake Sector V",false,10:00 AM,18,22,1.22,Metro,4
2026-09-02,Wed,MC-13,Green,"Phoolbagan","Salt Lake Sector V",false,1:00 PM,18,22,1.22,Metro,4
2026-09-02,Wed,MC-13,Green,"Phoolbagan","Salt Lake Sector V",false,7:00 PM,18,21,1.17,Metro,3
2026-09-02,Wed,MC-14,Green,"Howrah","Phoolbagan",false,12:00 AM,12,16,1.33,Metro,4
2026-09-02,Wed,MC-14,Green,"Howrah","Phoolbagan",false,10:00 AM,12,37,3.08,Metro,25
2026-09-02,Wed,MC-14,Green,"Howrah","Phoolbagan",false,1:00 PM,12,42,3.50,Metro,30
2026-09-02,Wed,MC-14,Green,"Howrah","Phoolbagan",false,7:00 PM,12,30,2.50,Metro,18
2026-09-02,Wed,MC-15,Green,"Esplanade","Salt Lake Sector V",false,12:00 AM,25,20,0.80,Car,-5
2026-09-02,Wed,MC-15,Green,"Esplanade","Salt Lake Sector V",false,10:00 AM,25,45,1.80,Metro,20
2026-09-02,Wed,MC-15,Green,"Esplanade","Salt Lake Sector V",false,1:00 PM,25,36,1.44,Metro,11
2026-09-02,Wed,MC-15,Green,"Esplanade","Salt Lake Sector V",false,7:00 PM,25,29,1.16,Metro,4
2026-09-02,Wed,MC-16,Orange,"Kavi Subhash","Beleghata",true,12:00 AM,23,17,0.74,Car,-6
2026-09-02,Wed,MC-16,Orange,"Kavi Subhash","Beleghata",true,10:00 AM,23,27,1.17,Metro,4
2026-09-02,Wed,MC-16,Orange,"Kavi Subhash","Beleghata",true,1:00 PM,28,27,0.96,Car,-1
2026-09-02,Wed,MC-16,Orange,"Kavi Subhash","Beleghata",true,7:00 PM,28,24,0.86,Car,-4
2026-09-02,Wed,MC-17,Orange,"Hemanta Mukhopadhyay","Beleghata",false,12:00 AM,12,7,0.58,Car,-5
2026-09-02,Wed,MC-17,Orange,"Hemanta Mukhopadhyay","Beleghata",false,10:00 AM,12,12,1.00,Tie,0
2026-09-02,Wed,MC-17,Orange,"Hemanta Mukhopadhyay","Beleghata",false,1:00 PM,12,11,0.92,Car,-1
2026-09-02,Wed,MC-17,Orange,"Hemanta Mukhopadhyay","Beleghata",false,7:00 PM,17,11,0.65,Car,-6
2026-09-02,Wed,MC-18,Orange,"Kavi Subhash","Science City",false,12:00 AM,19,15,0.79,Car,-4
2026-09-02,Wed,MC-18,Orange,"Kavi Subhash","Science City",false,10:00 AM,19,24,1.26,Metro,5
2026-09-02,Wed,MC-18,Orange,"Kavi Subhash","Science City",false,1:00 PM,23,25,1.09,Metro,2
2026-09-02,Wed,MC-18,Orange,"Kavi Subhash","Science City",false,7:00 PM,23,22,0.96,Car,-1
2026-09-02,Wed,MC-19,Purple,"Joka","Majerhat",true,12:00 AM,17,14,0.82,Car,-3
2026-09-02,Wed,MC-19,Purple,"Joka","Majerhat",true,10:00 AM,17,27,1.59,Metro,10
2026-09-02,Wed,MC-19,Purple,"Joka","Majerhat",true,1:00 PM,17,27,1.59,Metro,10
2026-09-02,Wed,MC-19,Purple,"Joka","Majerhat",true,7:00 PM,17,24,1.41,Metro,7
2026-09-02,Wed,MC-20,Purple,"Behala Chowrasta","Majerhat",false,12:00 AM,9,6,0.67,Car,-3
2026-09-02,Wed,MC-20,Purple,"Behala Chowrasta","Majerhat",false,10:00 AM,9,15,1.67,Metro,6
2026-09-02,Wed,MC-20,Purple,"Behala Chowrasta","Majerhat",false,7:00 PM,9,13,1.44,Metro,4
2026-09-02,Wed,MC-21,Purple,"Joka","Behala Chowrasta",false,12:00 AM,8,7,0.88,Car,-1
2026-09-02,Wed,MC-21,Purple,"Joka","Behala Chowrasta",false,10:00 AM,8,11,1.38,Metro,3
2026-09-02,Wed,MC-21,Purple,"Joka","Behala Chowrasta",false,7:00 PM,8,12,1.50,Metro,4
2026-09-02,Wed,MC-22,Purple,"Joka","Taratala",false,12:00 AM,14,11,0.79,Car,-3
2026-09-02,Wed,MC-22,Purple,"Joka","Taratala",false,10:00 AM,14,21,1.50,Metro,7
2026-09-02,Wed,MC-22,Purple,"Joka","Taratala",false,1:00 PM,14,26,1.86,Metro,12
2026-09-02,Wed,MC-22,Purple,"Joka","Taratala",false,7:00 PM,14,20,1.43,Metro,6
2026-09-02,Wed,MC-23,Purple,"Behala Chowrasta","Taratala",false,12:00 AM,6,4,0.67,Car,-2
2026-09-02,Wed,MC-23,Purple,"Behala Chowrasta","Taratala",false,10:00 AM,6,10,1.67,Metro,4
2026-09-02,Wed,MC-23,Purple,"Behala Chowrasta","Taratala",false,7:00 PM,6,9,1.50,Metro,3
2026-09-02,Wed,MC-24,Purple,"Taratala","Majerhat",false,10:00 AM,3,5,1.67,Metro,2
2026-09-02,Wed,MC-24,Purple,"Taratala","Majerhat",false,7:00 PM,3,3,1.00,Tie,0
2026-09-03,Thu,MC-01,Blue,"Dakshineswar","Esplanade",true,12:00 AM,28,31,1.11,Metro,3
2026-09-03,Thu,MC-01,Blue,"Dakshineswar","Esplanade",true,10:00 AM,28,44,1.57,Metro,16
2026-09-03,Thu,MC-01,Blue,"Dakshineswar","Esplanade",true,1:00 PM,31,52,1.68,Metro,21
2026-09-03,Thu,MC-01,Blue,"Dakshineswar","Esplanade",true,7:00 PM,28,51,1.82,Metro,23
2026-09-03,Thu,MC-02,Blue,"Shahid Khudiram","Esplanade",true,12:00 AM,28,31,1.11,Metro,3
2026-09-03,Thu,MC-02,Blue,"Shahid Khudiram","Esplanade",true,10:00 AM,28,55,1.96,Metro,27
2026-09-03,Thu,MC-02,Blue,"Shahid Khudiram","Esplanade",true,1:00 PM,30,45,1.50,Metro,15
2026-09-03,Thu,MC-02,Blue,"Shahid Khudiram","Esplanade",true,7:00 PM,29,59,2.03,Metro,30
2026-09-03,Thu,MC-03,Blue,"Shyambazar","Dum Dum",false,10:00 AM,7,16,2.29,Metro,9
2026-09-03,Thu,MC-03,Blue,"Shyambazar","Dum Dum",false,7:00 PM,8,25,3.13,Metro,17
2026-09-03,Thu,MC-04,Blue,"Shyambazar","Esplanade",false,12:00 AM,11,16,1.45,Metro,5
2026-09-03,Thu,MC-04,Blue,"Shyambazar","Esplanade",false,10:00 AM,11,20,1.82,Metro,9
2026-09-03,Thu,MC-04,Blue,"Shyambazar","Esplanade",false,1:00 PM,11,27,2.45,Metro,16
2026-09-03,Thu,MC-04,Blue,"Shyambazar","Esplanade",false,7:00 PM,11,27,2.45,Metro,16
2026-09-03,Thu,MC-05,Blue,"Kalighat","Esplanade",false,12:00 AM,11,12,1.09,Metro,1
2026-09-03,Thu,MC-05,Blue,"Kalighat","Esplanade",false,10:00 AM,11,17,1.55,Metro,6
2026-09-03,Thu,MC-05,Blue,"Kalighat","Esplanade",false,1:00 PM,11,25,2.27,Metro,14
2026-09-03,Thu,MC-05,Blue,"Kalighat","Esplanade",false,7:00 PM,11,32,2.91,Metro,21
2026-09-03,Thu,MC-06,Blue,"Dakshineswar","Dum Dum",false,12:00 AM,15,19,1.27,Metro,4
2026-09-03,Thu,MC-06,Blue,"Dakshineswar","Dum Dum",false,10:00 AM,12,27,2.25,Metro,15
2026-09-03,Thu,MC-06,Blue,"Dakshineswar","Dum Dum",false,1:00 PM,15,30,2.00,Metro,15
2026-09-03,Thu,MC-06,Blue,"Dakshineswar","Dum Dum",false,7:00 PM,12,28,2.33,Metro,16
2026-09-03,Thu,MC-07,Blue,"Esplanade","Mahanayak Uttam Kumar (Tollygunge)",false,12:00 AM,23,18,0.78,Car,-5
2026-09-03,Thu,MC-07,Blue,"Esplanade","Mahanayak Uttam Kumar (Tollygunge)",false,10:00 AM,17,28,1.65,Metro,11
2026-09-03,Thu,MC-07,Blue,"Esplanade","Mahanayak Uttam Kumar (Tollygunge)",false,1:00 PM,23,33,1.43,Metro,10
2026-09-03,Thu,MC-07,Blue,"Esplanade","Mahanayak Uttam Kumar (Tollygunge)",false,7:00 PM,18,43,2.39,Metro,25
2026-09-03,Thu,MC-08,Blue,"Mahanayak Uttam Kumar (Tollygunge)","Kavi Subhash",false,12:00 AM,15,16,1.07,Metro,1
2026-09-03,Thu,MC-08,Blue,"Mahanayak Uttam Kumar (Tollygunge)","Kavi Subhash",false,10:00 AM,15,30,2.00,Metro,15
2026-09-03,Thu,MC-08,Blue,"Mahanayak Uttam Kumar (Tollygunge)","Kavi Subhash",false,1:00 PM,17,27,1.59,Metro,10
2026-09-03,Thu,MC-08,Blue,"Mahanayak Uttam Kumar (Tollygunge)","Kavi Subhash",false,7:00 PM,15,33,2.20,Metro,18
2026-09-03,Thu,MC-09,Blue,"Dum Dum","Esplanade",false,12:00 AM,16,26,1.63,Metro,10
2026-09-03,Thu,MC-09,Blue,"Dum Dum","Esplanade",false,10:00 AM,16,37,2.31,Metro,21
2026-09-03,Thu,MC-09,Blue,"Dum Dum","Esplanade",false,1:00 PM,16,42,2.63,Metro,26
2026-09-03,Thu,MC-09,Blue,"Dum Dum","Esplanade",false,7:00 PM,16,48,3.00,Metro,32
2026-09-03,Thu,MC-10,Green,"Howrah","Salt Lake Sector V",true,12:00 AM,30,29,0.97,Car,-1
2026-09-03,Thu,MC-10,Green,"Howrah","Salt Lake Sector V",true,10:00 AM,30,49,1.63,Metro,19
2026-09-03,Thu,MC-10,Green,"Howrah","Salt Lake Sector V",true,1:00 PM,30,48,1.60,Metro,18
2026-09-03,Thu,MC-10,Green,"Howrah","Salt Lake Sector V",true,7:00 PM,30,61,2.03,Metro,31
2026-09-03,Thu,MC-11,Green,"Sealdah","Salt Lake Sector V",false,12:00 AM,21,18,0.86,Car,-3
2026-09-03,Thu,MC-11,Green,"Sealdah","Salt Lake Sector V",false,10:00 AM,21,32,1.52,Metro,11
2026-09-03,Thu,MC-11,Green,"Sealdah","Salt Lake Sector V",false,1:00 PM,21,28,1.33,Metro,7
2026-09-03,Thu,MC-11,Green,"Sealdah","Salt Lake Sector V",false,7:00 PM,21,30,1.43,Metro,9
2026-09-03,Thu,MC-12,Green,"Howrah","Sealdah",false,12:00 AM,11,15,1.36,Metro,4
2026-09-03,Thu,MC-12,Green,"Howrah","Sealdah",false,10:00 AM,11,26,2.36,Metro,15
2026-09-03,Thu,MC-12,Green,"Howrah","Sealdah",false,1:00 PM,11,30,2.73,Metro,19
2026-09-03,Thu,MC-12,Green,"Howrah","Sealdah",false,7:00 PM,11,37,3.36,Metro,26
2026-09-03,Thu,MC-13,Green,"Phoolbagan","Salt Lake Sector V",false,12:00 AM,18,14,0.78,Car,-4
2026-09-03,Thu,MC-13,Green,"Phoolbagan","Salt Lake Sector V",false,10:00 AM,18,23,1.28,Metro,5
2026-09-03,Thu,MC-13,Green,"Phoolbagan","Salt Lake Sector V",false,1:00 PM,18,21,1.17,Metro,3
2026-09-03,Thu,MC-13,Green,"Phoolbagan","Salt Lake Sector V",false,7:00 PM,18,25,1.39,Metro,7
2026-09-03,Thu,MC-14,Green,"Howrah","Phoolbagan",false,12:00 AM,12,18,1.50,Metro,6
2026-09-03,Thu,MC-14,Green,"Howrah","Phoolbagan",false,10:00 AM,12,28,2.33,Metro,16
2026-09-03,Thu,MC-14,Green,"Howrah","Phoolbagan",false,1:00 PM,12,31,2.58,Metro,19
2026-09-03,Thu,MC-14,Green,"Howrah","Phoolbagan",false,7:00 PM,12,42,3.50,Metro,30
2026-09-03,Thu,MC-15,Green,"Esplanade","Salt Lake Sector V",false,12:00 AM,25,24,0.96,Car,-1
2026-09-03,Thu,MC-15,Green,"Esplanade","Salt Lake Sector V",false,10:00 AM,25,45,1.80,Metro,20
2026-09-03,Thu,MC-15,Green,"Esplanade","Salt Lake Sector V",false,1:00 PM,25,33,1.32,Metro,8
2026-09-03,Thu,MC-15,Green,"Esplanade","Salt Lake Sector V",false,7:00 PM,25,38,1.52,Metro,13
2026-09-03,Thu,MC-16,Orange,"Kavi Subhash","Beleghata",true,12:00 AM,23,19,0.83,Car,-4
2026-09-03,Thu,MC-16,Orange,"Kavi Subhash","Beleghata",true,10:00 AM,23,31,1.35,Metro,8
2026-09-03,Thu,MC-16,Orange,"Kavi Subhash","Beleghata",true,1:00 PM,28,24,0.86,Car,-4
2026-09-03,Thu,MC-16,Orange,"Kavi Subhash","Beleghata",true,7:00 PM,28,32,1.14,Metro,4
2026-09-03,Thu,MC-17,Orange,"Hemanta Mukhopadhyay","Beleghata",false,12:00 AM,12,8,0.67,Car,-4
2026-09-03,Thu,MC-17,Orange,"Hemanta Mukhopadhyay","Beleghata",false,10:00 AM,12,16,1.33,Metro,4
2026-09-03,Thu,MC-17,Orange,"Hemanta Mukhopadhyay","Beleghata",false,1:00 PM,12,10,0.83,Car,-2
2026-09-03,Thu,MC-17,Orange,"Hemanta Mukhopadhyay","Beleghata",false,7:00 PM,17,14,0.82,Car,-3
2026-09-03,Thu,MC-18,Orange,"Kavi Subhash","Science City",false,12:00 AM,23,18,0.78,Car,-5
2026-09-03,Thu,MC-18,Orange,"Kavi Subhash","Science City",false,10:00 AM,19,29,1.53,Metro,10
2026-09-03,Thu,MC-18,Orange,"Kavi Subhash","Science City",false,1:00 PM,23,23,1.00,Tie,0
2026-09-03,Thu,MC-18,Orange,"Kavi Subhash","Science City",false,7:00 PM,23,29,1.26,Metro,6
2026-09-03,Thu,MC-19,Purple,"Joka","Majerhat",true,12:00 AM,17,18,1.06,Metro,1
2026-09-03,Thu,MC-19,Purple,"Joka","Majerhat",true,10:00 AM,17,27,1.59,Metro,10
2026-09-03,Thu,MC-19,Purple,"Joka","Majerhat",true,1:00 PM,17,28,1.65,Metro,11
2026-09-03,Thu,MC-19,Purple,"Joka","Majerhat",true,7:00 PM,17,26,1.53,Metro,9
2026-09-03,Thu,MC-20,Purple,"Behala Chowrasta","Majerhat",false,12:00 AM,9,9,1.00,Tie,0
2026-09-03,Thu,MC-20,Purple,"Behala Chowrasta","Majerhat",false,10:00 AM,9,16,1.78,Metro,7
2026-09-03,Thu,MC-20,Purple,"Behala Chowrasta","Majerhat",false,7:00 PM,9,11,1.22,Metro,2
2026-09-03,Thu,MC-21,Purple,"Joka","Behala Chowrasta",false,12:00 AM,8,9,1.13,Metro,1
2026-09-03,Thu,MC-21,Purple,"Joka","Behala Chowrasta",false,10:00 AM,8,12,1.50,Metro,4
2026-09-03,Thu,MC-21,Purple,"Joka","Behala Chowrasta",false,7:00 PM,8,15,1.88,Metro,7
2026-09-03,Thu,MC-22,Purple,"Joka","Taratala",false,12:00 AM,14,15,1.07,Metro,1
2026-09-03,Thu,MC-22,Purple,"Joka","Taratala",false,10:00 AM,14,21,1.50,Metro,7
2026-09-03,Thu,MC-22,Purple,"Joka","Taratala",false,1:00 PM,14,20,1.43,Metro,6
2026-09-03,Thu,MC-22,Purple,"Joka","Taratala",false,7:00 PM,14,24,1.71,Metro,10
2026-09-03,Thu,MC-23,Purple,"Behala Chowrasta","Taratala",false,12:00 AM,6,6,1.00,Tie,0
2026-09-03,Thu,MC-23,Purple,"Behala Chowrasta","Taratala",false,10:00 AM,6,8,1.33,Metro,2
2026-09-03,Thu,MC-23,Purple,"Behala Chowrasta","Taratala",false,7:00 PM,6,8,1.33,Metro,2
2026-09-03,Thu,MC-24,Purple,"Taratala","Majerhat",false,12:00 AM,3,3,1.00,Tie,0
2026-09-03,Thu,MC-24,Purple,"Taratala","Majerhat",false,10:00 AM,3,13,4.33,Metro,10
2026-09-03,Thu,MC-24,Purple,"Taratala","Majerhat",false,7:00 PM,3,3,1.00,Tie,0
2026-09-04,Fri,MC-01,Blue,"Dakshineswar","Esplanade",true,12:00 AM,28,31,1.11,Metro,3
2026-09-04,Fri,MC-01,Blue,"Dakshineswar","Esplanade",true,10:00 AM,28,36,1.29,Metro,8
2026-09-04,Fri,MC-01,Blue,"Dakshineswar","Esplanade",true,1:00 PM,31,42,1.35,Metro,11
2026-09-04,Fri,MC-01,Blue,"Dakshineswar","Esplanade",true,7:00 PM,28,45,1.61,Metro,17
2026-09-04,Fri,MC-02,Blue,"Shahid Khudiram","Esplanade",true,12:00 AM,30,31,1.03,Metro,1
2026-09-04,Fri,MC-02,Blue,"Shahid Khudiram","Esplanade",true,10:00 AM,28,35,1.25,Metro,7
2026-09-04,Fri,MC-02,Blue,"Shahid Khudiram","Esplanade",true,1:00 PM,30,36,1.20,Metro,6
2026-09-04,Fri,MC-02,Blue,"Shahid Khudiram","Esplanade",true,7:00 PM,29,48,1.66,Metro,19
2026-09-04,Fri,MC-03,Blue,"Shyambazar","Dum Dum",false,10:00 AM,7,14,2.00,Metro,7
2026-09-04,Fri,MC-03,Blue,"Shyambazar","Dum Dum",false,7:00 PM,8,16,2.00,Metro,8
2026-09-04,Fri,MC-04,Blue,"Shyambazar","Esplanade",false,12:00 AM,11,15,1.36,Metro,4
2026-09-04,Fri,MC-04,Blue,"Shyambazar","Esplanade",false,10:00 AM,11,18,1.64,Metro,7
2026-09-04,Fri,MC-04,Blue,"Shyambazar","Esplanade",false,1:00 PM,11,20,1.82,Metro,9
2026-09-04,Fri,MC-04,Blue,"Shyambazar","Esplanade",false,7:00 PM,11,24,2.18,Metro,13
2026-09-04,Fri,MC-05,Blue,"Kalighat","Esplanade",false,12:00 AM,11,12,1.09,Metro,1
2026-09-04,Fri,MC-05,Blue,"Kalighat","Esplanade",false,10:00 AM,11,15,1.36,Metro,4
2026-09-04,Fri,MC-05,Blue,"Kalighat","Esplanade",false,1:00 PM,11,17,1.55,Metro,6
2026-09-04,Fri,MC-05,Blue,"Kalighat","Esplanade",false,7:00 PM,11,18,1.64,Metro,7
2026-09-04,Fri,MC-06,Blue,"Dakshineswar","Dum Dum",false,10:00 AM,12,24,2.00,Metro,12
2026-09-04,Fri,MC-06,Blue,"Dakshineswar","Dum Dum",false,1:00 PM,15,24,1.60,Metro,9
2026-09-04,Fri,MC-06,Blue,"Dakshineswar","Dum Dum",false,7:00 PM,12,26,2.17,Metro,14
2026-09-04,Fri,MC-07,Blue,"Esplanade","Mahanayak Uttam Kumar (Tollygunge)",false,12:00 AM,23,19,0.83,Car,-4
2026-09-04,Fri,MC-07,Blue,"Esplanade","Mahanayak Uttam Kumar (Tollygunge)",false,10:00 AM,17,25,1.47,Metro,8
2026-09-04,Fri,MC-07,Blue,"Esplanade","Mahanayak Uttam Kumar (Tollygunge)",false,1:00 PM,23,28,1.22,Metro,5
2026-09-04,Fri,MC-07,Blue,"Esplanade","Mahanayak Uttam Kumar (Tollygunge)",false,7:00 PM,18,33,1.83,Metro,15
2026-09-04,Fri,MC-08,Blue,"Mahanayak Uttam Kumar (Tollygunge)","Kavi Subhash",false,12:00 AM,15,15,1.00,Tie,0
2026-09-04,Fri,MC-08,Blue,"Mahanayak Uttam Kumar (Tollygunge)","Kavi Subhash",false,10:00 AM,15,22,1.47,Metro,7
2026-09-04,Fri,MC-08,Blue,"Mahanayak Uttam Kumar (Tollygunge)","Kavi Subhash",false,1:00 PM,17,24,1.41,Metro,7
2026-09-04,Fri,MC-08,Blue,"Mahanayak Uttam Kumar (Tollygunge)","Kavi Subhash",false,7:00 PM,15,32,2.13,Metro,17
2026-09-04,Fri,MC-09,Blue,"Dum Dum","Esplanade",false,12:00 AM,16,27,1.69,Metro,11
2026-09-04,Fri,MC-09,Blue,"Dum Dum","Esplanade",false,10:00 AM,16,30,1.88,Metro,14
2026-09-04,Fri,MC-09,Blue,"Dum Dum","Esplanade",false,1:00 PM,16,36,2.25,Metro,20
2026-09-04,Fri,MC-09,Blue,"Dum Dum","Esplanade",false,7:00 PM,16,39,2.44,Metro,23
2026-09-04,Fri,MC-10,Green,"Howrah","Salt Lake Sector V",true,12:00 AM,30,29,0.97,Car,-1
2026-09-04,Fri,MC-10,Green,"Howrah","Salt Lake Sector V",true,10:00 AM,30,41,1.37,Metro,11
2026-09-04,Fri,MC-10,Green,"Howrah","Salt Lake Sector V",true,1:00 PM,30,41,1.37,Metro,11
2026-09-04,Fri,MC-10,Green,"Howrah","Salt Lake Sector V",true,7:00 PM,30,53,1.77,Metro,23
2026-09-04,Fri,MC-11,Green,"Sealdah","Salt Lake Sector V",false,12:00 AM,21,18,0.86,Car,-3
2026-09-04,Fri,MC-11,Green,"Sealdah","Salt Lake Sector V",false,10:00 AM,21,24,1.14,Metro,3
2026-09-04,Fri,MC-11,Green,"Sealdah","Salt Lake Sector V",false,1:00 PM,21,24,1.14,Metro,3
2026-09-04,Fri,MC-11,Green,"Sealdah","Salt Lake Sector V",false,7:00 PM,21,27,1.29,Metro,6
2026-09-04,Fri,MC-12,Green,"Howrah","Sealdah",false,12:00 AM,11,16,1.45,Metro,5
2026-09-04,Fri,MC-12,Green,"Howrah","Sealdah",false,10:00 AM,11,23,2.09,Metro,12
2026-09-04,Fri,MC-12,Green,"Howrah","Sealdah",false,1:00 PM,11,28,2.55,Metro,17
2026-09-04,Fri,MC-12,Green,"Howrah","Sealdah",false,7:00 PM,11,28,2.55,Metro,17
2026-09-04,Fri,MC-13,Green,"Phoolbagan","Salt Lake Sector V",false,12:00 AM,18,15,0.83,Car,-3
2026-09-04,Fri,MC-13,Green,"Phoolbagan","Salt Lake Sector V",false,10:00 AM,18,20,1.11,Metro,2
2026-09-04,Fri,MC-13,Green,"Phoolbagan","Salt Lake Sector V",false,1:00 PM,18,18,1.00,Tie,0
2026-09-04,Fri,MC-13,Green,"Phoolbagan","Salt Lake Sector V",false,7:00 PM,18,20,1.11,Metro,2
2026-09-04,Fri,MC-14,Green,"Howrah","Phoolbagan",false,12:00 AM,12,17,1.42,Metro,5
2026-09-04,Fri,MC-14,Green,"Howrah","Phoolbagan",false,10:00 AM,12,25,2.08,Metro,13
2026-09-04,Fri,MC-14,Green,"Howrah","Phoolbagan",false,1:00 PM,12,30,2.50,Metro,18
2026-09-04,Fri,MC-14,Green,"Howrah","Phoolbagan",false,7:00 PM,12,35,2.92,Metro,23
2026-09-04,Fri,MC-15,Green,"Esplanade","Salt Lake Sector V",false,12:00 AM,25,25,1.00,Tie,0
2026-09-04,Fri,MC-15,Green,"Esplanade","Salt Lake Sector V",false,10:00 AM,25,29,1.16,Metro,4
2026-09-04,Fri,MC-15,Green,"Esplanade","Salt Lake Sector V",false,1:00 PM,25,27,1.08,Metro,2
2026-09-04,Fri,MC-15,Green,"Esplanade","Salt Lake Sector V",false,7:00 PM,25,39,1.56,Metro,14
2026-09-04,Fri,MC-16,Orange,"Kavi Subhash","Beleghata",true,12:00 AM,23,20,0.87,Car,-3
2026-09-04,Fri,MC-16,Orange,"Kavi Subhash","Beleghata",true,10:00 AM,23,22,0.96,Car,-1
2026-09-04,Fri,MC-16,Orange,"Kavi Subhash","Beleghata",true,1:00 PM,28,22,0.79,Car,-6
2026-09-04,Fri,MC-16,Orange,"Kavi Subhash","Beleghata",true,7:00 PM,28,29,1.04,Metro,1
2026-09-04,Fri,MC-17,Orange,"Hemanta Mukhopadhyay","Beleghata",false,12:00 AM,12,8,0.67,Car,-4
2026-09-04,Fri,MC-17,Orange,"Hemanta Mukhopadhyay","Beleghata",false,10:00 AM,12,10,0.83,Car,-2
2026-09-04,Fri,MC-17,Orange,"Hemanta Mukhopadhyay","Beleghata",false,1:00 PM,12,10,0.83,Car,-2
2026-09-04,Fri,MC-17,Orange,"Hemanta Mukhopadhyay","Beleghata",false,7:00 PM,17,11,0.65,Car,-6
2026-09-04,Fri,MC-18,Orange,"Kavi Subhash","Science City",false,12:00 AM,23,19,0.83,Car,-4
2026-09-04,Fri,MC-18,Orange,"Kavi Subhash","Science City",false,10:00 AM,19,20,1.05,Metro,1
2026-09-04,Fri,MC-18,Orange,"Kavi Subhash","Science City",false,1:00 PM,23,21,0.91,Car,-2
2026-09-04,Fri,MC-18,Orange,"Kavi Subhash","Science City",false,7:00 PM,23,26,1.13,Metro,3
2026-09-04,Fri,MC-19,Purple,"Joka","Majerhat",true,12:00 AM,17,19,1.12,Metro,2
2026-09-04,Fri,MC-19,Purple,"Joka","Majerhat",true,10:00 AM,17,23,1.35,Metro,6
2026-09-04,Fri,MC-19,Purple,"Joka","Majerhat",true,1:00 PM,17,23,1.35,Metro,6
2026-09-04,Fri,MC-19,Purple,"Joka","Majerhat",true,7:00 PM,17,24,1.41,Metro,7
2026-09-04,Fri,MC-20,Purple,"Behala Chowrasta","Majerhat",false,12:00 AM,9,11,1.22,Metro,2
2026-09-04,Fri,MC-20,Purple,"Behala Chowrasta","Majerhat",false,10:00 AM,9,11,1.22,Metro,2
2026-09-04,Fri,MC-20,Purple,"Behala Chowrasta","Majerhat",false,7:00 PM,9,12,1.33,Metro,3
2026-09-04,Fri,MC-21,Purple,"Joka","Behala Chowrasta",false,12:00 AM,8,9,1.13,Metro,1
2026-09-04,Fri,MC-21,Purple,"Joka","Behala Chowrasta",false,10:00 AM,8,11,1.38,Metro,3
2026-09-04,Fri,MC-21,Purple,"Joka","Behala Chowrasta",false,7:00 PM,8,12,1.50,Metro,4
2026-09-04,Fri,MC-22,Purple,"Joka","Taratala",false,12:00 AM,14,15,1.07,Metro,1
2026-09-04,Fri,MC-22,Purple,"Joka","Taratala",false,10:00 AM,14,19,1.36,Metro,5
2026-09-04,Fri,MC-22,Purple,"Joka","Taratala",false,1:00 PM,14,20,1.43,Metro,6
2026-09-04,Fri,MC-22,Purple,"Joka","Taratala",false,7:00 PM,14,21,1.50,Metro,7
2026-09-04,Fri,MC-23,Purple,"Behala Chowrasta","Taratala",false,10:00 AM,6,8,1.33,Metro,2
2026-09-04,Fri,MC-23,Purple,"Behala Chowrasta","Taratala",false,7:00 PM,6,9,1.50,Metro,3
2026-09-04,Fri,MC-24,Purple,"Taratala","Majerhat",false,12:00 AM,3,8,2.67,Metro,5
2026-09-04,Fri,MC-24,Purple,"Taratala","Majerhat",false,10:00 AM,3,4,1.33,Metro,1
2026-09-04,Fri,MC-24,Purple,"Taratala","Majerhat",false,7:00 PM,3,3,1.00,Tie,0
2026-09-05,Sat,MC-01,Blue,"Dakshineswar","Esplanade",true,12:00 AM,28,32,1.14,Metro,4
2026-09-05,Sat,MC-01,Blue,"Dakshineswar","Esplanade",true,10:00 AM,28,42,1.50,Metro,14
2026-09-05,Sat,MC-01,Blue,"Dakshineswar","Esplanade",true,1:00 PM,31,54,1.74,Metro,23
2026-09-05,Sat,MC-01,Blue,"Dakshineswar","Esplanade",true,7:00 PM,28,51,1.82,Metro,23
2026-09-05,Sat,MC-02,Blue,"Shahid Khudiram","Esplanade",true,12:00 AM,30,32,1.07,Metro,2
2026-09-05,Sat,MC-02,Blue,"Shahid Khudiram","Esplanade",true,10:00 AM,28,37,1.32,Metro,9
2026-09-05,Sat,MC-02,Blue,"Shahid Khudiram","Esplanade",true,1:00 PM,30,38,1.27,Metro,8
2026-09-05,Sat,MC-02,Blue,"Shahid Khudiram","Esplanade",true,7:00 PM,29,58,2.00,Metro,29
2026-09-05,Sat,MC-03,Blue,"Shyambazar","Dum Dum",false,12:00 AM,7,11,1.57,Metro,4
2026-09-05,Sat,MC-03,Blue,"Shyambazar","Dum Dum",false,10:00 AM,7,15,2.14,Metro,8
2026-09-05,Sat,MC-03,Blue,"Shyambazar","Dum Dum",false,7:00 PM,8,18,2.25,Metro,10
2026-09-05,Sat,MC-04,Blue,"Shyambazar","Esplanade",false,12:00 AM,11,15,1.36,Metro,4
2026-09-05,Sat,MC-04,Blue,"Shyambazar","Esplanade",false,10:00 AM,11,20,1.82,Metro,9
2026-09-05,Sat,MC-04,Blue,"Shyambazar","Esplanade",false,1:00 PM,11,27,2.45,Metro,16
2026-09-05,Sat,MC-04,Blue,"Shyambazar","Esplanade",false,7:00 PM,11,30,2.73,Metro,19
2026-09-05,Sat,MC-05,Blue,"Kalighat","Esplanade",false,12:00 AM,11,11,1.00,Tie,0
2026-09-05,Sat,MC-05,Blue,"Kalighat","Esplanade",false,10:00 AM,11,16,1.45,Metro,5
2026-09-05,Sat,MC-05,Blue,"Kalighat","Esplanade",false,1:00 PM,11,24,2.18,Metro,13
2026-09-05,Sat,MC-05,Blue,"Kalighat","Esplanade",false,7:00 PM,11,38,3.45,Metro,27
2026-09-05,Sat,MC-06,Blue,"Dakshineswar","Dum Dum",false,12:00 AM,15,19,1.27,Metro,4
2026-09-05,Sat,MC-06,Blue,"Dakshineswar","Dum Dum",false,10:00 AM,12,26,2.17,Metro,14
2026-09-05,Sat,MC-06,Blue,"Dakshineswar","Dum Dum",false,1:00 PM,15,30,2.00,Metro,15
2026-09-05,Sat,MC-06,Blue,"Dakshineswar","Dum Dum",false,7:00 PM,12,28,2.33,Metro,16
2026-09-05,Sat,MC-07,Blue,"Esplanade","Mahanayak Uttam Kumar (Tollygunge)",false,12:00 AM,17,18,1.06,Metro,1
2026-09-05,Sat,MC-07,Blue,"Esplanade","Mahanayak Uttam Kumar (Tollygunge)",false,10:00 AM,17,27,1.59,Metro,10
2026-09-05,Sat,MC-07,Blue,"Esplanade","Mahanayak Uttam Kumar (Tollygunge)",false,1:00 PM,23,30,1.30,Metro,7
2026-09-05,Sat,MC-07,Blue,"Esplanade","Mahanayak Uttam Kumar (Tollygunge)",false,7:00 PM,18,38,2.11,Metro,20
2026-09-05,Sat,MC-08,Blue,"Mahanayak Uttam Kumar (Tollygunge)","Kavi Subhash",false,12:00 AM,15,15,1.00,Tie,0
2026-09-05,Sat,MC-08,Blue,"Mahanayak Uttam Kumar (Tollygunge)","Kavi Subhash",false,10:00 AM,15,24,1.60,Metro,9
2026-09-05,Sat,MC-08,Blue,"Mahanayak Uttam Kumar (Tollygunge)","Kavi Subhash",false,1:00 PM,17,27,1.59,Metro,10
2026-09-05,Sat,MC-08,Blue,"Mahanayak Uttam Kumar (Tollygunge)","Kavi Subhash",false,7:00 PM,15,31,2.07,Metro,16
2026-09-05,Sat,MC-09,Blue,"Dum Dum","Esplanade",false,12:00 AM,16,27,1.69,Metro,11
2026-09-05,Sat,MC-09,Blue,"Dum Dum","Esplanade",false,10:00 AM,16,34,2.13,Metro,18
2026-09-05,Sat,MC-09,Blue,"Dum Dum","Esplanade",false,1:00 PM,16,45,2.81,Metro,29
2026-09-05,Sat,MC-09,Blue,"Dum Dum","Esplanade",false,7:00 PM,16,49,3.06,Metro,33
2026-09-05,Sat,MC-10,Green,"Howrah","Salt Lake Sector V",true,12:00 AM,30,29,0.97,Car,-1
2026-09-05,Sat,MC-10,Green,"Howrah","Salt Lake Sector V",true,10:00 AM,30,39,1.30,Metro,9
2026-09-05,Sat,MC-10,Green,"Howrah","Salt Lake Sector V",true,1:00 PM,30,46,1.53,Metro,16
2026-09-05,Sat,MC-10,Green,"Howrah","Salt Lake Sector V",true,7:00 PM,30,57,1.90,Metro,27
2026-09-05,Sat,MC-11,Green,"Sealdah","Salt Lake Sector V",false,12:00 AM,21,18,0.86,Car,-3
2026-09-05,Sat,MC-11,Green,"Sealdah","Salt Lake Sector V",false,10:00 AM,22,25,1.14,Metro,3
2026-09-05,Sat,MC-11,Green,"Sealdah","Salt Lake Sector V",false,1:00 PM,22,25,1.14,Metro,3
2026-09-05,Sat,MC-11,Green,"Sealdah","Salt Lake Sector V",false,7:00 PM,22,30,1.36,Metro,8
2026-09-05,Sat,MC-12,Green,"Howrah","Sealdah",false,12:00 AM,11,16,1.45,Metro,5
2026-09-05,Sat,MC-12,Green,"Howrah","Sealdah",false,10:00 AM,10,25,2.50,Metro,15
2026-09-05,Sat,MC-12,Green,"Howrah","Sealdah",false,1:00 PM,10,35,3.50,Metro,25
2026-09-05,Sat,MC-12,Green,"Howrah","Sealdah",false,7:00 PM,10,34,3.40,Metro,24
2026-09-05,Sat,MC-13,Green,"Phoolbagan","Salt Lake Sector V",false,12:00 AM,18,14,0.78,Car,-4
2026-09-05,Sat,MC-13,Green,"Phoolbagan","Salt Lake Sector V",false,10:00 AM,19,19,1.00,Tie,0
2026-09-05,Sat,MC-13,Green,"Phoolbagan","Salt Lake Sector V",false,1:00 PM,19,18,0.95,Car,-1
2026-09-05,Sat,MC-13,Green,"Phoolbagan","Salt Lake Sector V",false,7:00 PM,19,25,1.32,Metro,6
2026-09-05,Sat,MC-14,Green,"Howrah","Phoolbagan",false,12:00 AM,12,17,1.42,Metro,5
2026-09-05,Sat,MC-14,Green,"Howrah","Phoolbagan",false,10:00 AM,11,27,2.45,Metro,16
2026-09-05,Sat,MC-14,Green,"Howrah","Phoolbagan",false,1:00 PM,11,35,3.18,Metro,24
2026-09-05,Sat,MC-14,Green,"Howrah","Phoolbagan",false,7:00 PM,11,44,4.00,Metro,33
2026-09-05,Sat,MC-15,Green,"Esplanade","Salt Lake Sector V",false,12:00 AM,25,24,0.96,Car,-1
2026-09-05,Sat,MC-15,Green,"Esplanade","Salt Lake Sector V",false,10:00 AM,25,28,1.12,Metro,3
2026-09-05,Sat,MC-15,Green,"Esplanade","Salt Lake Sector V",false,1:00 PM,25,29,1.16,Metro,4
2026-09-05,Sat,MC-15,Green,"Esplanade","Salt Lake Sector V",false,7:00 PM,25,39,1.56,Metro,14
2026-09-05,Sat,MC-16,Orange,"Kavi Subhash","Beleghata",true,12:00 AM,23,20,0.87,Car,-3
2026-09-05,Sat,MC-17,Orange,"Hemanta Mukhopadhyay","Beleghata",false,12:00 AM,12,8,0.67,Car,-4
2026-09-05,Sat,MC-18,Orange,"Kavi Subhash","Science City",false,12:00 AM,19,18,0.95,Car,-1
2026-09-05,Sat,MC-19,Purple,"Joka","Majerhat",true,12:00 AM,17,20,1.18,Metro,3
2026-09-05,Sat,MC-19,Purple,"Joka","Majerhat",true,1:00 PM,19,24,1.26,Metro,5
2026-09-05,Sat,MC-20,Purple,"Behala Chowrasta","Majerhat",false,12:00 AM,9,12,1.33,Metro,3
2026-09-05,Sat,MC-21,Purple,"Joka","Behala Chowrasta",false,12:00 AM,8,9,1.13,Metro,1
2026-09-05,Sat,MC-22,Purple,"Joka","Taratala",false,12:00 AM,14,21,1.50,Metro,7
2026-09-05,Sat,MC-22,Purple,"Joka","Taratala",false,1:00 PM,14,22,1.57,Metro,8
2026-09-05,Sat,MC-23,Purple,"Behala Chowrasta","Taratala",false,12:00 AM,6,14,2.33,Metro,8
2026-09-05,Sat,MC-24,Purple,"Taratala","Majerhat",false,12:00 AM,3,6,2.00,Metro,3
2026-09-06,Sun,MC-01,Blue,"Dakshineswar","Esplanade",true,12:00 AM,28,31,1.11,Metro,3
2026-09-06,Sun,MC-01,Blue,"Dakshineswar","Esplanade",true,10:00 AM,28,33,1.18,Metro,5
2026-09-06,Sun,MC-01,Blue,"Dakshineswar","Esplanade",true,1:00 PM,28,38,1.36,Metro,10
2026-09-06,Sun,MC-01,Blue,"Dakshineswar","Esplanade",true,7:00 PM,31,41,1.32,Metro,10
2026-09-06,Sun,MC-02,Blue,"Shahid Khudiram","Esplanade",true,12:00 AM,28,32,1.14,Metro,4
2026-09-06,Sun,MC-02,Blue,"Shahid Khudiram","Esplanade",true,10:00 AM,28,31,1.11,Metro,3
2026-09-06,Sun,MC-02,Blue,"Shahid Khudiram","Esplanade",true,1:00 PM,30,34,1.13,Metro,4
2026-09-06,Sun,MC-02,Blue,"Shahid Khudiram","Esplanade",true,7:00 PM,30,39,1.30,Metro,9
2026-09-06,Sun,MC-03,Blue,"Shyambazar","Dum Dum",false,12:00 AM,7,11,1.57,Metro,4
2026-09-06,Sun,MC-03,Blue,"Shyambazar","Dum Dum",false,10:00 AM,7,15,2.14,Metro,8
2026-09-06,Sun,MC-03,Blue,"Shyambazar","Dum Dum",false,7:00 PM,15,16,1.07,Metro,1
2026-09-06,Sun,MC-04,Blue,"Shyambazar","Esplanade",false,12:00 AM,11,15,1.36,Metro,4
2026-09-06,Sun,MC-04,Blue,"Shyambazar","Esplanade",false,10:00 AM,11,16,1.45,Metro,5
2026-09-06,Sun,MC-04,Blue,"Shyambazar","Esplanade",false,1:00 PM,11,17,1.55,Metro,6
2026-09-06,Sun,MC-04,Blue,"Shyambazar","Esplanade",false,7:00 PM,11,21,1.91,Metro,10
2026-09-06,Sun,MC-05,Blue,"Kalighat","Esplanade",false,12:00 AM,11,12,1.09,Metro,1
2026-09-06,Sun,MC-05,Blue,"Kalighat","Esplanade",false,10:00 AM,11,14,1.27,Metro,3
2026-09-06,Sun,MC-05,Blue,"Kalighat","Esplanade",false,1:00 PM,11,15,1.36,Metro,4
2026-09-06,Sun,MC-05,Blue,"Kalighat","Esplanade",false,7:00 PM,11,18,1.64,Metro,7
2026-09-06,Sun,MC-06,Blue,"Dakshineswar","Dum Dum",false,12:00 AM,12,18,1.50,Metro,6
2026-09-06,Sun,MC-06,Blue,"Dakshineswar","Dum Dum",false,10:00 AM,12,23,1.92,Metro,11
2026-09-06,Sun,MC-07,Blue,"Esplanade","Mahanayak Uttam Kumar (Tollygunge)",false,12:00 AM,17,20,1.18,Metro,3
2026-09-06,Sun,MC-07,Blue,"Esplanade","Mahanayak Uttam Kumar (Tollygunge)",false,10:00 AM,17,23,1.35,Metro,6
2026-09-06,Sun,MC-07,Blue,"Esplanade","Mahanayak Uttam Kumar (Tollygunge)",false,1:00 PM,17,26,1.53,Metro,9
2026-09-06,Sun,MC-07,Blue,"Esplanade","Mahanayak Uttam Kumar (Tollygunge)",false,7:00 PM,23,32,1.39,Metro,9
2026-09-06,Sun,MC-08,Blue,"Mahanayak Uttam Kumar (Tollygunge)","Kavi Subhash",false,12:00 AM,15,15,1.00,Tie,0
2026-09-06,Sun,MC-08,Blue,"Mahanayak Uttam Kumar (Tollygunge)","Kavi Subhash",false,10:00 AM,14,21,1.50,Metro,7
2026-09-06,Sun,MC-08,Blue,"Mahanayak Uttam Kumar (Tollygunge)","Kavi Subhash",false,1:00 PM,17,23,1.35,Metro,6
2026-09-06,Sun,MC-08,Blue,"Mahanayak Uttam Kumar (Tollygunge)","Kavi Subhash",false,7:00 PM,17,27,1.59,Metro,10
2026-09-06,Sun,MC-09,Blue,"Dum Dum","Esplanade",false,12:00 AM,16,26,1.63,Metro,10
2026-09-06,Sun,MC-09,Blue,"Dum Dum","Esplanade",false,10:00 AM,16,29,1.81,Metro,13
2026-09-06,Sun,MC-09,Blue,"Dum Dum","Esplanade",false,1:00 PM,16,32,2.00,Metro,16
2026-09-06,Sun,MC-09,Blue,"Dum Dum","Esplanade",false,7:00 PM,16,36,2.25,Metro,20
2026-09-06,Sun,MC-10,Green,"Howrah","Salt Lake Sector V",true,12:00 AM,30,29,0.97,Car,-1
2026-09-06,Sun,MC-10,Green,"Howrah","Salt Lake Sector V",true,10:00 AM,30,37,1.23,Metro,7
2026-09-06,Sun,MC-10,Green,"Howrah","Salt Lake Sector V",true,1:00 PM,30,39,1.30,Metro,9
2026-09-06,Sun,MC-10,Green,"Howrah","Salt Lake Sector V",true,7:00 PM,30,41,1.37,Metro,11
2026-09-06,Sun,MC-11,Green,"Sealdah","Salt Lake Sector V",false,12:00 AM,22,18,0.82,Car,-4
2026-09-06,Sun,MC-11,Green,"Sealdah","Salt Lake Sector V",false,10:00 AM,22,22,1.00,Tie,0
2026-09-06,Sun,MC-11,Green,"Sealdah","Salt Lake Sector V",false,1:00 PM,22,23,1.05,Metro,1
2026-09-06,Sun,MC-11,Green,"Sealdah","Salt Lake Sector V",false,7:00 PM,22,26,1.18,Metro,4
2026-09-06,Sun,MC-12,Green,"Howrah","Sealdah",false,12:00 AM,10,16,1.60,Metro,6
2026-09-06,Sun,MC-12,Green,"Howrah","Sealdah",false,10:00 AM,10,21,2.10,Metro,11
2026-09-06,Sun,MC-12,Green,"Howrah","Sealdah",false,1:00 PM,10,23,2.30,Metro,13
2026-09-06,Sun,MC-12,Green,"Howrah","Sealdah",false,7:00 PM,10,23,2.30,Metro,13
2026-09-06,Sun,MC-13,Green,"Phoolbagan","Salt Lake Sector V",false,12:00 AM,19,14,0.74,Car,-5
2026-09-06,Sun,MC-13,Green,"Phoolbagan","Salt Lake Sector V",false,10:00 AM,19,17,0.89,Car,-2
2026-09-06,Sun,MC-13,Green,"Phoolbagan","Salt Lake Sector V",false,1:00 PM,19,18,0.95,Car,-1
2026-09-06,Sun,MC-13,Green,"Phoolbagan","Salt Lake Sector V",false,7:00 PM,19,19,1.00,Tie,0
2026-09-06,Sun,MC-14,Green,"Howrah","Phoolbagan",false,12:00 AM,11,18,1.64,Metro,7
2026-09-06,Sun,MC-14,Green,"Howrah","Phoolbagan",false,10:00 AM,11,22,2.00,Metro,11
2026-09-06,Sun,MC-14,Green,"Howrah","Phoolbagan",false,1:00 PM,11,24,2.18,Metro,13
2026-09-06,Sun,MC-14,Green,"Howrah","Phoolbagan",false,7:00 PM,11,27,2.45,Metro,16
2026-09-06,Sun,MC-15,Green,"Esplanade","Salt Lake Sector V",false,12:00 AM,25,24,0.96,Car,-1
2026-09-06,Sun,MC-15,Green,"Esplanade","Salt Lake Sector V",false,10:00 AM,25,25,1.00,Tie,0
2026-09-06,Sun,MC-15,Green,"Esplanade","Salt Lake Sector V",false,1:00 PM,25,25,1.00,Tie,0
2026-09-06,Sun,MC-15,Green,"Esplanade","Salt Lake Sector V",false,7:00 PM,25,30,1.20,Metro,5
2026-09-06,Sun,MC-19,Purple,"Joka","Majerhat",true,12:00 AM,19,17,0.89,Car,-2
2026-09-06,Sun,MC-20,Purple,"Behala Chowrasta","Majerhat",false,12:00 AM,11,9,0.82,Car,-2
2026-09-06,Sun,MC-21,Purple,"Joka","Behala Chowrasta",false,12:00 AM,8,8,1.00,Tie,0
2026-09-06,Sun,MC-22,Purple,"Joka","Taratala",false,12:00 AM,14,14,1.00,Tie,0
2026-09-07,Mon,MC-01,Blue,"Dakshineswar","Esplanade",true,12:00 AM,28,31,1.11,Metro,3
2026-09-07,Mon,MC-01,Blue,"Dakshineswar","Esplanade",true,10:00 AM,28,50,1.79,Metro,22
2026-09-07,Mon,MC-01,Blue,"Dakshineswar","Esplanade",true,1:00 PM,31,55,1.77,Metro,24
2026-09-07,Mon,MC-01,Blue,"Dakshineswar","Esplanade",true,7:00 PM,28,50,1.79,Metro,22
2026-09-07,Mon,MC-02,Blue,"Shahid Khudiram","Esplanade",true,12:00 AM,28,30,1.07,Metro,2
2026-09-07,Mon,MC-02,Blue,"Shahid Khudiram","Esplanade",true,10:00 AM,28,53,1.89,Metro,25
2026-09-07,Mon,MC-02,Blue,"Shahid Khudiram","Esplanade",true,1:00 PM,30,53,1.77,Metro,23
2026-09-07,Mon,MC-02,Blue,"Shahid Khudiram","Esplanade",true,7:00 PM,29,63,2.17,Metro,34
2026-09-07,Mon,MC-03,Blue,"Shyambazar","Dum Dum",false,12:00 AM,7,11,1.57,Metro,4
2026-09-07,Mon,MC-03,Blue,"Shyambazar","Dum Dum",false,10:00 AM,7,19,2.71,Metro,12
2026-09-07,Mon,MC-03,Blue,"Shyambazar","Dum Dum",false,7:00 PM,8,18,2.25,Metro,10
2026-09-07,Mon,MC-04,Blue,"Shyambazar","Esplanade",false,12:00 AM,11,15,1.36,Metro,4
2026-09-07,Mon,MC-04,Blue,"Shyambazar","Esplanade",false,10:00 AM,11,22,2.00,Metro,11
2026-09-07,Mon,MC-04,Blue,"Shyambazar","Esplanade",false,1:00 PM,11,29,2.64,Metro,18
2026-09-07,Mon,MC-04,Blue,"Shyambazar","Esplanade",false,7:00 PM,11,26,2.36,Metro,15
2026-09-07,Mon,MC-05,Blue,"Kalighat","Esplanade",false,12:00 AM,11,11,1.00,Tie,0
2026-09-07,Mon,MC-05,Blue,"Kalighat","Esplanade",false,10:00 AM,11,20,1.82,Metro,9
2026-09-07,Mon,MC-05,Blue,"Kalighat","Esplanade",false,1:00 PM,11,28,2.55,Metro,17
2026-09-07,Mon,MC-05,Blue,"Kalighat","Esplanade",false,7:00 PM,11,21,1.91,Metro,10
2026-09-07,Mon,MC-06,Blue,"Dakshineswar","Dum Dum",false,12:00 AM,12,20,1.67,Metro,8
2026-09-07,Mon,MC-06,Blue,"Dakshineswar","Dum Dum",false,10:00 AM,12,31,2.58,Metro,19
2026-09-07,Mon,MC-06,Blue,"Dakshineswar","Dum Dum",false,1:00 PM,15,28,1.87,Metro,13
2026-09-07,Mon,MC-06,Blue,"Dakshineswar","Dum Dum",false,7:00 PM,12,26,2.17,Metro,14
2026-09-07,Mon,MC-07,Blue,"Esplanade","Mahanayak Uttam Kumar (Tollygunge)",false,12:00 AM,17,18,1.06,Metro,1
2026-09-07,Mon,MC-07,Blue,"Esplanade","Mahanayak Uttam Kumar (Tollygunge)",false,10:00 AM,17,30,1.76,Metro,13
2026-09-07,Mon,MC-07,Blue,"Esplanade","Mahanayak Uttam Kumar (Tollygunge)",false,1:00 PM,23,33,1.43,Metro,10
2026-09-07,Mon,MC-07,Blue,"Esplanade","Mahanayak Uttam Kumar (Tollygunge)",false,7:00 PM,18,35,1.94,Metro,17
2026-09-07,Mon,MC-08,Blue,"Mahanayak Uttam Kumar (Tollygunge)","Kavi Subhash",false,12:00 AM,15,15,1.00,Tie,0
2026-09-07,Mon,MC-08,Blue,"Mahanayak Uttam Kumar (Tollygunge)","Kavi Subhash",false,10:00 AM,15,26,1.73,Metro,11
2026-09-07,Mon,MC-08,Blue,"Mahanayak Uttam Kumar (Tollygunge)","Kavi Subhash",false,1:00 PM,17,26,1.53,Metro,9
2026-09-07,Mon,MC-08,Blue,"Mahanayak Uttam Kumar (Tollygunge)","Kavi Subhash",false,7:00 PM,15,31,2.07,Metro,16
2026-09-07,Mon,MC-09,Blue,"Dum Dum","Esplanade",false,12:00 AM,16,27,1.69,Metro,11
2026-09-07,Mon,MC-09,Blue,"Dum Dum","Esplanade",false,10:00 AM,16,40,2.50,Metro,24
2026-09-07,Mon,MC-09,Blue,"Dum Dum","Esplanade",false,1:00 PM,16,47,2.94,Metro,31
2026-09-07,Mon,MC-09,Blue,"Dum Dum","Esplanade",false,7:00 PM,16,43,2.69,Metro,27
2026-09-07,Mon,MC-10,Green,"Howrah","Salt Lake Sector V",true,12:00 AM,30,29,0.97,Car,-1
2026-09-07,Mon,MC-10,Green,"Howrah","Salt Lake Sector V",true,10:00 AM,30,53,1.77,Metro,23
2026-09-07,Mon,MC-10,Green,"Howrah","Salt Lake Sector V",true,1:00 PM,30,47,1.57,Metro,17
2026-09-07,Mon,MC-10,Green,"Howrah","Salt Lake Sector V",true,7:00 PM,30,57,1.90,Metro,27
2026-09-07,Mon,MC-11,Green,"Sealdah","Salt Lake Sector V",false,12:00 AM,22,17,0.77,Car,-5
2026-09-07,Mon,MC-11,Green,"Sealdah","Salt Lake Sector V",false,10:00 AM,21,33,1.57,Metro,12
2026-09-07,Mon,MC-11,Green,"Sealdah","Salt Lake Sector V",false,1:00 PM,21,26,1.24,Metro,5
2026-09-07,Mon,MC-11,Green,"Sealdah","Salt Lake Sector V",false,7:00 PM,21,30,1.43,Metro,9
2026-09-07,Mon,MC-12,Green,"Howrah","Sealdah",false,12:00 AM,10,16,1.60,Metro,6
2026-09-07,Mon,MC-12,Green,"Howrah","Sealdah",false,10:00 AM,11,31,2.82,Metro,20
2026-09-07,Mon,MC-12,Green,"Howrah","Sealdah",false,1:00 PM,11,34,3.09,Metro,23
2026-09-07,Mon,MC-12,Green,"Howrah","Sealdah",false,7:00 PM,11,36,3.27,Metro,25
2026-09-07,Mon,MC-13,Green,"Phoolbagan","Salt Lake Sector V",false,12:00 AM,19,14,0.74,Car,-5
2026-09-07,Mon,MC-13,Green,"Phoolbagan","Salt Lake Sector V",false,10:00 AM,18,24,1.33,Metro,6
2026-09-07,Mon,MC-13,Green,"Phoolbagan","Salt Lake Sector V",false,1:00 PM,18,20,1.11,Metro,2
2026-09-07,Mon,MC-13,Green,"Phoolbagan","Salt Lake Sector V",false,7:00 PM,18,24,1.33,Metro,6
2026-09-07,Mon,MC-14,Green,"Howrah","Phoolbagan",false,12:00 AM,11,17,1.55,Metro,6
2026-09-07,Mon,MC-14,Green,"Howrah","Phoolbagan",false,10:00 AM,12,31,2.58,Metro,19
2026-09-07,Mon,MC-14,Green,"Howrah","Phoolbagan",false,1:00 PM,12,35,2.92,Metro,23
2026-09-07,Mon,MC-14,Green,"Howrah","Phoolbagan",false,7:00 PM,12,39,3.25,Metro,27
2026-09-07,Mon,MC-15,Green,"Esplanade","Salt Lake Sector V",false,12:00 AM,25,24,0.96,Car,-1
2026-09-07,Mon,MC-15,Green,"Esplanade","Salt Lake Sector V",false,10:00 AM,25,43,1.72,Metro,18
2026-09-07,Mon,MC-15,Green,"Esplanade","Salt Lake Sector V",false,1:00 PM,25,31,1.24,Metro,6
2026-09-07,Mon,MC-15,Green,"Esplanade","Salt Lake Sector V",false,7:00 PM,25,43,1.72,Metro,18
2026-09-07,Mon,MC-16,Orange,"Kavi Subhash","Beleghata",true,10:00 AM,23,30,1.30,Metro,7
2026-09-07,Mon,MC-16,Orange,"Kavi Subhash","Beleghata",true,1:00 PM,28,27,0.96,Car,-1
2026-09-07,Mon,MC-16,Orange,"Kavi Subhash","Beleghata",true,7:00 PM,28,41,1.46,Metro,13
2026-09-07,Mon,MC-17,Orange,"Hemanta Mukhopadhyay","Beleghata",false,10:00 AM,12,16,1.33,Metro,4
2026-09-07,Mon,MC-17,Orange,"Hemanta Mukhopadhyay","Beleghata",false,1:00 PM,12,11,0.92,Car,-1
2026-09-07,Mon,MC-17,Orange,"Hemanta Mukhopadhyay","Beleghata",false,7:00 PM,17,34,2.00,Metro,17
2026-09-07,Mon,MC-18,Orange,"Kavi Subhash","Science City",false,10:00 AM,19,28,1.47,Metro,9
2026-09-07,Mon,MC-18,Orange,"Kavi Subhash","Science City",false,1:00 PM,23,24,1.04,Metro,1
2026-09-07,Mon,MC-18,Orange,"Kavi Subhash","Science City",false,7:00 PM,23,36,1.57,Metro,13
2026-09-07,Mon,MC-19,Purple,"Joka","Majerhat",true,10:00 AM,17,24,1.41,Metro,7
2026-09-07,Mon,MC-19,Purple,"Joka","Majerhat",true,1:00 PM,17,25,1.47,Metro,8
2026-09-07,Mon,MC-19,Purple,"Joka","Majerhat",true,7:00 PM,17,24,1.41,Metro,7
2026-09-07,Mon,MC-20,Purple,"Behala Chowrasta","Majerhat",false,10:00 AM,9,11,1.22,Metro,2
2026-09-07,Mon,MC-20,Purple,"Behala Chowrasta","Majerhat",false,7:00 PM,9,11,1.22,Metro,2
2026-09-07,Mon,MC-21,Purple,"Joka","Behala Chowrasta",false,10:00 AM,8,12,1.50,Metro,4
2026-09-07,Mon,MC-21,Purple,"Joka","Behala Chowrasta",false,7:00 PM,8,12,1.50,Metro,4
2026-09-07,Mon,MC-22,Purple,"Joka","Taratala",false,10:00 AM,14,20,1.43,Metro,6
2026-09-07,Mon,MC-22,Purple,"Joka","Taratala",false,1:00 PM,14,22,1.57,Metro,8
2026-09-07,Mon,MC-22,Purple,"Joka","Taratala",false,7:00 PM,14,21,1.50,Metro,7
2026-09-07,Mon,MC-23,Purple,"Behala Chowrasta","Taratala",false,10:00 AM,6,8,1.33,Metro,2
2026-09-07,Mon,MC-23,Purple,"Behala Chowrasta","Taratala",false,7:00 PM,6,8,1.33,Metro,2
2026-09-07,Mon,MC-24,Purple,"Taratala","Majerhat",false,10:00 AM,3,3,1.00,Tie,0
2026-09-07,Mon,MC-24,Purple,"Taratala","Majerhat",false,7:00 PM,3,3,1.00,Tie,0
2026-09-08,Tue,MC-01,Blue,"Dakshineswar","Esplanade",true,12:00 AM,31,30,0.97,Car,-1
2026-09-08,Tue,MC-01,Blue,"Dakshineswar","Esplanade",true,10:00 AM,28,50,1.79,Metro,22
2026-09-08,Tue,MC-01,Blue,"Dakshineswar","Esplanade",true,1:00 PM,31,54,1.74,Metro,23
2026-09-08,Tue,MC-01,Blue,"Dakshineswar","Esplanade",true,7:00 PM,28,53,1.89,Metro,25
2026-09-08,Tue,MC-02,Blue,"Shahid Khudiram","Esplanade",true,12:00 AM,30,31,1.03,Metro,1
2026-09-08,Tue,MC-02,Blue,"Shahid Khudiram","Esplanade",true,10:00 AM,28,53,1.89,Metro,25
2026-09-08,Tue,MC-02,Blue,"Shahid Khudiram","Esplanade",true,1:00 PM,30,46,1.53,Metro,16
2026-09-08,Tue,MC-02,Blue,"Shahid Khudiram","Esplanade",true,7:00 PM,29,57,1.97,Metro,28
2026-09-08,Tue,MC-03,Blue,"Shyambazar","Dum Dum",false,12:00 AM,7,11,1.57,Metro,4
2026-09-08,Tue,MC-03,Blue,"Shyambazar","Dum Dum",false,10:00 AM,7,15,2.14,Metro,8
2026-09-08,Tue,MC-03,Blue,"Shyambazar","Dum Dum",false,7:00 PM,8,18,2.25,Metro,10
2026-09-08,Tue,MC-04,Blue,"Shyambazar","Esplanade",false,12:00 AM,11,15,1.36,Metro,4
2026-09-08,Tue,MC-04,Blue,"Shyambazar","Esplanade",false,10:00 AM,11,23,2.09,Metro,12
2026-09-08,Tue,MC-04,Blue,"Shyambazar","Esplanade",false,1:00 PM,11,28,2.55,Metro,17
2026-09-08,Tue,MC-04,Blue,"Shyambazar","Esplanade",false,7:00 PM,11,27,2.45,Metro,16
2026-09-08,Tue,MC-05,Blue,"Kalighat","Esplanade",false,12:00 AM,11,12,1.09,Metro,1
2026-09-08,Tue,MC-05,Blue,"Kalighat","Esplanade",false,10:00 AM,11,19,1.73,Metro,8
2026-09-08,Tue,MC-05,Blue,"Kalighat","Esplanade",false,1:00 PM,11,28,2.55,Metro,17
2026-09-08,Tue,MC-05,Blue,"Kalighat","Esplanade",false,7:00 PM,11,21,1.91,Metro,10
2026-09-08,Tue,MC-06,Blue,"Dakshineswar","Dum Dum",false,12:00 AM,12,17,1.42,Metro,5
2026-09-08,Tue,MC-06,Blue,"Dakshineswar","Dum Dum",false,10:00 AM,12,30,2.50,Metro,18
2026-09-08,Tue,MC-06,Blue,"Dakshineswar","Dum Dum",false,1:00 PM,15,27,1.80,Metro,12
2026-09-08,Tue,MC-06,Blue,"Dakshineswar","Dum Dum",false,7:00 PM,12,29,2.42,Metro,17
2026-09-08,Tue,MC-07,Blue,"Esplanade","Mahanayak Uttam Kumar (Tollygunge)",false,12:00 AM,17,19,1.12,Metro,2
2026-09-08,Tue,MC-07,Blue,"Esplanade","Mahanayak Uttam Kumar (Tollygunge)",false,10:00 AM,17,31,1.82,Metro,14
2026-09-08,Tue,MC-07,Blue,"Esplanade","Mahanayak Uttam Kumar (Tollygunge)",false,1:00 PM,23,32,1.39,Metro,9
2026-09-08,Tue,MC-07,Blue,"Esplanade","Mahanayak Uttam Kumar (Tollygunge)",false,7:00 PM,18,38,2.11,Metro,20
2026-09-08,Tue,MC-08,Blue,"Mahanayak Uttam Kumar (Tollygunge)","Kavi Subhash",false,12:00 AM,15,15,1.00,Tie,0
2026-09-08,Tue,MC-08,Blue,"Mahanayak Uttam Kumar (Tollygunge)","Kavi Subhash",false,10:00 AM,15,26,1.73,Metro,11
2026-09-08,Tue,MC-08,Blue,"Mahanayak Uttam Kumar (Tollygunge)","Kavi Subhash",false,1:00 PM,17,29,1.71,Metro,12
2026-09-08,Tue,MC-08,Blue,"Mahanayak Uttam Kumar (Tollygunge)","Kavi Subhash",false,7:00 PM,15,32,2.13,Metro,17
2026-09-08,Tue,MC-09,Blue,"Dum Dum","Esplanade",false,12:00 AM,16,25,1.56,Metro,9
2026-09-08,Tue,MC-09,Blue,"Dum Dum","Esplanade",false,10:00 AM,16,38,2.38,Metro,22
2026-09-08,Tue,MC-09,Blue,"Dum Dum","Esplanade",false,1:00 PM,16,47,2.94,Metro,31
2026-09-08,Tue,MC-09,Blue,"Dum Dum","Esplanade",false,7:00 PM,16,45,2.81,Metro,29
2026-09-08,Tue,MC-10,Green,"Howrah","Salt Lake Sector V",true,12:00 AM,30,29,0.97,Car,-1
2026-09-08,Tue,MC-10,Green,"Howrah","Salt Lake Sector V",true,10:00 AM,30,53,1.77,Metro,23
2026-09-08,Tue,MC-10,Green,"Howrah","Salt Lake Sector V",true,1:00 PM,30,52,1.73,Metro,22
2026-09-08,Tue,MC-10,Green,"Howrah","Salt Lake Sector V",true,7:00 PM,30,62,2.07,Metro,32
2026-09-08,Tue,MC-11,Green,"Sealdah","Salt Lake Sector V",false,12:00 AM,21,18,0.86,Car,-3
2026-09-08,Tue,MC-11,Green,"Sealdah","Salt Lake Sector V",false,10:00 AM,21,33,1.57,Metro,12
2026-09-08,Tue,MC-11,Green,"Sealdah","Salt Lake Sector V",false,1:00 PM,21,30,1.43,Metro,9
2026-09-08,Tue,MC-11,Green,"Sealdah","Salt Lake Sector V",false,7:00 PM,21,37,1.76,Metro,16
2026-09-08,Tue,MC-12,Green,"Howrah","Sealdah",false,12:00 AM,11,16,1.45,Metro,5
2026-09-08,Tue,MC-12,Green,"Howrah","Sealdah",false,10:00 AM,11,29,2.64,Metro,18
2026-09-08,Tue,MC-12,Green,"Howrah","Sealdah",false,1:00 PM,11,37,3.36,Metro,26
2026-09-08,Tue,MC-12,Green,"Howrah","Sealdah",false,7:00 PM,11,41,3.73,Metro,30
2026-09-08,Tue,MC-13,Green,"Phoolbagan","Salt Lake Sector V",false,12:00 AM,18,14,0.78,Car,-4
2026-09-08,Tue,MC-13,Green,"Phoolbagan","Salt Lake Sector V",false,10:00 AM,18,25,1.39,Metro,7
2026-09-08,Tue,MC-13,Green,"Phoolbagan","Salt Lake Sector V",false,1:00 PM,18,21,1.17,Metro,3
2026-09-08,Tue,MC-13,Green,"Phoolbagan","Salt Lake Sector V",false,7:00 PM,18,25,1.39,Metro,7
2026-09-08,Tue,MC-14,Green,"Howrah","Phoolbagan",false,12:00 AM,12,17,1.42,Metro,5
2026-09-08,Tue,MC-14,Green,"Howrah","Phoolbagan",false,10:00 AM,12,30,2.50,Metro,18
2026-09-08,Tue,MC-14,Green,"Howrah","Phoolbagan",false,1:00 PM,12,35,2.92,Metro,23
2026-09-08,Tue,MC-14,Green,"Howrah","Phoolbagan",false,7:00 PM,12,41,3.42,Metro,29
2026-09-08,Tue,MC-15,Green,"Esplanade","Salt Lake Sector V",false,12:00 AM,25,22,0.88,Car,-3
2026-09-08,Tue,MC-15,Green,"Esplanade","Salt Lake Sector V",false,10:00 AM,25,44,1.76,Metro,19
2026-09-08,Tue,MC-15,Green,"Esplanade","Salt Lake Sector V",false,1:00 PM,25,41,1.64,Metro,16
2026-09-08,Tue,MC-15,Green,"Esplanade","Salt Lake Sector V",false,7:00 PM,25,51,2.04,Metro,26
2026-09-08,Tue,MC-16,Orange,"Kavi Subhash","Beleghata",true,12:00 AM,28,19,0.68,Car,-9
2026-09-08,Tue,MC-16,Orange,"Kavi Subhash","Beleghata",true,10:00 AM,23,31,1.35,Metro,8
2026-09-08,Tue,MC-16,Orange,"Kavi Subhash","Beleghata",true,1:00 PM,28,28,1.00,Tie,0
2026-09-08,Tue,MC-16,Orange,"Kavi Subhash","Beleghata",true,7:00 PM,28,37,1.32,Metro,9
2026-09-08,Tue,MC-17,Orange,"Hemanta Mukhopadhyay","Beleghata",false,12:00 AM,12,8,0.67,Car,-4
2026-09-08,Tue,MC-17,Orange,"Hemanta Mukhopadhyay","Beleghata",false,10:00 AM,12,15,1.25,Metro,3
2026-09-08,Tue,MC-17,Orange,"Hemanta Mukhopadhyay","Beleghata",false,1:00 PM,12,13,1.08,Metro,1
2026-09-08,Tue,MC-17,Orange,"Hemanta Mukhopadhyay","Beleghata",false,7:00 PM,17,18,1.06,Metro,1
2026-09-08,Tue,MC-18,Orange,"Kavi Subhash","Science City",false,12:00 AM,23,18,0.78,Car,-5
2026-09-08,Tue,MC-18,Orange,"Kavi Subhash","Science City",false,10:00 AM,19,28,1.47,Metro,9
2026-09-08,Tue,MC-18,Orange,"Kavi Subhash","Science City",false,1:00 PM,23,24,1.04,Metro,1
2026-09-08,Tue,MC-18,Orange,"Kavi Subhash","Science City",false,7:00 PM,23,32,1.39,Metro,9
2026-09-08,Tue,MC-19,Purple,"Joka","Majerhat",true,12:00 AM,17,17,1.00,Tie,0
2026-09-08,Tue,MC-19,Purple,"Joka","Majerhat",true,10:00 AM,17,25,1.47,Metro,8
2026-09-08,Tue,MC-19,Purple,"Joka","Majerhat",true,1:00 PM,17,23,1.35,Metro,6
2026-09-08,Tue,MC-19,Purple,"Joka","Majerhat",true,7:00 PM,17,24,1.41,Metro,7
2026-09-08,Tue,MC-20,Purple,"Behala Chowrasta","Majerhat",false,12:00 AM,9,8,0.89,Car,-1
2026-09-08,Tue,MC-20,Purple,"Behala Chowrasta","Majerhat",false,10:00 AM,9,12,1.33,Metro,3
2026-09-08,Tue,MC-20,Purple,"Behala Chowrasta","Majerhat",false,7:00 PM,9,11,1.22,Metro,2
2026-09-08,Tue,MC-21,Purple,"Joka","Behala Chowrasta",false,12:00 AM,8,9,1.13,Metro,1
2026-09-08,Tue,MC-21,Purple,"Joka","Behala Chowrasta",false,10:00 AM,8,13,1.63,Metro,5
2026-09-08,Tue,MC-21,Purple,"Joka","Behala Chowrasta",false,7:00 PM,8,13,1.63,Metro,5
2026-09-08,Tue,MC-22,Purple,"Joka","Taratala",false,12:00 AM,14,15,1.07,Metro,1
2026-09-08,Tue,MC-22,Purple,"Joka","Taratala",false,10:00 AM,14,22,1.57,Metro,8
2026-09-08,Tue,MC-22,Purple,"Joka","Taratala",false,1:00 PM,14,20,1.43,Metro,6
2026-09-08,Tue,MC-22,Purple,"Joka","Taratala",false,7:00 PM,14,21,1.50,Metro,7
2026-09-08,Tue,MC-23,Purple,"Behala Chowrasta","Taratala",false,12:00 AM,6,6,1.00,Tie,0
2026-09-08,Tue,MC-23,Purple,"Behala Chowrasta","Taratala",false,10:00 AM,6,8,1.33,Metro,2
2026-09-08,Tue,MC-23,Purple,"Behala Chowrasta","Taratala",false,7:00 PM,6,9,1.50,Metro,3
2026-09-08,Tue,MC-24,Purple,"Taratala","Majerhat",false,12:00 AM,3,3,1.00,Tie,0
2026-09-08,Tue,MC-24,Purple,"Taratala","Majerhat",false,10:00 AM,3,3,1.00,Tie,0
2026-09-08,Tue,MC-24,Purple,"Taratala","Majerhat",false,7:00 PM,3,3,1.00,Tie,0
2026-09-09,Wed,MC-01,Blue,"Dakshineswar","Esplanade",true,12:00 AM,28,31,1.11,Metro,3
2026-09-09,Wed,MC-01,Blue,"Dakshineswar","Esplanade",true,10:00 AM,28,49,1.75,Metro,21
2026-09-09,Wed,MC-01,Blue,"Dakshineswar","Esplanade",true,1:00 PM,31,56,1.81,Metro,25
2026-09-09,Wed,MC-01,Blue,"Dakshineswar","Esplanade",true,7:00 PM,28,49,1.75,Metro,21
2026-09-09,Wed,MC-02,Blue,"Shahid Khudiram","Esplanade",true,12:00 AM,28,31,1.11,Metro,3
2026-09-09,Wed,MC-02,Blue,"Shahid Khudiram","Esplanade",true,10:00 AM,28,54,1.93,Metro,26
2026-09-09,Wed,MC-02,Blue,"Shahid Khudiram","Esplanade",true,1:00 PM,30,49,1.63,Metro,19
2026-09-09,Wed,MC-02,Blue,"Shahid Khudiram","Esplanade",true,7:00 PM,29,63,2.17,Metro,34
2026-09-09,Wed,MC-03,Blue,"Shyambazar","Dum Dum",false,12:00 AM,7,11,1.57,Metro,4
2026-09-09,Wed,MC-03,Blue,"Shyambazar","Dum Dum",false,10:00 AM,7,16,2.29,Metro,9
2026-09-09,Wed,MC-03,Blue,"Shyambazar","Dum Dum",false,7:00 PM,8,19,2.38,Metro,11
2026-09-09,Wed,MC-04,Blue,"Shyambazar","Esplanade",false,12:00 AM,11,16,1.45,Metro,5
2026-09-09,Wed,MC-04,Blue,"Shyambazar","Esplanade",false,10:00 AM,11,22,2.00,Metro,11
2026-09-09,Wed,MC-04,Blue,"Shyambazar","Esplanade",false,1:00 PM,11,31,2.82,Metro,20
2026-09-09,Wed,MC-04,Blue,"Shyambazar","Esplanade",false,7:00 PM,11,28,2.55,Metro,17
2026-09-09,Wed,MC-05,Blue,"Kalighat","Esplanade",false,12:00 AM,11,11,1.00,Tie,0
2026-09-09,Wed,MC-05,Blue,"Kalighat","Esplanade",false,10:00 AM,11,18,1.64,Metro,7
2026-09-09,Wed,MC-05,Blue,"Kalighat","Esplanade",false,1:00 PM,11,27,2.45,Metro,16
2026-09-09,Wed,MC-05,Blue,"Kalighat","Esplanade",false,7:00 PM,11,23,2.09,Metro,12
2026-09-09,Wed,MC-06,Blue,"Dakshineswar","Dum Dum",false,12:00 AM,12,18,1.50,Metro,6
2026-09-09,Wed,MC-06,Blue,"Dakshineswar","Dum Dum",false,10:00 AM,12,31,2.58,Metro,19
2026-09-09,Wed,MC-06,Blue,"Dakshineswar","Dum Dum",false,1:00 PM,15,28,1.87,Metro,13
2026-09-09,Wed,MC-06,Blue,"Dakshineswar","Dum Dum",false,7:00 PM,12,28,2.33,Metro,16
2026-09-09,Wed,MC-07,Blue,"Esplanade","Mahanayak Uttam Kumar (Tollygunge)",false,12:00 AM,17,18,1.06,Metro,1
2026-09-09,Wed,MC-07,Blue,"Esplanade","Mahanayak Uttam Kumar (Tollygunge)",false,10:00 AM,17,31,1.82,Metro,14
2026-09-09,Wed,MC-07,Blue,"Esplanade","Mahanayak Uttam Kumar (Tollygunge)",false,1:00 PM,23,31,1.35,Metro,8
2026-09-09,Wed,MC-07,Blue,"Esplanade","Mahanayak Uttam Kumar (Tollygunge)",false,7:00 PM,18,40,2.22,Metro,22
2026-09-09,Wed,MC-08,Blue,"Mahanayak Uttam Kumar (Tollygunge)","Kavi Subhash",false,12:00 AM,15,15,1.00,Tie,0
2026-09-09,Wed,MC-08,Blue,"Mahanayak Uttam Kumar (Tollygunge)","Kavi Subhash",false,10:00 AM,15,26,1.73,Metro,11
2026-09-09,Wed,MC-08,Blue,"Mahanayak Uttam Kumar (Tollygunge)","Kavi Subhash",false,1:00 PM,17,29,1.71,Metro,12
2026-09-09,Wed,MC-08,Blue,"Mahanayak Uttam Kumar (Tollygunge)","Kavi Subhash",false,7:00 PM,15,33,2.20,Metro,18
2026-09-09,Wed,MC-09,Blue,"Dum Dum","Esplanade",false,12:00 AM,16,25,1.56,Metro,9
2026-09-09,Wed,MC-09,Blue,"Dum Dum","Esplanade",false,10:00 AM,16,39,2.44,Metro,23
2026-09-09,Wed,MC-09,Blue,"Dum Dum","Esplanade",false,1:00 PM,16,49,3.06,Metro,33
2026-09-09,Wed,MC-09,Blue,"Dum Dum","Esplanade",false,7:00 PM,16,46,2.88,Metro,30
2026-09-09,Wed,MC-10,Green,"Howrah","Salt Lake Sector V",true,12:00 AM,30,29,0.97,Car,-1
2026-09-09,Wed,MC-10,Green,"Howrah","Salt Lake Sector V",true,10:00 AM,30,48,1.60,Metro,18
2026-09-09,Wed,MC-10,Green,"Howrah","Salt Lake Sector V",true,1:00 PM,30,51,1.70,Metro,21
2026-09-09,Wed,MC-10,Green,"Howrah","Salt Lake Sector V",true,7:00 PM,30,65,2.17,Metro,35
2026-09-09,Wed,MC-11,Green,"Sealdah","Salt Lake Sector V",false,12:00 AM,21,18,0.86,Car,-3
2026-09-09,Wed,MC-11,Green,"Sealdah","Salt Lake Sector V",false,10:00 AM,21,33,1.57,Metro,12
2026-09-09,Wed,MC-11,Green,"Sealdah","Salt Lake Sector V",false,1:00 PM,21,25,1.19,Metro,4
2026-09-09,Wed,MC-11,Green,"Sealdah","Salt Lake Sector V",false,7:00 PM,21,30,1.43,Metro,9
2026-09-09,Wed,MC-12,Green,"Howrah","Sealdah",false,12:00 AM,11,16,1.45,Metro,5
2026-09-09,Wed,MC-12,Green,"Howrah","Sealdah",false,10:00 AM,11,29,2.64,Metro,18
2026-09-09,Wed,MC-12,Green,"Howrah","Sealdah",false,1:00 PM,11,36,3.27,Metro,25
2026-09-09,Wed,MC-12,Green,"Howrah","Sealdah",false,7:00 PM,11,39,3.55,Metro,28
2026-09-09,Wed,MC-13,Green,"Phoolbagan","Salt Lake Sector V",false,12:00 AM,18,14,0.78,Car,-4
2026-09-09,Wed,MC-13,Green,"Phoolbagan","Salt Lake Sector V",false,10:00 AM,18,24,1.33,Metro,6
2026-09-09,Wed,MC-13,Green,"Phoolbagan","Salt Lake Sector V",false,1:00 PM,18,20,1.11,Metro,2
2026-09-09,Wed,MC-13,Green,"Phoolbagan","Salt Lake Sector V",false,7:00 PM,18,24,1.33,Metro,6
2026-09-09,Wed,MC-14,Green,"Howrah","Phoolbagan",false,12:00 AM,12,17,1.42,Metro,5
2026-09-09,Wed,MC-14,Green,"Howrah","Phoolbagan",false,10:00 AM,12,29,2.42,Metro,17
2026-09-09,Wed,MC-14,Green,"Howrah","Phoolbagan",false,1:00 PM,12,39,3.25,Metro,27
2026-09-09,Wed,MC-14,Green,"Howrah","Phoolbagan",false,7:00 PM,12,44,3.67,Metro,32
2026-09-09,Wed,MC-15,Green,"Esplanade","Salt Lake Sector V",false,12:00 AM,25,22,0.88,Car,-3
2026-09-09,Wed,MC-15,Green,"Esplanade","Salt Lake Sector V",false,10:00 AM,25,39,1.56,Metro,14
2026-09-09,Wed,MC-15,Green,"Esplanade","Salt Lake Sector V",false,1:00 PM,25,32,1.28,Metro,7
2026-09-09,Wed,MC-15,Green,"Esplanade","Salt Lake Sector V",false,7:00 PM,25,44,1.76,Metro,19
2026-09-09,Wed,MC-16,Orange,"Kavi Subhash","Beleghata",true,12:00 AM,28,19,0.68,Car,-9
2026-09-09,Wed,MC-16,Orange,"Kavi Subhash","Beleghata",true,10:00 AM,23,31,1.35,Metro,8
2026-09-09,Wed,MC-16,Orange,"Kavi Subhash","Beleghata",true,1:00 PM,28,24,0.86,Car,-4
2026-09-09,Wed,MC-16,Orange,"Kavi Subhash","Beleghata",true,7:00 PM,28,32,1.14,Metro,4
2026-09-09,Wed,MC-17,Orange,"Hemanta Mukhopadhyay","Beleghata",false,12:00 AM,12,8,0.67,Car,-4
2026-09-09,Wed,MC-17,Orange,"Hemanta Mukhopadhyay","Beleghata",false,10:00 AM,12,18,1.50,Metro,6
2026-09-09,Wed,MC-17,Orange,"Hemanta Mukhopadhyay","Beleghata",false,1:00 PM,12,11,0.92,Car,-1
2026-09-09,Wed,MC-17,Orange,"Hemanta Mukhopadhyay","Beleghata",false,7:00 PM,17,13,0.76,Car,-4
2026-09-09,Wed,MC-18,Orange,"Kavi Subhash","Science City",false,12:00 AM,19,18,0.95,Car,-1
2026-09-09,Wed,MC-18,Orange,"Kavi Subhash","Science City",false,10:00 AM,19,28,1.47,Metro,9
2026-09-09,Wed,MC-18,Orange,"Kavi Subhash","Science City",false,1:00 PM,23,24,1.04,Metro,1
2026-09-09,Wed,MC-18,Orange,"Kavi Subhash","Science City",false,7:00 PM,23,30,1.30,Metro,7
2026-09-09,Wed,MC-19,Purple,"Joka","Majerhat",true,12:00 AM,17,18,1.06,Metro,1
2026-09-09,Wed,MC-19,Purple,"Joka","Majerhat",true,10:00 AM,17,24,1.41,Metro,7
2026-09-09,Wed,MC-19,Purple,"Joka","Majerhat",true,1:00 PM,17,23,1.35,Metro,6
2026-09-09,Wed,MC-19,Purple,"Joka","Majerhat",true,7:00 PM,17,24,1.41,Metro,7
2026-09-09,Wed,MC-20,Purple,"Behala Chowrasta","Majerhat",false,12:00 AM,9,10,1.11,Metro,1
2026-09-09,Wed,MC-20,Purple,"Behala Chowrasta","Majerhat",false,10:00 AM,9,12,1.33,Metro,3
2026-09-09,Wed,MC-20,Purple,"Behala Chowrasta","Majerhat",false,7:00 PM,9,11,1.22,Metro,2
2026-09-09,Wed,MC-21,Purple,"Joka","Behala Chowrasta",false,12:00 AM,8,9,1.13,Metro,1
2026-09-09,Wed,MC-21,Purple,"Joka","Behala Chowrasta",false,10:00 AM,8,12,1.50,Metro,4
2026-09-09,Wed,MC-21,Purple,"Joka","Behala Chowrasta",false,7:00 PM,8,13,1.63,Metro,5
2026-09-09,Wed,MC-22,Purple,"Joka","Taratala",false,12:00 AM,14,15,1.07,Metro,1
2026-09-09,Wed,MC-22,Purple,"Joka","Taratala",false,10:00 AM,14,21,1.50,Metro,7
2026-09-09,Wed,MC-22,Purple,"Joka","Taratala",false,1:00 PM,14,21,1.50,Metro,7
2026-09-09,Wed,MC-22,Purple,"Joka","Taratala",false,7:00 PM,14,21,1.50,Metro,7
2026-09-09,Wed,MC-23,Purple,"Behala Chowrasta","Taratala",false,10:00 AM,6,8,1.33,Metro,2
2026-09-09,Wed,MC-23,Purple,"Behala Chowrasta","Taratala",false,7:00 PM,6,9,1.50,Metro,3
2026-09-09,Wed,MC-24,Purple,"Taratala","Majerhat",false,12:00 AM,3,4,1.33,Metro,1
2026-09-09,Wed,MC-24,Purple,"Taratala","Majerhat",false,10:00 AM,3,3,1.00,Tie,0
2026-09-09,Wed,MC-24,Purple,"Taratala","Majerhat",false,7:00 PM,3,3,1.00,Tie,0
2026-09-10,Thu,MC-01,Blue,"Dakshineswar","Esplanade",true,12:00 AM,31,31,1.00,Tie,0
2026-09-10,Thu,MC-01,Blue,"Dakshineswar","Esplanade",true,10:00 AM,28,47,1.68,Metro,19
2026-09-10,Thu,MC-01,Blue,"Dakshineswar","Esplanade",true,1:00 PM,31,55,1.77,Metro,24
2026-09-10,Thu,MC-01,Blue,"Dakshineswar","Esplanade",true,7:00 PM,28,48,1.71,Metro,20
2026-09-10,Thu,MC-02,Blue,"Shahid Khudiram","Esplanade",true,12:00 AM,30,31,1.03,Metro,1
2026-09-10,Thu,MC-02,Blue,"Shahid Khudiram","Esplanade",true,10:00 AM,28,50,1.79,Metro,22
2026-09-10,Thu,MC-02,Blue,"Shahid Khudiram","Esplanade",true,1:00 PM,30,48,1.60,Metro,18
2026-09-10,Thu,MC-02,Blue,"Shahid Khudiram","Esplanade",true,7:00 PM,29,52,1.79,Metro,23
2026-09-10,Thu,MC-03,Blue,"Shyambazar","Dum Dum",false,12:00 AM,7,12,1.71,Metro,5
2026-09-10,Thu,MC-03,Blue,"Shyambazar","Dum Dum",false,10:00 AM,7,16,2.29,Metro,9
2026-09-10,Thu,MC-03,Blue,"Shyambazar","Dum Dum",false,7:00 PM,8,19,2.38,Metro,11
2026-09-10,Thu,MC-04,Blue,"Shyambazar","Esplanade",false,12:00 AM,11,16,1.45,Metro,5
2026-09-10,Thu,MC-04,Blue,"Shyambazar","Esplanade",false,10:00 AM,11,21,1.91,Metro,10
2026-09-10,Thu,MC-04,Blue,"Shyambazar","Esplanade",false,1:00 PM,11,28,2.55,Metro,17
2026-09-10,Thu,MC-04,Blue,"Shyambazar","Esplanade",false,7:00 PM,11,25,2.27,Metro,14
2026-09-10,Thu,MC-05,Blue,"Kalighat","Esplanade",false,12:00 AM,11,12,1.09,Metro,1
2026-09-10,Thu,MC-05,Blue,"Kalighat","Esplanade",false,10:00 AM,11,18,1.64,Metro,7
2026-09-10,Thu,MC-05,Blue,"Kalighat","Esplanade",false,1:00 PM,11,24,2.18,Metro,13
2026-09-10,Thu,MC-05,Blue,"Kalighat","Esplanade",false,7:00 PM,11,23,2.09,Metro,12
2026-09-10,Thu,MC-06,Blue,"Dakshineswar","Dum Dum",false,12:00 AM,12,17,1.42,Metro,5
2026-09-10,Thu,MC-06,Blue,"Dakshineswar","Dum Dum",false,10:00 AM,12,28,2.33,Metro,16
2026-09-10,Thu,MC-06,Blue,"Dakshineswar","Dum Dum",false,1:00 PM,15,28,1.87,Metro,13
2026-09-10,Thu,MC-06,Blue,"Dakshineswar","Dum Dum",false,7:00 PM,12,27,2.25,Metro,15
2026-09-10,Thu,MC-07,Blue,"Esplanade","Mahanayak Uttam Kumar (Tollygunge)",false,12:00 AM,17,18,1.06,Metro,1
2026-09-10,Thu,MC-07,Blue,"Esplanade","Mahanayak Uttam Kumar (Tollygunge)",false,10:00 AM,17,30,1.76,Metro,13
2026-09-10,Thu,MC-07,Blue,"Esplanade","Mahanayak Uttam Kumar (Tollygunge)",false,1:00 PM,23,30,1.30,Metro,7
2026-09-10,Thu,MC-07,Blue,"Esplanade","Mahanayak Uttam Kumar (Tollygunge)",false,7:00 PM,18,36,2.00,Metro,18
2026-09-10,Thu,MC-08,Blue,"Mahanayak Uttam Kumar (Tollygunge)","Kavi Subhash",false,12:00 AM,15,15,1.00,Tie,0
2026-09-10,Thu,MC-08,Blue,"Mahanayak Uttam Kumar (Tollygunge)","Kavi Subhash",false,10:00 AM,15,26,1.73,Metro,11
2026-09-10,Thu,MC-08,Blue,"Mahanayak Uttam Kumar (Tollygunge)","Kavi Subhash",false,1:00 PM,17,27,1.59,Metro,10
2026-09-10,Thu,MC-08,Blue,"Mahanayak Uttam Kumar (Tollygunge)","Kavi Subhash",false,7:00 PM,15,32,2.13,Metro,17
2026-09-10,Thu,MC-09,Blue,"Dum Dum","Esplanade",false,12:00 AM,16,27,1.69,Metro,11
2026-09-10,Thu,MC-09,Blue,"Dum Dum","Esplanade",false,10:00 AM,16,37,2.31,Metro,21
2026-09-10,Thu,MC-09,Blue,"Dum Dum","Esplanade",false,1:00 PM,16,46,2.88,Metro,30
2026-09-10,Thu,MC-09,Blue,"Dum Dum","Esplanade",false,7:00 PM,16,46,2.88,Metro,30
2026-09-10,Thu,MC-10,Green,"Howrah","Salt Lake Sector V",true,12:00 AM,30,29,0.97,Car,-1
2026-09-10,Thu,MC-10,Green,"Howrah","Salt Lake Sector V",true,10:00 AM,30,50,1.67,Metro,20
2026-09-10,Thu,MC-10,Green,"Howrah","Salt Lake Sector V",true,1:00 PM,30,49,1.63,Metro,19
2026-09-10,Thu,MC-10,Green,"Howrah","Salt Lake Sector V",true,7:00 PM,30,62,2.07,Metro,32
2026-09-10,Thu,MC-11,Green,"Sealdah","Salt Lake Sector V",false,12:00 AM,21,18,0.86,Car,-3
2026-09-10,Thu,MC-11,Green,"Sealdah","Salt Lake Sector V",false,10:00 AM,21,31,1.48,Metro,10
2026-09-10,Thu,MC-11,Green,"Sealdah","Salt Lake Sector V",false,1:00 PM,21,27,1.29,Metro,6
2026-09-10,Thu,MC-11,Green,"Sealdah","Salt Lake Sector V",false,7:00 PM,21,32,1.52,Metro,11
2026-09-10,Thu,MC-12,Green,"Howrah","Sealdah",false,12:00 AM,11,16,1.45,Metro,5
2026-09-10,Thu,MC-12,Green,"Howrah","Sealdah",false,10:00 AM,11,28,2.55,Metro,17
2026-09-10,Thu,MC-12,Green,"Howrah","Sealdah",false,1:00 PM,11,33,3.00,Metro,22
2026-09-10,Thu,MC-12,Green,"Howrah","Sealdah",false,7:00 PM,11,38,3.45,Metro,27
2026-09-10,Thu,MC-13,Green,"Phoolbagan","Salt Lake Sector V",false,12:00 AM,18,14,0.78,Car,-4
2026-09-10,Thu,MC-13,Green,"Phoolbagan","Salt Lake Sector V",false,10:00 AM,18,22,1.22,Metro,4
2026-09-10,Thu,MC-13,Green,"Phoolbagan","Salt Lake Sector V",false,1:00 PM,18,21,1.17,Metro,3
2026-09-10,Thu,MC-13,Green,"Phoolbagan","Salt Lake Sector V",false,7:00 PM,18,26,1.44,Metro,8
2026-09-10,Thu,MC-14,Green,"Howrah","Phoolbagan",false,12:00 AM,12,17,1.42,Metro,5
2026-09-10,Thu,MC-14,Green,"Howrah","Phoolbagan",false,10:00 AM,12,29,2.42,Metro,17
2026-09-10,Thu,MC-14,Green,"Howrah","Phoolbagan",false,1:00 PM,12,32,2.67,Metro,20
2026-09-10,Thu,MC-14,Green,"Howrah","Phoolbagan",false,7:00 PM,12,42,3.50,Metro,30
2026-09-10,Thu,MC-15,Green,"Esplanade","Salt Lake Sector V",false,12:00 AM,25,23,0.92,Car,-2
2026-09-10,Thu,MC-15,Green,"Esplanade","Salt Lake Sector V",false,10:00 AM,25,39,1.56,Metro,14
2026-09-10,Thu,MC-15,Green,"Esplanade","Salt Lake Sector V",false,1:00 PM,25,32,1.28,Metro,7
2026-09-10,Thu,MC-15,Green,"Esplanade","Salt Lake Sector V",false,7:00 PM,25,41,1.64,Metro,16
2026-09-10,Thu,MC-16,Orange,"Kavi Subhash","Beleghata",true,12:00 AM,23,19,0.83,Car,-4
2026-09-10,Thu,MC-16,Orange,"Kavi Subhash","Beleghata",true,10:00 AM,23,27,1.17,Metro,4
2026-09-10,Thu,MC-16,Orange,"Kavi Subhash","Beleghata",true,1:00 PM,28,24,0.86,Car,-4
2026-09-10,Thu,MC-16,Orange,"Kavi Subhash","Beleghata",true,7:00 PM,28,29,1.04,Metro,1
2026-09-10,Thu,MC-17,Orange,"Hemanta Mukhopadhyay","Beleghata",false,12:00 AM,12,8,0.67,Car,-4
2026-09-10,Thu,MC-17,Orange,"Hemanta Mukhopadhyay","Beleghata",false,10:00 AM,12,13,1.08,Metro,1
2026-09-10,Thu,MC-17,Orange,"Hemanta Mukhopadhyay","Beleghata",false,1:00 PM,12,10,0.83,Car,-2
2026-09-10,Thu,MC-17,Orange,"Hemanta Mukhopadhyay","Beleghata",false,7:00 PM,17,13,0.76,Car,-4
2026-09-10,Thu,MC-18,Orange,"Kavi Subhash","Science City",false,12:00 AM,23,18,0.78,Car,-5
2026-09-10,Thu,MC-18,Orange,"Kavi Subhash","Science City",false,10:00 AM,19,24,1.26,Metro,5
2026-09-10,Thu,MC-18,Orange,"Kavi Subhash","Science City",false,1:00 PM,23,22,0.96,Car,-1
2026-09-10,Thu,MC-18,Orange,"Kavi Subhash","Science City",false,7:00 PM,23,26,1.13,Metro,3
2026-09-10,Thu,MC-19,Purple,"Joka","Majerhat",true,12:00 AM,17,18,1.06,Metro,1
2026-09-10,Thu,MC-19,Purple,"Joka","Majerhat",true,10:00 AM,17,24,1.41,Metro,7
2026-09-10,Thu,MC-19,Purple,"Joka","Majerhat",true,1:00 PM,17,23,1.35,Metro,6
2026-09-10,Thu,MC-19,Purple,"Joka","Majerhat",true,7:00 PM,17,24,1.41,Metro,7
2026-09-10,Thu,MC-20,Purple,"Behala Chowrasta","Majerhat",false,12:00 AM,9,9,1.00,Tie,0
2026-09-10,Thu,MC-20,Purple,"Behala Chowrasta","Majerhat",false,10:00 AM,9,11,1.22,Metro,2
2026-09-10,Thu,MC-20,Purple,"Behala Chowrasta","Majerhat",false,7:00 PM,9,10,1.11,Metro,1
2026-09-10,Thu,MC-21,Purple,"Joka","Behala Chowrasta",false,12:00 AM,8,9,1.13,Metro,1
2026-09-10,Thu,MC-21,Purple,"Joka","Behala Chowrasta",false,10:00 AM,8,13,1.63,Metro,5
2026-09-10,Thu,MC-21,Purple,"Joka","Behala Chowrasta",false,7:00 PM,8,13,1.63,Metro,5
2026-09-10,Thu,MC-22,Purple,"Joka","Taratala",false,12:00 AM,14,15,1.07,Metro,1
2026-09-10,Thu,MC-22,Purple,"Joka","Taratala",false,10:00 AM,14,21,1.50,Metro,7
2026-09-10,Thu,MC-22,Purple,"Joka","Taratala",false,1:00 PM,14,19,1.36,Metro,5
2026-09-10,Thu,MC-22,Purple,"Joka","Taratala",false,7:00 PM,14,21,1.50,Metro,7
2026-09-10,Thu,MC-23,Purple,"Behala Chowrasta","Taratala",false,12:00 AM,6,6,1.00,Tie,0
2026-09-10,Thu,MC-23,Purple,"Behala Chowrasta","Taratala",false,10:00 AM,6,8,1.33,Metro,2
2026-09-10,Thu,MC-23,Purple,"Behala Chowrasta","Taratala",false,7:00 PM,6,7,1.17,Metro,1
2026-09-10,Thu,MC-24,Purple,"Taratala","Majerhat",false,12:00 AM,3,3,1.00,Tie,0
2026-09-10,Thu,MC-24,Purple,"Taratala","Majerhat",false,10:00 AM,3,3,1.00,Tie,0
2026-09-10,Thu,MC-24,Purple,"Taratala","Majerhat",false,7:00 PM,3,3,1.00,Tie,0
2026-09-11,Fri,MC-01,Blue,"Dakshineswar","Esplanade",true,12:00 AM,28,30,1.07,Metro,2
2026-09-11,Fri,MC-01,Blue,"Dakshineswar","Esplanade",true,10:00 AM,28,49,1.75,Metro,21
2026-09-11,Fri,MC-01,Blue,"Dakshineswar","Esplanade",true,1:00 PM,31,52,1.68,Metro,21
2026-09-11,Fri,MC-01,Blue,"Dakshineswar","Esplanade",true,7:00 PM,28,51,1.82,Metro,23
2026-09-11,Fri,MC-02,Blue,"Shahid Khudiram","Esplanade",true,12:00 AM,28,31,1.11,Metro,3
2026-09-11,Fri,MC-02,Blue,"Shahid Khudiram","Esplanade",true,10:00 AM,28,51,1.82,Metro,23
2026-09-11,Fri,MC-02,Blue,"Shahid Khudiram","Esplanade",true,1:00 PM,30,51,1.70,Metro,21
2026-09-11,Fri,MC-02,Blue,"Shahid Khudiram","Esplanade",true,7:00 PM,29,64,2.21,Metro,35
2026-09-11,Fri,MC-03,Blue,"Shyambazar","Dum Dum",false,12:00 AM,7,11,1.57,Metro,4
2026-09-11,Fri,MC-03,Blue,"Shyambazar","Dum Dum",false,10:00 AM,7,16,2.29,Metro,9
2026-09-11,Fri,MC-03,Blue,"Shyambazar","Dum Dum",false,7:00 PM,8,18,2.25,Metro,10
2026-09-11,Fri,MC-04,Blue,"Shyambazar","Esplanade",false,12:00 AM,11,15,1.36,Metro,4
2026-09-11,Fri,MC-04,Blue,"Shyambazar","Esplanade",false,10:00 AM,11,23,2.09,Metro,12
2026-09-11,Fri,MC-04,Blue,"Shyambazar","Esplanade",false,1:00 PM,11,30,2.73,Metro,19
2026-09-11,Fri,MC-04,Blue,"Shyambazar","Esplanade",false,7:00 PM,11,33,3.00,Metro,22
2026-09-11,Fri,MC-05,Blue,"Kalighat","Esplanade",false,12:00 AM,11,11,1.00,Tie,0
2026-09-11,Fri,MC-05,Blue,"Kalighat","Esplanade",false,10:00 AM,11,17,1.55,Metro,6
2026-09-11,Fri,MC-05,Blue,"Kalighat","Esplanade",false,1:00 PM,11,24,2.18,Metro,13
2026-09-11,Fri,MC-05,Blue,"Kalighat","Esplanade",false,7:00 PM,11,23,2.09,Metro,12
2026-09-11,Fri,MC-06,Blue,"Dakshineswar","Dum Dum",false,12:00 AM,12,17,1.42,Metro,5
2026-09-11,Fri,MC-06,Blue,"Dakshineswar","Dum Dum",false,10:00 AM,12,30,2.50,Metro,18
2026-09-11,Fri,MC-06,Blue,"Dakshineswar","Dum Dum",false,1:00 PM,15,28,1.87,Metro,13
2026-09-11,Fri,MC-06,Blue,"Dakshineswar","Dum Dum",false,7:00 PM,12,31,2.58,Metro,19
2026-09-11,Fri,MC-07,Blue,"Esplanade","Mahanayak Uttam Kumar (Tollygunge)",false,12:00 AM,17,18,1.06,Metro,1
2026-09-11,Fri,MC-07,Blue,"Esplanade","Mahanayak Uttam Kumar (Tollygunge)",false,10:00 AM,17,30,1.76,Metro,13
2026-09-11,Fri,MC-07,Blue,"Esplanade","Mahanayak Uttam Kumar (Tollygunge)",false,1:00 PM,23,31,1.35,Metro,8
2026-09-11,Fri,MC-07,Blue,"Esplanade","Mahanayak Uttam Kumar (Tollygunge)",false,7:00 PM,18,38,2.11,Metro,20
2026-09-11,Fri,MC-08,Blue,"Mahanayak Uttam Kumar (Tollygunge)","Kavi Subhash",false,12:00 AM,15,16,1.07,Metro,1
2026-09-11,Fri,MC-08,Blue,"Mahanayak Uttam Kumar (Tollygunge)","Kavi Subhash",false,10:00 AM,15,25,1.67,Metro,10
2026-09-11,Fri,MC-08,Blue,"Mahanayak Uttam Kumar (Tollygunge)","Kavi Subhash",false,1:00 PM,17,27,1.59,Metro,10
2026-09-11,Fri,MC-08,Blue,"Mahanayak Uttam Kumar (Tollygunge)","Kavi Subhash",false,7:00 PM,15,33,2.20,Metro,18
2026-09-11,Fri,MC-09,Blue,"Dum Dum","Esplanade",false,12:00 AM,16,26,1.63,Metro,10
2026-09-11,Fri,MC-09,Blue,"Dum Dum","Esplanade",false,10:00 AM,16,39,2.44,Metro,23
2026-09-11,Fri,MC-09,Blue,"Dum Dum","Esplanade",false,1:00 PM,16,47,2.94,Metro,31
2026-09-11,Fri,MC-09,Blue,"Dum Dum","Esplanade",false,7:00 PM,16,47,2.94,Metro,31
2026-09-11,Fri,MC-10,Green,"Howrah","Salt Lake Sector V",true,12:00 AM,30,29,0.97,Car,-1
2026-09-11,Fri,MC-10,Green,"Howrah","Salt Lake Sector V",true,10:00 AM,30,50,1.67,Metro,20
2026-09-11,Fri,MC-10,Green,"Howrah","Salt Lake Sector V",true,1:00 PM,30,51,1.70,Metro,21
2026-09-11,Fri,MC-10,Green,"Howrah","Salt Lake Sector V",true,7:00 PM,30,64,2.13,Metro,34
2026-09-11,Fri,MC-11,Green,"Sealdah","Salt Lake Sector V",false,12:00 AM,21,17,0.81,Car,-4
2026-09-11,Fri,MC-11,Green,"Sealdah","Salt Lake Sector V",false,10:00 AM,21,32,1.52,Metro,11
2026-09-11,Fri,MC-11,Green,"Sealdah","Salt Lake Sector V",false,1:00 PM,21,28,1.33,Metro,7
2026-09-11,Fri,MC-11,Green,"Sealdah","Salt Lake Sector V",false,7:00 PM,21,31,1.48,Metro,10
2026-09-11,Fri,MC-12,Green,"Howrah","Sealdah",false,12:00 AM,11,16,1.45,Metro,5
2026-09-11,Fri,MC-12,Green,"Howrah","Sealdah",false,10:00 AM,11,28,2.55,Metro,17
2026-09-11,Fri,MC-12,Green,"Howrah","Sealdah",false,1:00 PM,11,34,3.09,Metro,23
2026-09-11,Fri,MC-12,Green,"Howrah","Sealdah",false,7:00 PM,11,48,4.36,Metro,37
2026-09-11,Fri,MC-13,Green,"Phoolbagan","Salt Lake Sector V",false,12:00 AM,18,14,0.78,Car,-4
2026-09-11,Fri,MC-13,Green,"Phoolbagan","Salt Lake Sector V",false,10:00 AM,18,24,1.33,Metro,6
2026-09-11,Fri,MC-13,Green,"Phoolbagan","Salt Lake Sector V",false,1:00 PM,18,21,1.17,Metro,3
2026-09-11,Fri,MC-13,Green,"Phoolbagan","Salt Lake Sector V",false,7:00 PM,18,26,1.44,Metro,8
2026-09-11,Fri,MC-14,Green,"Howrah","Phoolbagan",false,12:00 AM,12,17,1.42,Metro,5
2026-09-11,Fri,MC-14,Green,"Howrah","Phoolbagan",false,10:00 AM,12,30,2.50,Metro,18
2026-09-11,Fri,MC-14,Green,"Howrah","Phoolbagan",false,1:00 PM,12,34,2.83,Metro,22
2026-09-11,Fri,MC-14,Green,"Howrah","Phoolbagan",false,7:00 PM,12,52,4.33,Metro,40
2026-09-11,Fri,MC-15,Green,"Esplanade","Salt Lake Sector V",false,12:00 AM,25,24,0.96,Car,-1
2026-09-11,Fri,MC-15,Green,"Esplanade","Salt Lake Sector V",false,10:00 AM,25,40,1.60,Metro,15
2026-09-11,Fri,MC-15,Green,"Esplanade","Salt Lake Sector V",false,1:00 PM,25,36,1.44,Metro,11
2026-09-11,Fri,MC-15,Green,"Esplanade","Salt Lake Sector V",false,7:00 PM,25,40,1.60,Metro,15
2026-09-11,Fri,MC-16,Orange,"Kavi Subhash","Beleghata",true,12:00 AM,28,19,0.68,Car,-9
2026-09-11,Fri,MC-16,Orange,"Kavi Subhash","Beleghata",true,10:00 AM,23,30,1.30,Metro,7
2026-09-11,Fri,MC-16,Orange,"Kavi Subhash","Beleghata",true,1:00 PM,28,25,0.89,Car,-3
2026-09-11,Fri,MC-16,Orange,"Kavi Subhash","Beleghata",true,7:00 PM,28,34,1.21,Metro,6
2026-09-11,Fri,MC-17,Orange,"Hemanta Mukhopadhyay","Beleghata",false,12:00 AM,12,8,0.67,Car,-4
2026-09-11,Fri,MC-17,Orange,"Hemanta Mukhopadhyay","Beleghata",false,10:00 AM,12,14,1.17,Metro,2
2026-09-11,Fri,MC-17,Orange,"Hemanta Mukhopadhyay","Beleghata",false,1:00 PM,12,11,0.92,Car,-1
2026-09-11,Fri,MC-17,Orange,"Hemanta Mukhopadhyay","Beleghata",false,7:00 PM,17,13,0.76,Car,-4
2026-09-11,Fri,MC-18,Orange,"Kavi Subhash","Science City",false,12:00 AM,19,18,0.95,Car,-1
2026-09-11,Fri,MC-18,Orange,"Kavi Subhash","Science City",false,10:00 AM,19,26,1.37,Metro,7
2026-09-11,Fri,MC-18,Orange,"Kavi Subhash","Science City",false,1:00 PM,23,24,1.04,Metro,1
2026-09-11,Fri,MC-18,Orange,"Kavi Subhash","Science City",false,7:00 PM,23,31,1.35,Metro,8
2026-09-11,Fri,MC-19,Purple,"Joka","Majerhat",true,12:00 AM,17,17,1.00,Tie,0
2026-09-11,Fri,MC-19,Purple,"Joka","Majerhat",true,10:00 AM,17,24,1.41,Metro,7
2026-09-11,Fri,MC-19,Purple,"Joka","Majerhat",true,1:00 PM,17,24,1.41,Metro,7
2026-09-11,Fri,MC-19,Purple,"Joka","Majerhat",true,7:00 PM,17,28,1.65,Metro,11
2026-09-11,Fri,MC-20,Purple,"Behala Chowrasta","Majerhat",false,12:00 AM,9,9,1.00,Tie,0
2026-09-11,Fri,MC-20,Purple,"Behala Chowrasta","Majerhat",false,10:00 AM,9,12,1.33,Metro,3
2026-09-11,Fri,MC-20,Purple,"Behala Chowrasta","Majerhat",false,7:00 PM,9,16,1.78,Metro,7
2026-09-11,Fri,MC-21,Purple,"Joka","Behala Chowrasta",false,12:00 AM,8,8,1.00,Tie,0
2026-09-11,Fri,MC-21,Purple,"Joka","Behala Chowrasta",false,10:00 AM,8,12,1.50,Metro,4
2026-09-11,Fri,MC-21,Purple,"Joka","Behala Chowrasta",false,7:00 PM,8,12,1.50,Metro,4
2026-09-11,Fri,MC-22,Purple,"Joka","Taratala",false,12:00 AM,14,14,1.00,Tie,0
2026-09-11,Fri,MC-22,Purple,"Joka","Taratala",false,10:00 AM,14,21,1.50,Metro,7
2026-09-11,Fri,MC-22,Purple,"Joka","Taratala",false,1:00 PM,14,22,1.57,Metro,8
2026-09-11,Fri,MC-22,Purple,"Joka","Taratala",false,7:00 PM,14,21,1.50,Metro,7
2026-09-11,Fri,MC-23,Purple,"Behala Chowrasta","Taratala",false,10:00 AM,6,8,1.33,Metro,2
2026-09-11,Fri,MC-23,Purple,"Behala Chowrasta","Taratala",false,7:00 PM,6,9,1.50,Metro,3
2026-09-11,Fri,MC-24,Purple,"Taratala","Majerhat",false,12:00 AM,3,3,1.00,Tie,0
2026-09-11,Fri,MC-24,Purple,"Taratala","Majerhat",false,10:00 AM,3,4,1.33,Metro,1
2026-09-11,Fri,MC-24,Purple,"Taratala","Majerhat",false,7:00 PM,3,7,2.33,Metro,4
2026-09-12,Sat,MC-01,Blue,"Dakshineswar","Esplanade",true,12:00 AM,28,32,1.14,Metro,4
2026-09-12,Sat,MC-01,Blue,"Dakshineswar","Esplanade",true,10:00 AM,28,40,1.43,Metro,12
2026-09-12,Sat,MC-01,Blue,"Dakshineswar","Esplanade",true,1:00 PM,31,54,1.74,Metro,23
2026-09-12,Sat,MC-01,Blue,"Dakshineswar","Esplanade",true,7:00 PM,28,55,1.96,Metro,27
2026-09-12,Sat,MC-02,Blue,"Shahid Khudiram","Esplanade",true,12:00 AM,28,32,1.14,Metro,4
2026-09-12,Sat,MC-02,Blue,"Shahid Khudiram","Esplanade",true,10:00 AM,28,36,1.29,Metro,8
2026-09-12,Sat,MC-02,Blue,"Shahid Khudiram","Esplanade",true,1:00 PM,30,44,1.47,Metro,14
2026-09-12,Sat,MC-02,Blue,"Shahid Khudiram","Esplanade",true,7:00 PM,29,49,1.69,Metro,20
2026-09-12,Sat,MC-03,Blue,"Shyambazar","Dum Dum",false,12:00 AM,7,11,1.57,Metro,4
2026-09-12,Sat,MC-03,Blue,"Shyambazar","Dum Dum",false,10:00 AM,7,15,2.14,Metro,8
2026-09-12,Sat,MC-03,Blue,"Shyambazar","Dum Dum",false,7:00 PM,8,19,2.38,Metro,11
2026-09-12,Sat,MC-04,Blue,"Shyambazar","Esplanade",false,12:00 AM,11,16,1.45,Metro,5
2026-09-12,Sat,MC-04,Blue,"Shyambazar","Esplanade",false,10:00 AM,11,19,1.73,Metro,8
2026-09-12,Sat,MC-04,Blue,"Shyambazar","Esplanade",false,1:00 PM,11,28,2.55,Metro,17
2026-09-12,Sat,MC-04,Blue,"Shyambazar","Esplanade",false,7:00 PM,11,35,3.18,Metro,24
2026-09-12,Sat,MC-05,Blue,"Kalighat","Esplanade",false,12:00 AM,11,12,1.09,Metro,1
2026-09-12,Sat,MC-05,Blue,"Kalighat","Esplanade",false,10:00 AM,11,15,1.36,Metro,4
2026-09-12,Sat,MC-05,Blue,"Kalighat","Esplanade",false,1:00 PM,11,22,2.00,Metro,11
2026-09-12,Sat,MC-05,Blue,"Kalighat","Esplanade",false,7:00 PM,11,23,2.09,Metro,12
2026-09-12,Sat,MC-06,Blue,"Dakshineswar","Dum Dum",false,12:00 AM,12,18,1.50,Metro,6
2026-09-12,Sat,MC-06,Blue,"Dakshineswar","Dum Dum",false,10:00 AM,12,26,2.17,Metro,14
2026-09-12,Sat,MC-06,Blue,"Dakshineswar","Dum Dum",false,7:00 PM,12,28,2.33,Metro,16
2026-09-12,Sat,MC-07,Blue,"Esplanade","Mahanayak Uttam Kumar (Tollygunge)",false,12:00 AM,17,19,1.12,Metro,2
2026-09-12,Sat,MC-07,Blue,"Esplanade","Mahanayak Uttam Kumar (Tollygunge)",false,10:00 AM,17,26,1.53,Metro,9
2026-09-12,Sat,MC-07,Blue,"Esplanade","Mahanayak Uttam Kumar (Tollygunge)",false,1:00 PM,23,32,1.39,Metro,9
2026-09-12,Sat,MC-07,Blue,"Esplanade","Mahanayak Uttam Kumar (Tollygunge)",false,7:00 PM,18,35,1.94,Metro,17
2026-09-12,Sat,MC-08,Blue,"Mahanayak Uttam Kumar (Tollygunge)","Kavi Subhash",false,12:00 AM,15,15,1.00,Tie,0
2026-09-12,Sat,MC-08,Blue,"Mahanayak Uttam Kumar (Tollygunge)","Kavi Subhash",false,10:00 AM,15,24,1.60,Metro,9
2026-09-12,Sat,MC-08,Blue,"Mahanayak Uttam Kumar (Tollygunge)","Kavi Subhash",false,1:00 PM,17,28,1.65,Metro,11
2026-09-12,Sat,MC-08,Blue,"Mahanayak Uttam Kumar (Tollygunge)","Kavi Subhash",false,7:00 PM,15,33,2.20,Metro,18
2026-09-12,Sat,MC-09,Blue,"Dum Dum","Esplanade",false,12:00 AM,16,26,1.63,Metro,10
2026-09-12,Sat,MC-09,Blue,"Dum Dum","Esplanade",false,10:00 AM,16,33,2.06,Metro,17
2026-09-12,Sat,MC-09,Blue,"Dum Dum","Esplanade",false,1:00 PM,16,44,2.75,Metro,28
2026-09-12,Sat,MC-09,Blue,"Dum Dum","Esplanade",false,7:00 PM,16,50,3.13,Metro,34
2026-09-12,Sat,MC-10,Green,"Howrah","Salt Lake Sector V",true,12:00 AM,30,29,0.97,Car,-1
2026-09-12,Sat,MC-10,Green,"Howrah","Salt Lake Sector V",true,10:00 AM,30,42,1.40,Metro,12
2026-09-12,Sat,MC-10,Green,"Howrah","Salt Lake Sector V",true,1:00 PM,30,53,1.77,Metro,23
2026-09-12,Sat,MC-10,Green,"Howrah","Salt Lake Sector V",true,7:00 PM,30,54,1.80,Metro,24
2026-09-12,Sat,MC-11,Green,"Sealdah","Salt Lake Sector V",false,12:00 AM,21,18,0.86,Car,-3
2026-09-12,Sat,MC-11,Green,"Sealdah","Salt Lake Sector V",false,10:00 AM,22,25,1.14,Metro,3
2026-09-12,Sat,MC-11,Green,"Sealdah","Salt Lake Sector V",false,1:00 PM,22,26,1.18,Metro,4
2026-09-12,Sat,MC-11,Green,"Sealdah","Salt Lake Sector V",false,7:00 PM,22,28,1.27,Metro,6
2026-09-12,Sat,MC-12,Green,"Howrah","Sealdah",false,12:00 AM,11,16,1.45,Metro,5
2026-09-12,Sat,MC-12,Green,"Howrah","Sealdah",false,10:00 AM,10,25,2.50,Metro,15
2026-09-12,Sat,MC-12,Green,"Howrah","Sealdah",false,1:00 PM,10,39,3.90,Metro,29
2026-09-12,Sat,MC-12,Green,"Howrah","Sealdah",false,7:00 PM,10,42,4.20,Metro,32
2026-09-12,Sat,MC-13,Green,"Phoolbagan","Salt Lake Sector V",false,12:00 AM,18,14,0.78,Car,-4
2026-09-12,Sat,MC-13,Green,"Phoolbagan","Salt Lake Sector V",false,10:00 AM,19,19,1.00,Tie,0
2026-09-12,Sat,MC-13,Green,"Phoolbagan","Salt Lake Sector V",false,1:00 PM,19,20,1.05,Metro,1
2026-09-12,Sat,MC-13,Green,"Phoolbagan","Salt Lake Sector V",false,7:00 PM,19,22,1.16,Metro,3
2026-09-12,Sat,MC-14,Green,"Howrah","Phoolbagan",false,12:00 AM,12,17,1.42,Metro,5
2026-09-12,Sat,MC-14,Green,"Howrah","Phoolbagan",false,10:00 AM,11,28,2.55,Metro,17
2026-09-12,Sat,MC-14,Green,"Howrah","Phoolbagan",false,1:00 PM,11,40,3.64,Metro,29
2026-09-12,Sat,MC-14,Green,"Howrah","Phoolbagan",false,7:00 PM,11,46,4.18,Metro,35
2026-09-12,Sat,MC-15,Green,"Esplanade","Salt Lake Sector V",false,12:00 AM,25,24,0.96,Car,-1
2026-09-12,Sat,MC-15,Green,"Esplanade","Salt Lake Sector V",false,10:00 AM,25,27,1.08,Metro,2
2026-09-12,Sat,MC-15,Green,"Esplanade","Salt Lake Sector V",false,1:00 PM,25,31,1.24,Metro,6
2026-09-12,Sat,MC-15,Green,"Esplanade","Salt Lake Sector V",false,7:00 PM,25,34,1.36,Metro,9
2026-09-12,Sat,MC-16,Orange,"Kavi Subhash","Beleghata",true,12:00 AM,23,20,0.87,Car,-3
2026-09-12,Sat,MC-17,Orange,"Hemanta Mukhopadhyay","Beleghata",false,12:00 AM,12,8,0.67,Car,-4
2026-09-12,Sat,MC-18,Orange,"Kavi Subhash","Science City",false,12:00 AM,19,19,1.00,Tie,0
2026-09-12,Sat,MC-19,Purple,"Joka","Majerhat",true,12:00 AM,17,18,1.06,Metro,1
2026-09-12,Sat,MC-19,Purple,"Joka","Majerhat",true,1:00 PM,19,27,1.42,Metro,8
2026-09-12,Sat,MC-20,Purple,"Behala Chowrasta","Majerhat",false,12:00 AM,9,9,1.00,Tie,0
2026-09-12,Sat,MC-21,Purple,"Joka","Behala Chowrasta",false,12:00 AM,8,9,1.13,Metro,1
2026-09-12,Sat,MC-22,Purple,"Joka","Taratala",false,12:00 AM,14,15,1.07,Metro,1
2026-09-12,Sat,MC-22,Purple,"Joka","Taratala",false,1:00 PM,14,24,1.71,Metro,10
2026-09-12,Sat,MC-23,Purple,"Behala Chowrasta","Taratala",false,12:00 AM,6,6,1.00,Tie,0
2026-09-12,Sat,MC-24,Purple,"Taratala","Majerhat",false,12:00 AM,3,3,1.00,Tie,0
2026-09-13,Sun,MC-01,Blue,"Dakshineswar","Esplanade",true,12:00 AM,31,32,1.03,Metro,1
2026-09-13,Sun,MC-01,Blue,"Dakshineswar","Esplanade",true,10:00 AM,28,33,1.18,Metro,5
2026-09-13,Sun,MC-01,Blue,"Dakshineswar","Esplanade",true,1:00 PM,28,39,1.39,Metro,11
2026-09-13,Sun,MC-01,Blue,"Dakshineswar","Esplanade",true,7:00 PM,31,44,1.42,Metro,13
2026-09-13,Sun,MC-02,Blue,"Shahid Khudiram","Esplanade",true,12:00 AM,28,32,1.14,Metro,4
2026-09-13,Sun,MC-02,Blue,"Shahid Khudiram","Esplanade",true,10:00 AM,28,31,1.11,Metro,3
2026-09-13,Sun,MC-02,Blue,"Shahid Khudiram","Esplanade",true,1:00 PM,30,34,1.13,Metro,4
2026-09-13,Sun,MC-02,Blue,"Shahid Khudiram","Esplanade",true,7:00 PM,30,40,1.33,Metro,10
2026-09-13,Sun,MC-03,Blue,"Shyambazar","Dum Dum",false,10:00 AM,7,15,2.14,Metro,8
2026-09-13,Sun,MC-03,Blue,"Shyambazar","Dum Dum",false,7:00 PM,15,15,1.00,Tie,0
2026-09-13,Sun,MC-04,Blue,"Shyambazar","Esplanade",false,12:00 AM,11,15,1.36,Metro,4
2026-09-13,Sun,MC-04,Blue,"Shyambazar","Esplanade",false,10:00 AM,11,15,1.36,Metro,4
2026-09-13,Sun,MC-04,Blue,"Shyambazar","Esplanade",false,1:00 PM,11,17,1.55,Metro,6
2026-09-13,Sun,MC-04,Blue,"Shyambazar","Esplanade",false,7:00 PM,11,22,2.00,Metro,11
2026-09-13,Sun,MC-05,Blue,"Kalighat","Esplanade",false,12:00 AM,11,12,1.09,Metro,1
2026-09-13,Sun,MC-05,Blue,"Kalighat","Esplanade",false,10:00 AM,11,14,1.27,Metro,3
2026-09-13,Sun,MC-05,Blue,"Kalighat","Esplanade",false,1:00 PM,11,17,1.55,Metro,6
2026-09-13,Sun,MC-05,Blue,"Kalighat","Esplanade",false,7:00 PM,11,19,1.73,Metro,8
2026-09-13,Sun,MC-06,Blue,"Dakshineswar","Dum Dum",false,12:00 AM,12,18,1.50,Metro,6
2026-09-13,Sun,MC-06,Blue,"Dakshineswar","Dum Dum",false,10:00 AM,12,23,1.92,Metro,11
2026-09-13,Sun,MC-07,Blue,"Esplanade","Mahanayak Uttam Kumar (Tollygunge)",false,12:00 AM,17,19,1.12,Metro,2
2026-09-13,Sun,MC-07,Blue,"Esplanade","Mahanayak Uttam Kumar (Tollygunge)",false,10:00 AM,17,23,1.35,Metro,6
2026-09-13,Sun,MC-07,Blue,"Esplanade","Mahanayak Uttam Kumar (Tollygunge)",false,1:00 PM,17,26,1.53,Metro,9
2026-09-13,Sun,MC-07,Blue,"Esplanade","Mahanayak Uttam Kumar (Tollygunge)",false,7:00 PM,23,32,1.39,Metro,9
2026-09-13,Sun,MC-08,Blue,"Mahanayak Uttam Kumar (Tollygunge)","Kavi Subhash",false,12:00 AM,15,16,1.07,Metro,1
2026-09-13,Sun,MC-08,Blue,"Mahanayak Uttam Kumar (Tollygunge)","Kavi Subhash",false,10:00 AM,14,22,1.57,Metro,8
2026-09-13,Sun,MC-08,Blue,"Mahanayak Uttam Kumar (Tollygunge)","Kavi Subhash",false,1:00 PM,17,25,1.47,Metro,8
2026-09-13,Sun,MC-08,Blue,"Mahanayak Uttam Kumar (Tollygunge)","Kavi Subhash",false,7:00 PM,17,33,1.94,Metro,16
2026-09-13,Sun,MC-09,Blue,"Dum Dum","Esplanade",false,12:00 AM,16,26,1.63,Metro,10
2026-09-13,Sun,MC-09,Blue,"Dum Dum","Esplanade",false,10:00 AM,16,29,1.81,Metro,13
2026-09-13,Sun,MC-09,Blue,"Dum Dum","Esplanade",false,1:00 PM,16,34,2.13,Metro,18
2026-09-13,Sun,MC-09,Blue,"Dum Dum","Esplanade",false,7:00 PM,16,37,2.31,Metro,21
2026-09-13,Sun,MC-10,Green,"Howrah","Salt Lake Sector V",true,12:00 AM,30,29,0.97,Car,-1
2026-09-13,Sun,MC-10,Green,"Howrah","Salt Lake Sector V",true,10:00 AM,30,39,1.30,Metro,9
2026-09-13,Sun,MC-10,Green,"Howrah","Salt Lake Sector V",true,1:00 PM,30,39,1.30,Metro,9
2026-09-13,Sun,MC-10,Green,"Howrah","Salt Lake Sector V",true,7:00 PM,30,45,1.50,Metro,15
2026-09-13,Sun,MC-11,Green,"Sealdah","Salt Lake Sector V",false,12:00 AM,22,18,0.82,Car,-4
2026-09-13,Sun,MC-11,Green,"Sealdah","Salt Lake Sector V",false,10:00 AM,22,22,1.00,Tie,0
2026-09-13,Sun,MC-11,Green,"Sealdah","Salt Lake Sector V",false,1:00 PM,22,24,1.09,Metro,2
2026-09-13,Sun,MC-11,Green,"Sealdah","Salt Lake Sector V",false,7:00 PM,22,25,1.14,Metro,3
2026-09-13,Sun,MC-12,Green,"Howrah","Sealdah",false,12:00 AM,10,16,1.60,Metro,6
2026-09-13,Sun,MC-12,Green,"Howrah","Sealdah",false,10:00 AM,10,21,2.10,Metro,11
2026-09-13,Sun,MC-12,Green,"Howrah","Sealdah",false,1:00 PM,10,23,2.30,Metro,13
2026-09-13,Sun,MC-12,Green,"Howrah","Sealdah",false,7:00 PM,10,23,2.30,Metro,13
2026-09-13,Sun,MC-13,Green,"Phoolbagan","Salt Lake Sector V",false,12:00 AM,19,14,0.74,Car,-5
2026-09-13,Sun,MC-13,Green,"Phoolbagan","Salt Lake Sector V",false,10:00 AM,19,17,0.89,Car,-2
2026-09-13,Sun,MC-13,Green,"Phoolbagan","Salt Lake Sector V",false,1:00 PM,19,18,0.95,Car,-1
2026-09-13,Sun,MC-13,Green,"Phoolbagan","Salt Lake Sector V",false,7:00 PM,19,21,1.11,Metro,2
2026-09-13,Sun,MC-14,Green,"Howrah","Phoolbagan",false,12:00 AM,11,17,1.55,Metro,6
2026-09-13,Sun,MC-14,Green,"Howrah","Phoolbagan",false,10:00 AM,11,25,2.27,Metro,14
2026-09-13,Sun,MC-14,Green,"Howrah","Phoolbagan",false,1:00 PM,11,24,2.18,Metro,13
2026-09-13,Sun,MC-14,Green,"Howrah","Phoolbagan",false,7:00 PM,11,28,2.55,Metro,17
2026-09-13,Sun,MC-15,Green,"Esplanade","Salt Lake Sector V",false,12:00 AM,25,24,0.96,Car,-1
2026-09-13,Sun,MC-15,Green,"Esplanade","Salt Lake Sector V",false,10:00 AM,25,24,0.96,Car,-1
2026-09-13,Sun,MC-15,Green,"Esplanade","Salt Lake Sector V",false,1:00 PM,25,26,1.04,Metro,1
2026-09-13,Sun,MC-15,Green,"Esplanade","Salt Lake Sector V",false,7:00 PM,25,34,1.36,Metro,9
2026-09-13,Sun,MC-19,Purple,"Joka","Majerhat",true,12:00 AM,19,17,0.89,Car,-2
2026-09-13,Sun,MC-20,Purple,"Behala Chowrasta","Majerhat",false,12:00 AM,11,9,0.82,Car,-2
2026-09-13,Sun,MC-21,Purple,"Joka","Behala Chowrasta",false,12:00 AM,8,9,1.13,Metro,1
2026-09-13,Sun,MC-22,Purple,"Joka","Taratala",false,12:00 AM,14,15,1.07,Metro,1
2026-09-14,Mon,MC-01,Blue,"Dakshineswar","Esplanade",true,12:00 AM,28,32,1.14,Metro,4
2026-09-14,Mon,MC-01,Blue,"Dakshineswar","Esplanade",true,10:00 AM,28,51,1.82,Metro,23
2026-09-14,Mon,MC-01,Blue,"Dakshineswar","Esplanade",true,1:00 PM,31,58,1.87,Metro,27
2026-09-14,Mon,MC-01,Blue,"Dakshineswar","Esplanade",true,7:00 PM,28,52,1.86,Metro,24
2026-09-14,Mon,MC-02,Blue,"Shahid Khudiram","Esplanade",true,12:00 AM,28,31,1.11,Metro,3
2026-09-14,Mon,MC-02,Blue,"Shahid Khudiram","Esplanade",true,10:00 AM,28,50,1.79,Metro,22
2026-09-14,Mon,MC-02,Blue,"Shahid Khudiram","Esplanade",true,1:00 PM,30,44,1.47,Metro,14
2026-09-14,Mon,MC-02,Blue,"Shahid Khudiram","Esplanade",true,7:00 PM,29,53,1.83,Metro,24
2026-09-14,Mon,MC-03,Blue,"Shyambazar","Dum Dum",false,12:00 AM,7,11,1.57,Metro,4
2026-09-14,Mon,MC-03,Blue,"Shyambazar","Dum Dum",false,10:00 AM,7,16,2.29,Metro,9
2026-09-14,Mon,MC-03,Blue,"Shyambazar","Dum Dum",false,7:00 PM,8,17,2.13,Metro,9
2026-09-14,Mon,MC-04,Blue,"Shyambazar","Esplanade",false,12:00 AM,11,15,1.36,Metro,4
2026-09-14,Mon,MC-04,Blue,"Shyambazar","Esplanade",false,10:00 AM,11,21,1.91,Metro,10
2026-09-14,Mon,MC-04,Blue,"Shyambazar","Esplanade",false,1:00 PM,11,31,2.82,Metro,20
2026-09-14,Mon,MC-04,Blue,"Shyambazar","Esplanade",false,7:00 PM,11,30,2.73,Metro,19
2026-09-14,Mon,MC-05,Blue,"Kalighat","Esplanade",false,12:00 AM,11,11,1.00,Tie,0
2026-09-14,Mon,MC-05,Blue,"Kalighat","Esplanade",false,10:00 AM,11,18,1.64,Metro,7
2026-09-14,Mon,MC-05,Blue,"Kalighat","Esplanade",false,1:00 PM,11,22,2.00,Metro,11
2026-09-14,Mon,MC-05,Blue,"Kalighat","Esplanade",false,7:00 PM,11,20,1.82,Metro,9
2026-09-14,Mon,MC-06,Blue,"Dakshineswar","Dum Dum",false,12:00 AM,12,20,1.67,Metro,8
2026-09-14,Mon,MC-06,Blue,"Dakshineswar","Dum Dum",false,10:00 AM,12,33,2.75,Metro,21
2026-09-14,Mon,MC-06,Blue,"Dakshineswar","Dum Dum",false,1:00 PM,15,33,2.20,Metro,18
2026-09-14,Mon,MC-06,Blue,"Dakshineswar","Dum Dum",false,7:00 PM,12,28,2.33,Metro,16
2026-09-14,Mon,MC-07,Blue,"Esplanade","Mahanayak Uttam Kumar (Tollygunge)",false,12:00 AM,17,18,1.06,Metro,1
2026-09-14,Mon,MC-07,Blue,"Esplanade","Mahanayak Uttam Kumar (Tollygunge)",false,10:00 AM,17,31,1.82,Metro,14
2026-09-14,Mon,MC-07,Blue,"Esplanade","Mahanayak Uttam Kumar (Tollygunge)",false,1:00 PM,23,32,1.39,Metro,9
2026-09-14,Mon,MC-07,Blue,"Esplanade","Mahanayak Uttam Kumar (Tollygunge)",false,7:00 PM,18,40,2.22,Metro,22
2026-09-14,Mon,MC-08,Blue,"Mahanayak Uttam Kumar (Tollygunge)","Kavi Subhash",false,12:00 AM,15,16,1.07,Metro,1
2026-09-14,Mon,MC-08,Blue,"Mahanayak Uttam Kumar (Tollygunge)","Kavi Subhash",false,10:00 AM,15,25,1.67,Metro,10
2026-09-14,Mon,MC-08,Blue,"Mahanayak Uttam Kumar (Tollygunge)","Kavi Subhash",false,1:00 PM,17,29,1.71,Metro,12
2026-09-14,Mon,MC-08,Blue,"Mahanayak Uttam Kumar (Tollygunge)","Kavi Subhash",false,7:00 PM,15,31,2.07,Metro,16
2026-09-14,Mon,MC-09,Blue,"Dum Dum","Esplanade",false,12:00 AM,16,25,1.56,Metro,9
2026-09-14,Mon,MC-09,Blue,"Dum Dum","Esplanade",false,10:00 AM,16,37,2.31,Metro,21
2026-09-14,Mon,MC-09,Blue,"Dum Dum","Esplanade",false,1:00 PM,16,45,2.81,Metro,29
2026-09-14,Mon,MC-09,Blue,"Dum Dum","Esplanade",false,7:00 PM,16,45,2.81,Metro,29
2026-09-14,Mon,MC-10,Green,"Howrah","Salt Lake Sector V",true,12:00 AM,30,29,0.97,Car,-1
2026-09-14,Mon,MC-10,Green,"Howrah","Salt Lake Sector V",true,10:00 AM,30,48,1.60,Metro,18
2026-09-14,Mon,MC-10,Green,"Howrah","Salt Lake Sector V",true,1:00 PM,30,48,1.60,Metro,18
2026-09-14,Mon,MC-10,Green,"Howrah","Salt Lake Sector V",true,7:00 PM,30,63,2.10,Metro,33
2026-09-14,Mon,MC-11,Green,"Sealdah","Salt Lake Sector V",false,12:00 AM,22,17,0.77,Car,-5
2026-09-14,Mon,MC-11,Green,"Sealdah","Salt Lake Sector V",false,10:00 AM,21,36,1.71,Metro,15
2026-09-14,Mon,MC-11,Green,"Sealdah","Salt Lake Sector V",false,1:00 PM,21,28,1.33,Metro,7
2026-09-14,Mon,MC-11,Green,"Sealdah","Salt Lake Sector V",false,7:00 PM,21,31,1.48,Metro,10
2026-09-14,Mon,MC-12,Green,"Howrah","Sealdah",false,12:00 AM,10,15,1.50,Metro,5
2026-09-14,Mon,MC-12,Green,"Howrah","Sealdah",false,10:00 AM,11,29,2.64,Metro,18
2026-09-14,Mon,MC-12,Green,"Howrah","Sealdah",false,1:00 PM,11,36,3.27,Metro,25
2026-09-14,Mon,MC-12,Green,"Howrah","Sealdah",false,7:00 PM,11,37,3.36,Metro,26
2026-09-14,Mon,MC-13,Green,"Phoolbagan","Salt Lake Sector V",false,12:00 AM,19,13,0.68,Car,-6
2026-09-14,Mon,MC-13,Green,"Phoolbagan","Salt Lake Sector V",false,10:00 AM,18,24,1.33,Metro,6
2026-09-14,Mon,MC-13,Green,"Phoolbagan","Salt Lake Sector V",false,1:00 PM,18,20,1.11,Metro,2
2026-09-14,Mon,MC-13,Green,"Phoolbagan","Salt Lake Sector V",false,7:00 PM,18,24,1.33,Metro,6
2026-09-14,Mon,MC-14,Green,"Howrah","Phoolbagan",false,12:00 AM,11,17,1.55,Metro,6
2026-09-14,Mon,MC-14,Green,"Howrah","Phoolbagan",false,10:00 AM,12,29,2.42,Metro,17
2026-09-14,Mon,MC-14,Green,"Howrah","Phoolbagan",false,1:00 PM,12,39,3.25,Metro,27
2026-09-14,Mon,MC-14,Green,"Howrah","Phoolbagan",false,7:00 PM,12,44,3.67,Metro,32
2026-09-14,Mon,MC-15,Green,"Esplanade","Salt Lake Sector V",false,12:00 AM,25,23,0.92,Car,-2
2026-09-14,Mon,MC-15,Green,"Esplanade","Salt Lake Sector V",false,10:00 AM,25,40,1.60,Metro,15
2026-09-14,Mon,MC-15,Green,"Esplanade","Salt Lake Sector V",false,1:00 PM,25,30,1.20,Metro,5
2026-09-14,Mon,MC-15,Green,"Esplanade","Salt Lake Sector V",false,7:00 PM,25,43,1.72,Metro,18
2026-09-14,Mon,MC-16,Orange,"Kavi Subhash","Beleghata",true,10:00 AM,23,28,1.22,Metro,5
2026-09-14,Mon,MC-16,Orange,"Kavi Subhash","Beleghata",true,1:00 PM,28,24,0.86,Car,-4
2026-09-14,Mon,MC-16,Orange,"Kavi Subhash","Beleghata",true,7:00 PM,28,31,1.11,Metro,3
2026-09-14,Mon,MC-17,Orange,"Hemanta Mukhopadhyay","Beleghata",false,10:00 AM,12,14,1.17,Metro,2
2026-09-14,Mon,MC-17,Orange,"Hemanta Mukhopadhyay","Beleghata",false,1:00 PM,12,11,0.92,Car,-1
2026-09-14,Mon,MC-17,Orange,"Hemanta Mukhopadhyay","Beleghata",false,7:00 PM,17,12,0.71,Car,-5
2026-09-14,Mon,MC-18,Orange,"Kavi Subhash","Science City",false,10:00 AM,19,27,1.42,Metro,8
2026-09-14,Mon,MC-18,Orange,"Kavi Subhash","Science City",false,1:00 PM,23,22,0.96,Car,-1
2026-09-14,Mon,MC-18,Orange,"Kavi Subhash","Science City",false,7:00 PM,23,29,1.26,Metro,6
2026-09-14,Mon,MC-19,Purple,"Joka","Majerhat",true,10:00 AM,17,25,1.47,Metro,8
2026-09-14,Mon,MC-19,Purple,"Joka","Majerhat",true,1:00 PM,17,24,1.41,Metro,7
2026-09-14,Mon,MC-19,Purple,"Joka","Majerhat",true,7:00 PM,17,26,1.53,Metro,9
2026-09-14,Mon,MC-20,Purple,"Behala Chowrasta","Majerhat",false,10:00 AM,9,12,1.33,Metro,3
2026-09-14,Mon,MC-20,Purple,"Behala Chowrasta","Majerhat",false,7:00 PM,9,12,1.33,Metro,3
2026-09-14,Mon,MC-21,Purple,"Joka","Behala Chowrasta",false,10:00 AM,8,12,1.50,Metro,4
2026-09-14,Mon,MC-21,Purple,"Joka","Behala Chowrasta",false,7:00 PM,8,15,1.88,Metro,7
2026-09-14,Mon,MC-22,Purple,"Joka","Taratala",false,10:00 AM,14,21,1.50,Metro,7
2026-09-14,Mon,MC-22,Purple,"Joka","Taratala",false,1:00 PM,14,21,1.50,Metro,7
2026-09-14,Mon,MC-22,Purple,"Joka","Taratala",false,7:00 PM,14,23,1.64,Metro,9
2026-09-14,Mon,MC-23,Purple,"Behala Chowrasta","Taratala",false,10:00 AM,6,9,1.50,Metro,3
2026-09-14,Mon,MC-23,Purple,"Behala Chowrasta","Taratala",false,7:00 PM,6,9,1.50,Metro,3
2026-09-14,Mon,MC-24,Purple,"Taratala","Majerhat",false,10:00 AM,3,4,1.33,Metro,1
2026-09-14,Mon,MC-24,Purple,"Taratala","Majerhat",false,7:00 PM,3,3,1.00,Tie,0
2026-09-15,Tue,MC-01,Blue,"Dakshineswar","Esplanade",true,12:00 AM,28,33,1.18,Metro,5
2026-09-15,Tue,MC-01,Blue,"Dakshineswar","Esplanade",true,10:00 AM,28,48,1.71,Metro,20
2026-09-15,Tue,MC-01,Blue,"Dakshineswar","Esplanade",true,1:00 PM,31,55,1.77,Metro,24
2026-09-15,Tue,MC-01,Blue,"Dakshineswar","Esplanade",true,7:00 PM,28,52,1.86,Metro,24
2026-09-15,Tue,MC-02,Blue,"Shahid Khudiram","Esplanade",true,12:00 AM,28,31,1.11,Metro,3
2026-09-15,Tue,MC-02,Blue,"Shahid Khudiram","Esplanade",true,10:00 AM,28,56,2.00,Metro,28
2026-09-15,Tue,MC-02,Blue,"Shahid Khudiram","Esplanade",true,1:00 PM,30,46,1.53,Metro,16
2026-09-15,Tue,MC-02,Blue,"Shahid Khudiram","Esplanade",true,7:00 PM,29,48,1.66,Metro,19
2026-09-15,Tue,MC-03,Blue,"Shyambazar","Dum Dum",false,12:00 AM,7,11,1.57,Metro,4
2026-09-15,Tue,MC-03,Blue,"Shyambazar","Dum Dum",false,10:00 AM,7,15,2.14,Metro,8
2026-09-15,Tue,MC-03,Blue,"Shyambazar","Dum Dum",false,7:00 PM,8,18,2.25,Metro,10
2026-09-15,Tue,MC-04,Blue,"Shyambazar","Esplanade",false,12:00 AM,11,16,1.45,Metro,5
2026-09-15,Tue,MC-04,Blue,"Shyambazar","Esplanade",false,10:00 AM,11,22,2.00,Metro,11
2026-09-15,Tue,MC-04,Blue,"Shyambazar","Esplanade",false,1:00 PM,11,29,2.64,Metro,18
2026-09-15,Tue,MC-04,Blue,"Shyambazar","Esplanade",false,7:00 PM,11,29,2.64,Metro,18
2026-09-15,Tue,MC-05,Blue,"Kalighat","Esplanade",false,12:00 AM,11,12,1.09,Metro,1
2026-09-15,Tue,MC-05,Blue,"Kalighat","Esplanade",false,10:00 AM,11,17,1.55,Metro,6
2026-09-15,Tue,MC-05,Blue,"Kalighat","Esplanade",false,1:00 PM,11,23,2.09,Metro,12
2026-09-15,Tue,MC-05,Blue,"Kalighat","Esplanade",false,7:00 PM,11,22,2.00,Metro,11
2026-09-15,Tue,MC-06,Blue,"Dakshineswar","Dum Dum",false,12:00 AM,12,21,1.75,Metro,9
2026-09-15,Tue,MC-06,Blue,"Dakshineswar","Dum Dum",false,10:00 AM,12,32,2.67,Metro,20
2026-09-15,Tue,MC-06,Blue,"Dakshineswar","Dum Dum",false,7:00 PM,12,29,2.42,Metro,17
2026-09-15,Tue,MC-07,Blue,"Esplanade","Mahanayak Uttam Kumar (Tollygunge)",false,12:00 AM,17,18,1.06,Metro,1
2026-09-15,Tue,MC-07,Blue,"Esplanade","Mahanayak Uttam Kumar (Tollygunge)",false,10:00 AM,17,32,1.88,Metro,15
2026-09-15,Tue,MC-07,Blue,"Esplanade","Mahanayak Uttam Kumar (Tollygunge)",false,1:00 PM,23,31,1.35,Metro,8
2026-09-15,Tue,MC-07,Blue,"Esplanade","Mahanayak Uttam Kumar (Tollygunge)",false,7:00 PM,18,36,2.00,Metro,18
2026-09-15,Tue,MC-08,Blue,"Mahanayak Uttam Kumar (Tollygunge)","Kavi Subhash",false,12:00 AM,15,15,1.00,Tie,0
2026-09-15,Tue,MC-08,Blue,"Mahanayak Uttam Kumar (Tollygunge)","Kavi Subhash",false,10:00 AM,15,26,1.73,Metro,11
2026-09-15,Tue,MC-08,Blue,"Mahanayak Uttam Kumar (Tollygunge)","Kavi Subhash",false,1:00 PM,17,28,1.65,Metro,11
2026-09-15,Tue,MC-08,Blue,"Mahanayak Uttam Kumar (Tollygunge)","Kavi Subhash",false,7:00 PM,15,32,2.13,Metro,17
2026-09-15,Tue,MC-09,Blue,"Dum Dum","Esplanade",false,12:00 AM,16,25,1.56,Metro,9
2026-09-15,Tue,MC-09,Blue,"Dum Dum","Esplanade",false,10:00 AM,16,38,2.38,Metro,22
2026-09-15,Tue,MC-09,Blue,"Dum Dum","Esplanade",false,1:00 PM,16,46,2.88,Metro,30
2026-09-15,Tue,MC-09,Blue,"Dum Dum","Esplanade",false,7:00 PM,16,47,2.94,Metro,31
2026-09-15,Tue,MC-10,Green,"Howrah","Salt Lake Sector V",true,12:00 AM,30,30,1.00,Tie,0
2026-09-15,Tue,MC-10,Green,"Howrah","Salt Lake Sector V",true,10:00 AM,30,53,1.77,Metro,23
2026-09-15,Tue,MC-10,Green,"Howrah","Salt Lake Sector V",true,1:00 PM,30,48,1.60,Metro,18
2026-09-15,Tue,MC-10,Green,"Howrah","Salt Lake Sector V",true,7:00 PM,30,59,1.97,Metro,29
2026-09-15,Tue,MC-11,Green,"Sealdah","Salt Lake Sector V",false,12:00 AM,21,18,0.86,Car,-3
2026-09-15,Tue,MC-11,Green,"Sealdah","Salt Lake Sector V",false,10:00 AM,21,35,1.67,Metro,14
2026-09-15,Tue,MC-11,Green,"Sealdah","Salt Lake Sector V",false,1:00 PM,21,27,1.29,Metro,6
2026-09-15,Tue,MC-11,Green,"Sealdah","Salt Lake Sector V",false,7:00 PM,21,28,1.33,Metro,7
2026-09-15,Tue,MC-12,Green,"Howrah","Sealdah",false,12:00 AM,11,16,1.45,Metro,5
2026-09-15,Tue,MC-12,Green,"Howrah","Sealdah",false,10:00 AM,11,29,2.64,Metro,18
2026-09-15,Tue,MC-12,Green,"Howrah","Sealdah",false,1:00 PM,11,35,3.18,Metro,24
2026-09-15,Tue,MC-12,Green,"Howrah","Sealdah",false,7:00 PM,11,37,3.36,Metro,26
2026-09-15,Tue,MC-13,Green,"Phoolbagan","Salt Lake Sector V",false,12:00 AM,18,14,0.78,Car,-4
2026-09-15,Tue,MC-13,Green,"Phoolbagan","Salt Lake Sector V",false,10:00 AM,18,24,1.33,Metro,6
2026-09-15,Tue,MC-13,Green,"Phoolbagan","Salt Lake Sector V",false,1:00 PM,18,20,1.11,Metro,2
2026-09-15,Tue,MC-13,Green,"Phoolbagan","Salt Lake Sector V",false,7:00 PM,18,26,1.44,Metro,8
2026-09-15,Tue,MC-14,Green,"Howrah","Phoolbagan",false,12:00 AM,12,18,1.50,Metro,6
2026-09-15,Tue,MC-14,Green,"Howrah","Phoolbagan",false,10:00 AM,12,31,2.58,Metro,19
2026-09-15,Tue,MC-14,Green,"Howrah","Phoolbagan",false,1:00 PM,12,35,2.92,Metro,23
2026-09-15,Tue,MC-14,Green,"Howrah","Phoolbagan",false,7:00 PM,12,45,3.75,Metro,33
2026-09-15,Tue,MC-15,Green,"Esplanade","Salt Lake Sector V",false,12:00 AM,25,22,0.88,Car,-3
2026-09-15,Tue,MC-15,Green,"Esplanade","Salt Lake Sector V",false,10:00 AM,25,42,1.68,Metro,17
2026-09-15,Tue,MC-15,Green,"Esplanade","Salt Lake Sector V",false,1:00 PM,25,31,1.24,Metro,6
2026-09-15,Tue,MC-15,Green,"Esplanade","Salt Lake Sector V",false,7:00 PM,25,39,1.56,Metro,14
2026-09-15,Tue,MC-16,Orange,"Kavi Subhash","Beleghata",true,12:00 AM,23,19,0.83,Car,-4
2026-09-15,Tue,MC-16,Orange,"Kavi Subhash","Beleghata",true,10:00 AM,23,29,1.26,Metro,6
2026-09-15,Tue,MC-16,Orange,"Kavi Subhash","Beleghata",true,1:00 PM,28,24,0.86,Car,-4
2026-09-15,Tue,MC-16,Orange,"Kavi Subhash","Beleghata",true,7:00 PM,28,30,1.07,Metro,2
2026-09-15,Tue,MC-17,Orange,"Hemanta Mukhopadhyay","Beleghata",false,12:00 AM,12,8,0.67,Car,-4
2026-09-15,Tue,MC-17,Orange,"Hemanta Mukhopadhyay","Beleghata",false,10:00 AM,12,15,1.25,Metro,3
2026-09-15,Tue,MC-17,Orange,"Hemanta Mukhopadhyay","Beleghata",false,1:00 PM,12,10,0.83,Car,-2
2026-09-15,Tue,MC-17,Orange,"Hemanta Mukhopadhyay","Beleghata",false,7:00 PM,17,12,0.71,Car,-5
2026-09-15,Tue,MC-18,Orange,"Kavi Subhash","Science City",false,12:00 AM,19,18,0.95,Car,-1
2026-09-15,Tue,MC-18,Orange,"Kavi Subhash","Science City",false,10:00 AM,19,26,1.37,Metro,7
2026-09-15,Tue,MC-18,Orange,"Kavi Subhash","Science City",false,1:00 PM,23,22,0.96,Car,-1
2026-09-15,Tue,MC-18,Orange,"Kavi Subhash","Science City",false,7:00 PM,23,27,1.17,Metro,4
2026-09-15,Tue,MC-19,Purple,"Joka","Majerhat",true,12:00 AM,17,17,1.00,Tie,0
2026-09-15,Tue,MC-19,Purple,"Joka","Majerhat",true,10:00 AM,17,27,1.59,Metro,10
2026-09-15,Tue,MC-19,Purple,"Joka","Majerhat",true,1:00 PM,17,24,1.41,Metro,7
2026-09-15,Tue,MC-19,Purple,"Joka","Majerhat",true,7:00 PM,17,24,1.41,Metro,7
2026-09-15,Tue,MC-20,Purple,"Behala Chowrasta","Majerhat",false,12:00 AM,9,9,1.00,Tie,0
2026-09-15,Tue,MC-20,Purple,"Behala Chowrasta","Majerhat",false,10:00 AM,9,12,1.33,Metro,3
2026-09-15,Tue,MC-20,Purple,"Behala Chowrasta","Majerhat",false,7:00 PM,9,11,1.22,Metro,2
2026-09-15,Tue,MC-21,Purple,"Joka","Behala Chowrasta",false,12:00 AM,8,9,1.13,Metro,1
2026-09-15,Tue,MC-21,Purple,"Joka","Behala Chowrasta",false,10:00 AM,8,14,1.75,Metro,6
2026-09-15,Tue,MC-21,Purple,"Joka","Behala Chowrasta",false,7:00 PM,8,13,1.63,Metro,5
2026-09-15,Tue,MC-22,Purple,"Joka","Taratala",false,12:00 AM,14,15,1.07,Metro,1
2026-09-15,Tue,MC-22,Purple,"Joka","Taratala",false,10:00 AM,14,23,1.64,Metro,9
2026-09-15,Tue,MC-22,Purple,"Joka","Taratala",false,1:00 PM,14,22,1.57,Metro,8
2026-09-15,Tue,MC-22,Purple,"Joka","Taratala",false,7:00 PM,14,22,1.57,Metro,8
2026-09-15,Tue,MC-23,Purple,"Behala Chowrasta","Taratala",false,12:00 AM,6,6,1.00,Tie,0
2026-09-15,Tue,MC-23,Purple,"Behala Chowrasta","Taratala",false,10:00 AM,6,8,1.33,Metro,2
2026-09-15,Tue,MC-23,Purple,"Behala Chowrasta","Taratala",false,7:00 PM,6,8,1.33,Metro,2
2026-09-15,Tue,MC-24,Purple,"Taratala","Majerhat",false,12:00 AM,3,3,1.00,Tie,0
2026-09-15,Tue,MC-24,Purple,"Taratala","Majerhat",false,10:00 AM,3,3,1.00,Tie,0
2026-09-15,Tue,MC-24,Purple,"Taratala","Majerhat",false,7:00 PM,3,3,1.00,Tie,0
2026-09-16,Wed,MC-01,Blue,"Dakshineswar","Esplanade",true,12:00 AM,28,31,1.11,Metro,3
2026-09-16,Wed,MC-01,Blue,"Dakshineswar","Esplanade",true,10:00 AM,28,51,1.82,Metro,23
2026-09-16,Wed,MC-01,Blue,"Dakshineswar","Esplanade",true,1:00 PM,31,55,1.77,Metro,24
2026-09-16,Wed,MC-01,Blue,"Dakshineswar","Esplanade",true,7:00 PM,28,53,1.89,Metro,25
2026-09-16,Wed,MC-02,Blue,"Shahid Khudiram","Esplanade",true,12:00 AM,28,31,1.11,Metro,3
2026-09-16,Wed,MC-02,Blue,"Shahid Khudiram","Esplanade",true,10:00 AM,28,54,1.93,Metro,26
2026-09-16,Wed,MC-02,Blue,"Shahid Khudiram","Esplanade",true,1:00 PM,30,44,1.47,Metro,14
2026-09-16,Wed,MC-02,Blue,"Shahid Khudiram","Esplanade",true,7:00 PM,29,69,2.38,Metro,40
2026-09-16,Wed,MC-03,Blue,"Shyambazar","Dum Dum",false,10:00 AM,7,16,2.29,Metro,9
2026-09-16,Wed,MC-03,Blue,"Shyambazar","Dum Dum",false,7:00 PM,8,18,2.25,Metro,10
2026-09-16,Wed,MC-04,Blue,"Shyambazar","Esplanade",false,12:00 AM,11,16,1.45,Metro,5
2026-09-16,Wed,MC-04,Blue,"Shyambazar","Esplanade",false,10:00 AM,11,22,2.00,Metro,11
2026-09-16,Wed,MC-04,Blue,"Shyambazar","Esplanade",false,1:00 PM,11,27,2.45,Metro,16
2026-09-16,Wed,MC-04,Blue,"Shyambazar","Esplanade",false,7:00 PM,11,27,2.45,Metro,16
2026-09-16,Wed,MC-05,Blue,"Kalighat","Esplanade",false,12:00 AM,11,12,1.09,Metro,1
2026-09-16,Wed,MC-05,Blue,"Kalighat","Esplanade",false,10:00 AM,11,19,1.73,Metro,8
2026-09-16,Wed,MC-05,Blue,"Kalighat","Esplanade",false,1:00 PM,11,31,2.82,Metro,20
2026-09-16,Wed,MC-05,Blue,"Kalighat","Esplanade",false,7:00 PM,11,21,1.91,Metro,10
2026-09-16,Wed,MC-06,Blue,"Dakshineswar","Dum Dum",false,12:00 AM,12,17,1.42,Metro,5
2026-09-16,Wed,MC-06,Blue,"Dakshineswar","Dum Dum",false,10:00 AM,12,32,2.67,Metro,20
2026-09-16,Wed,MC-06,Blue,"Dakshineswar","Dum Dum",false,1:00 PM,15,30,2.00,Metro,15
2026-09-16,Wed,MC-06,Blue,"Dakshineswar","Dum Dum",false,7:00 PM,12,30,2.50,Metro,18
2026-09-16,Wed,MC-07,Blue,"Esplanade","Mahanayak Uttam Kumar (Tollygunge)",false,12:00 AM,17,18,1.06,Metro,1
2026-09-16,Wed,MC-07,Blue,"Esplanade","Mahanayak Uttam Kumar (Tollygunge)",false,10:00 AM,17,36,2.12,Metro,19
2026-09-16,Wed,MC-07,Blue,"Esplanade","Mahanayak Uttam Kumar (Tollygunge)",false,1:00 PM,23,37,1.61,Metro,14
2026-09-16,Wed,MC-07,Blue,"Esplanade","Mahanayak Uttam Kumar (Tollygunge)",false,7:00 PM,18,37,2.06,Metro,19
2026-09-16,Wed,MC-08,Blue,"Mahanayak Uttam Kumar (Tollygunge)","Kavi Subhash",false,12:00 AM,15,16,1.07,Metro,1
2026-09-16,Wed,MC-08,Blue,"Mahanayak Uttam Kumar (Tollygunge)","Kavi Subhash",false,10:00 AM,15,27,1.80,Metro,12
2026-09-16,Wed,MC-08,Blue,"Mahanayak Uttam Kumar (Tollygunge)","Kavi Subhash",false,1:00 PM,17,28,1.65,Metro,11
2026-09-16,Wed,MC-08,Blue,"Mahanayak Uttam Kumar (Tollygunge)","Kavi Subhash",false,7:00 PM,15,33,2.20,Metro,18
2026-09-16,Wed,MC-09,Blue,"Dum Dum","Esplanade",false,12:00 AM,16,27,1.69,Metro,11
2026-09-16,Wed,MC-09,Blue,"Dum Dum","Esplanade",false,10:00 AM,16,38,2.38,Metro,22
2026-09-16,Wed,MC-09,Blue,"Dum Dum","Esplanade",false,1:00 PM,16,43,2.69,Metro,27
2026-09-16,Wed,MC-09,Blue,"Dum Dum","Esplanade",false,7:00 PM,16,45,2.81,Metro,29
2026-09-16,Wed,MC-10,Green,"Howrah","Salt Lake Sector V",true,12:00 AM,30,30,1.00,Tie,0
2026-09-16,Wed,MC-10,Green,"Howrah","Salt Lake Sector V",true,10:00 AM,30,53,1.77,Metro,23
2026-09-16,Wed,MC-10,Green,"Howrah","Salt Lake Sector V",true,1:00 PM,30,49,1.63,Metro,19
2026-09-16,Wed,MC-10,Green,"Howrah","Salt Lake Sector V",true,7:00 PM,30,65,2.17,Metro,35
2026-09-16,Wed,MC-11,Green,"Sealdah","Salt Lake Sector V",false,12:00 AM,21,17,0.81,Car,-4
2026-09-16,Wed,MC-11,Green,"Sealdah","Salt Lake Sector V",false,10:00 AM,21,35,1.67,Metro,14
2026-09-16,Wed,MC-11,Green,"Sealdah","Salt Lake Sector V",false,1:00 PM,21,27,1.29,Metro,6
2026-09-16,Wed,MC-11,Green,"Sealdah","Salt Lake Sector V",false,7:00 PM,21,30,1.43,Metro,9
2026-09-16,Wed,MC-12,Green,"Howrah","Sealdah",false,12:00 AM,11,16,1.45,Metro,5
2026-09-16,Wed,MC-12,Green,"Howrah","Sealdah",false,10:00 AM,11,31,2.82,Metro,20
2026-09-16,Wed,MC-12,Green,"Howrah","Sealdah",false,1:00 PM,11,34,3.09,Metro,23
2026-09-16,Wed,MC-12,Green,"Howrah","Sealdah",false,7:00 PM,11,36,3.27,Metro,25
2026-09-16,Wed,MC-13,Green,"Phoolbagan","Salt Lake Sector V",false,12:00 AM,18,14,0.78,Car,-4
2026-09-16,Wed,MC-13,Green,"Phoolbagan","Salt Lake Sector V",false,10:00 AM,18,25,1.39,Metro,7
2026-09-16,Wed,MC-13,Green,"Phoolbagan","Salt Lake Sector V",false,1:00 PM,18,20,1.11,Metro,2
2026-09-16,Wed,MC-13,Green,"Phoolbagan","Salt Lake Sector V",false,7:00 PM,18,24,1.33,Metro,6
2026-09-16,Wed,MC-14,Green,"Howrah","Phoolbagan",false,12:00 AM,12,18,1.50,Metro,6
2026-09-16,Wed,MC-14,Green,"Howrah","Phoolbagan",false,10:00 AM,12,31,2.58,Metro,19
2026-09-16,Wed,MC-14,Green,"Howrah","Phoolbagan",false,1:00 PM,12,38,3.17,Metro,26
2026-09-16,Wed,MC-14,Green,"Howrah","Phoolbagan",false,7:00 PM,12,42,3.50,Metro,30
2026-09-16,Wed,MC-15,Green,"Esplanade","Salt Lake Sector V",false,12:00 AM,25,22,0.88,Car,-3
2026-09-16,Wed,MC-15,Green,"Esplanade","Salt Lake Sector V",false,10:00 AM,25,41,1.64,Metro,16
2026-09-16,Wed,MC-15,Green,"Esplanade","Salt Lake Sector V",false,1:00 PM,25,31,1.24,Metro,6
2026-09-16,Wed,MC-15,Green,"Esplanade","Salt Lake Sector V",false,7:00 PM,25,48,1.92,Metro,23
2026-09-16,Wed,MC-16,Orange,"Kavi Subhash","Beleghata",true,12:00 AM,23,19,0.83,Car,-4
2026-09-16,Wed,MC-16,Orange,"Kavi Subhash","Beleghata",true,10:00 AM,23,29,1.26,Metro,6
2026-09-16,Wed,MC-16,Orange,"Kavi Subhash","Beleghata",true,1:00 PM,28,24,0.86,Car,-4
2026-09-16,Wed,MC-16,Orange,"Kavi Subhash","Beleghata",true,7:00 PM,28,32,1.14,Metro,4
2026-09-16,Wed,MC-17,Orange,"Hemanta Mukhopadhyay","Beleghata",false,12:00 AM,12,8,0.67,Car,-4
2026-09-16,Wed,MC-17,Orange,"Hemanta Mukhopadhyay","Beleghata",false,10:00 AM,12,15,1.25,Metro,3
2026-09-16,Wed,MC-17,Orange,"Hemanta Mukhopadhyay","Beleghata",false,1:00 PM,12,10,0.83,Car,-2
2026-09-16,Wed,MC-17,Orange,"Hemanta Mukhopadhyay","Beleghata",false,7:00 PM,17,14,0.82,Car,-3
2026-09-16,Wed,MC-18,Orange,"Kavi Subhash","Science City",false,12:00 AM,19,18,0.95,Car,-1
2026-09-16,Wed,MC-18,Orange,"Kavi Subhash","Science City",false,10:00 AM,19,26,1.37,Metro,7
2026-09-16,Wed,MC-18,Orange,"Kavi Subhash","Science City",false,1:00 PM,23,22,0.96,Car,-1
2026-09-16,Wed,MC-18,Orange,"Kavi Subhash","Science City",false,7:00 PM,23,27,1.17,Metro,4
2026-09-16,Wed,MC-19,Purple,"Joka","Majerhat",true,12:00 AM,17,18,1.06,Metro,1
2026-09-16,Wed,MC-19,Purple,"Joka","Majerhat",true,10:00 AM,17,28,1.65,Metro,11
2026-09-16,Wed,MC-19,Purple,"Joka","Majerhat",true,1:00 PM,17,24,1.41,Metro,7
2026-09-16,Wed,MC-19,Purple,"Joka","Majerhat",true,7:00 PM,17,26,1.53,Metro,9
2026-09-16,Wed,MC-20,Purple,"Behala Chowrasta","Majerhat",false,12:00 AM,9,10,1.11,Metro,1
2026-09-16,Wed,MC-20,Purple,"Behala Chowrasta","Majerhat",false,10:00 AM,9,14,1.56,Metro,5
2026-09-16,Wed,MC-20,Purple,"Behala Chowrasta","Majerhat",false,7:00 PM,9,13,1.44,Metro,4
2026-09-16,Wed,MC-21,Purple,"Joka","Behala Chowrasta",false,12:00 AM,8,9,1.13,Metro,1
2026-09-16,Wed,MC-21,Purple,"Joka","Behala Chowrasta",false,10:00 AM,8,14,1.75,Metro,6
2026-09-16,Wed,MC-21,Purple,"Joka","Behala Chowrasta",false,7:00 PM,8,13,1.63,Metro,5
2026-09-16,Wed,MC-22,Purple,"Joka","Taratala",false,12:00 AM,14,15,1.07,Metro,1
2026-09-16,Wed,MC-22,Purple,"Joka","Taratala",false,10:00 AM,14,24,1.71,Metro,10
2026-09-16,Wed,MC-22,Purple,"Joka","Taratala",false,1:00 PM,14,20,1.43,Metro,6
2026-09-16,Wed,MC-22,Purple,"Joka","Taratala",false,7:00 PM,14,23,1.64,Metro,9
2026-09-16,Wed,MC-23,Purple,"Behala Chowrasta","Taratala",false,12:00 AM,6,7,1.17,Metro,1
2026-09-16,Wed,MC-23,Purple,"Behala Chowrasta","Taratala",false,10:00 AM,6,10,1.67,Metro,4
2026-09-16,Wed,MC-23,Purple,"Behala Chowrasta","Taratala",false,7:00 PM,6,10,1.67,Metro,4
2026-09-16,Wed,MC-24,Purple,"Taratala","Majerhat",false,12:00 AM,3,3,1.00,Tie,0
2026-09-16,Wed,MC-24,Purple,"Taratala","Majerhat",false,10:00 AM,3,5,1.67,Metro,2
2026-09-16,Wed,MC-24,Purple,"Taratala","Majerhat",false,7:00 PM,3,3,1.00,Tie,0
2026-09-17,Thu,MC-01,Blue,"Dakshineswar","Esplanade",true,12:00 AM,28,30,1.07,Metro,2
2026-09-17,Thu,MC-01,Blue,"Dakshineswar","Esplanade",true,10:00 AM,28,48,1.71,Metro,20
2026-09-17,Thu,MC-01,Blue,"Dakshineswar","Esplanade",true,1:00 PM,28,52,1.86,Metro,24
2026-09-17,Thu,MC-01,Blue,"Dakshineswar","Esplanade",true,7:00 PM,28,47,1.68,Metro,19
2026-09-17,Thu,MC-02,Blue,"Shahid Khudiram","Esplanade",true,12:00 AM,28,31,1.11,Metro,3
2026-09-17,Thu,MC-02,Blue,"Shahid Khudiram","Esplanade",true,10:00 AM,28,46,1.64,Metro,18
2026-09-17,Thu,MC-02,Blue,"Shahid Khudiram","Esplanade",true,1:00 PM,30,42,1.40,Metro,12
2026-09-17,Thu,MC-02,Blue,"Shahid Khudiram","Esplanade",true,7:00 PM,29,64,2.21,Metro,35
2026-09-17,Thu,MC-03,Blue,"Shyambazar","Dum Dum",false,12:00 AM,7,12,1.71,Metro,5
2026-09-17,Thu,MC-03,Blue,"Shyambazar","Dum Dum",false,10:00 AM,7,15,2.14,Metro,8
2026-09-17,Thu,MC-03,Blue,"Shyambazar","Dum Dum",false,7:00 PM,8,20,2.50,Metro,12
2026-09-17,Thu,MC-04,Blue,"Shyambazar","Esplanade",false,12:00 AM,11,16,1.45,Metro,5
2026-09-17,Thu,MC-04,Blue,"Shyambazar","Esplanade",false,10:00 AM,11,23,2.09,Metro,12
2026-09-17,Thu,MC-04,Blue,"Shyambazar","Esplanade",false,1:00 PM,11,25,2.27,Metro,14
2026-09-17,Thu,MC-04,Blue,"Shyambazar","Esplanade",false,7:00 PM,11,25,2.27,Metro,14
2026-09-17,Thu,MC-05,Blue,"Kalighat","Esplanade",false,12:00 AM,11,12,1.09,Metro,1
2026-09-17,Thu,MC-05,Blue,"Kalighat","Esplanade",false,10:00 AM,11,18,1.64,Metro,7
2026-09-17,Thu,MC-05,Blue,"Kalighat","Esplanade",false,1:00 PM,11,25,2.27,Metro,14
2026-09-17,Thu,MC-05,Blue,"Kalighat","Esplanade",false,7:00 PM,11,20,1.82,Metro,9
2026-09-17,Thu,MC-06,Blue,"Dakshineswar","Dum Dum",false,12:00 AM,12,17,1.42,Metro,5
2026-09-17,Thu,MC-06,Blue,"Dakshineswar","Dum Dum",false,10:00 AM,12,29,2.42,Metro,17
2026-09-17,Thu,MC-06,Blue,"Dakshineswar","Dum Dum",false,1:00 PM,15,29,1.93,Metro,14
2026-09-17,Thu,MC-06,Blue,"Dakshineswar","Dum Dum",false,7:00 PM,12,28,2.33,Metro,16
2026-09-17,Thu,MC-07,Blue,"Esplanade","Mahanayak Uttam Kumar (Tollygunge)",false,12:00 AM,17,18,1.06,Metro,1
2026-09-17,Thu,MC-07,Blue,"Esplanade","Mahanayak Uttam Kumar (Tollygunge)",false,10:00 AM,17,30,1.76,Metro,13
2026-09-17,Thu,MC-07,Blue,"Esplanade","Mahanayak Uttam Kumar (Tollygunge)",false,1:00 PM,23,31,1.35,Metro,8
2026-09-17,Thu,MC-07,Blue,"Esplanade","Mahanayak Uttam Kumar (Tollygunge)",false,7:00 PM,18,41,2.28,Metro,23
2026-09-17,Thu,MC-08,Blue,"Mahanayak Uttam Kumar (Tollygunge)","Kavi Subhash",false,12:00 AM,15,15,1.00,Tie,0
2026-09-17,Thu,MC-08,Blue,"Mahanayak Uttam Kumar (Tollygunge)","Kavi Subhash",false,10:00 AM,15,25,1.67,Metro,10
2026-09-17,Thu,MC-08,Blue,"Mahanayak Uttam Kumar (Tollygunge)","Kavi Subhash",false,1:00 PM,17,26,1.53,Metro,9
2026-09-17,Thu,MC-08,Blue,"Mahanayak Uttam Kumar (Tollygunge)","Kavi Subhash",false,7:00 PM,15,34,2.27,Metro,19
2026-09-17,Thu,MC-09,Blue,"Dum Dum","Esplanade",false,12:00 AM,16,27,1.69,Metro,11
2026-09-17,Thu,MC-09,Blue,"Dum Dum","Esplanade",false,10:00 AM,16,37,2.31,Metro,21
2026-09-17,Thu,MC-09,Blue,"Dum Dum","Esplanade",false,1:00 PM,16,40,2.50,Metro,24
2026-09-17,Thu,MC-09,Blue,"Dum Dum","Esplanade",false,7:00 PM,16,45,2.81,Metro,29
2026-09-17,Thu,MC-10,Green,"Howrah","Salt Lake Sector V",true,12:00 AM,30,30,1.00,Tie,0
2026-09-17,Thu,MC-10,Green,"Howrah","Salt Lake Sector V",true,10:00 AM,30,48,1.60,Metro,18
2026-09-17,Thu,MC-10,Green,"Howrah","Salt Lake Sector V",true,1:00 PM,30,45,1.50,Metro,15
2026-09-17,Thu,MC-10,Green,"Howrah","Salt Lake Sector V",true,7:00 PM,30,61,2.03,Metro,31
2026-09-17,Thu,MC-11,Green,"Sealdah","Salt Lake Sector V",false,12:00 AM,21,18,0.86,Car,-3
2026-09-17,Thu,MC-11,Green,"Sealdah","Salt Lake Sector V",false,10:00 AM,21,32,1.52,Metro,11
2026-09-17,Thu,MC-11,Green,"Sealdah","Salt Lake Sector V",false,1:00 PM,21,25,1.19,Metro,4
2026-09-17,Thu,MC-11,Green,"Sealdah","Salt Lake Sector V",false,7:00 PM,21,35,1.67,Metro,14
2026-09-17,Thu,MC-12,Green,"Howrah","Sealdah",false,12:00 AM,11,16,1.45,Metro,5
2026-09-17,Thu,MC-12,Green,"Howrah","Sealdah",false,10:00 AM,11,27,2.45,Metro,16
2026-09-17,Thu,MC-12,Green,"Howrah","Sealdah",false,1:00 PM,11,34,3.09,Metro,23
2026-09-17,Thu,MC-12,Green,"Howrah","Sealdah",false,7:00 PM,11,35,3.18,Metro,24
2026-09-17,Thu,MC-13,Green,"Phoolbagan","Salt Lake Sector V",false,12:00 AM,18,14,0.78,Car,-4
2026-09-17,Thu,MC-13,Green,"Phoolbagan","Salt Lake Sector V",false,10:00 AM,18,23,1.28,Metro,5
2026-09-17,Thu,MC-13,Green,"Phoolbagan","Salt Lake Sector V",false,1:00 PM,18,20,1.11,Metro,2
2026-09-17,Thu,MC-13,Green,"Phoolbagan","Salt Lake Sector V",false,7:00 PM,18,26,1.44,Metro,8
2026-09-17,Thu,MC-14,Green,"Howrah","Phoolbagan",false,12:00 AM,12,18,1.50,Metro,6
2026-09-17,Thu,MC-14,Green,"Howrah","Phoolbagan",false,10:00 AM,12,28,2.33,Metro,16
2026-09-17,Thu,MC-14,Green,"Howrah","Phoolbagan",false,1:00 PM,12,33,2.75,Metro,21
2026-09-17,Thu,MC-14,Green,"Howrah","Phoolbagan",false,7:00 PM,12,43,3.58,Metro,31
2026-09-17,Thu,MC-15,Green,"Esplanade","Salt Lake Sector V",false,12:00 AM,25,23,0.92,Car,-2
2026-09-17,Thu,MC-15,Green,"Esplanade","Salt Lake Sector V",false,10:00 AM,25,38,1.52,Metro,13
2026-09-17,Thu,MC-15,Green,"Esplanade","Salt Lake Sector V",false,1:00 PM,25,29,1.16,Metro,4
2026-09-17,Thu,MC-15,Green,"Esplanade","Salt Lake Sector V",false,7:00 PM,25,40,1.60,Metro,15
2026-09-17,Thu,MC-16,Orange,"Kavi Subhash","Beleghata",true,12:00 AM,28,19,0.68,Car,-9
2026-09-17,Thu,MC-16,Orange,"Kavi Subhash","Beleghata",true,10:00 AM,23,27,1.17,Metro,4
2026-09-17,Thu,MC-16,Orange,"Kavi Subhash","Beleghata",true,1:00 PM,28,23,0.82,Car,-5
2026-09-17,Thu,MC-16,Orange,"Kavi Subhash","Beleghata",true,7:00 PM,28,34,1.21,Metro,6
2026-09-17,Thu,MC-17,Orange,"Hemanta Mukhopadhyay","Beleghata",false,12:00 AM,12,8,0.67,Car,-4
2026-09-17,Thu,MC-17,Orange,"Hemanta Mukhopadhyay","Beleghata",false,10:00 AM,12,13,1.08,Metro,1
2026-09-17,Thu,MC-17,Orange,"Hemanta Mukhopadhyay","Beleghata",false,1:00 PM,12,10,0.83,Car,-2
2026-09-17,Thu,MC-17,Orange,"Hemanta Mukhopadhyay","Beleghata",false,7:00 PM,17,17,1.00,Tie,0
2026-09-17,Thu,MC-18,Orange,"Kavi Subhash","Science City",false,12:00 AM,23,18,0.78,Car,-5
2026-09-17,Thu,MC-18,Orange,"Kavi Subhash","Science City",false,10:00 AM,19,24,1.26,Metro,5
2026-09-17,Thu,MC-18,Orange,"Kavi Subhash","Science City",false,1:00 PM,23,21,0.91,Car,-2
2026-09-17,Thu,MC-18,Orange,"Kavi Subhash","Science City",false,7:00 PM,23,32,1.39,Metro,9
2026-09-17,Thu,MC-19,Purple,"Joka","Majerhat",true,12:00 AM,17,19,1.12,Metro,2
2026-09-17,Thu,MC-19,Purple,"Joka","Majerhat",true,10:00 AM,17,26,1.53,Metro,9
2026-09-17,Thu,MC-19,Purple,"Joka","Majerhat",true,1:00 PM,17,23,1.35,Metro,6
2026-09-17,Thu,MC-19,Purple,"Joka","Majerhat",true,7:00 PM,17,25,1.47,Metro,8
2026-09-17,Thu,MC-20,Purple,"Behala Chowrasta","Majerhat",false,12:00 AM,9,11,1.22,Metro,2
2026-09-17,Thu,MC-20,Purple,"Behala Chowrasta","Majerhat",false,10:00 AM,9,13,1.44,Metro,4
2026-09-17,Thu,MC-20,Purple,"Behala Chowrasta","Majerhat",false,7:00 PM,9,11,1.22,Metro,2
2026-09-17,Thu,MC-21,Purple,"Joka","Behala Chowrasta",false,12:00 AM,8,9,1.13,Metro,1
2026-09-17,Thu,MC-21,Purple,"Joka","Behala Chowrasta",false,10:00 AM,8,13,1.63,Metro,5
2026-09-17,Thu,MC-21,Purple,"Joka","Behala Chowrasta",false,7:00 PM,8,14,1.75,Metro,6
2026-09-17,Thu,MC-22,Purple,"Joka","Taratala",false,12:00 AM,14,17,1.21,Metro,3
2026-09-17,Thu,MC-22,Purple,"Joka","Taratala",false,10:00 AM,14,23,1.64,Metro,9
2026-09-17,Thu,MC-22,Purple,"Joka","Taratala",false,1:00 PM,14,20,1.43,Metro,6
2026-09-17,Thu,MC-22,Purple,"Joka","Taratala",false,7:00 PM,14,23,1.64,Metro,9
2026-09-17,Thu,MC-23,Purple,"Behala Chowrasta","Taratala",false,12:00 AM,6,9,1.50,Metro,3
2026-09-17,Thu,MC-23,Purple,"Behala Chowrasta","Taratala",false,10:00 AM,6,9,1.50,Metro,3
2026-09-17,Thu,MC-23,Purple,"Behala Chowrasta","Taratala",false,7:00 PM,6,9,1.50,Metro,3
2026-09-17,Thu,MC-24,Purple,"Taratala","Majerhat",false,12:00 AM,3,3,1.00,Tie,0
2026-09-17,Thu,MC-24,Purple,"Taratala","Majerhat",false,10:00 AM,3,4,1.33,Metro,1
2026-09-17,Thu,MC-24,Purple,"Taratala","Majerhat",false,7:00 PM,3,3,1.00,Tie,0
2026-09-18,Fri,MC-01,Blue,"Dakshineswar","Esplanade",true,12:00 AM,28,30,1.07,Metro,2
2026-09-18,Fri,MC-01,Blue,"Dakshineswar","Esplanade",true,10:00 AM,28,40,1.43,Metro,12
2026-09-18,Fri,MC-01,Blue,"Dakshineswar","Esplanade",true,1:00 PM,31,40,1.29,Metro,9
2026-09-18,Fri,MC-01,Blue,"Dakshineswar","Esplanade",true,7:00 PM,28,41,1.46,Metro,13
2026-09-18,Fri,MC-02,Blue,"Shahid Khudiram","Esplanade",true,12:00 AM,28,31,1.11,Metro,3
2026-09-18,Fri,MC-02,Blue,"Shahid Khudiram","Esplanade",true,10:00 AM,28,43,1.54,Metro,15
2026-09-18,Fri,MC-02,Blue,"Shahid Khudiram","Esplanade",true,1:00 PM,30,43,1.43,Metro,13
2026-09-18,Fri,MC-02,Blue,"Shahid Khudiram","Esplanade",true,7:00 PM,29,47,1.62,Metro,18
2026-09-18,Fri,MC-03,Blue,"Shyambazar","Dum Dum",false,12:00 AM,7,12,1.71,Metro,5
2026-09-18,Fri,MC-03,Blue,"Shyambazar","Dum Dum",false,10:00 AM,7,14,2.00,Metro,7
2026-09-18,Fri,MC-03,Blue,"Shyambazar","Dum Dum",false,7:00 PM,8,16,2.00,Metro,8
2026-09-18,Fri,MC-04,Blue,"Shyambazar","Esplanade",false,12:00 AM,11,15,1.36,Metro,4
2026-09-18,Fri,MC-04,Blue,"Shyambazar","Esplanade",false,10:00 AM,11,19,1.73,Metro,8
2026-09-18,Fri,MC-04,Blue,"Shyambazar","Esplanade",false,1:00 PM,11,22,2.00,Metro,11
2026-09-18,Fri,MC-04,Blue,"Shyambazar","Esplanade",false,7:00 PM,11,21,1.91,Metro,10
2026-09-18,Fri,MC-05,Blue,"Kalighat","Esplanade",false,12:00 AM,11,12,1.09,Metro,1
2026-09-18,Fri,MC-05,Blue,"Kalighat","Esplanade",false,10:00 AM,11,15,1.36,Metro,4
2026-09-18,Fri,MC-05,Blue,"Kalighat","Esplanade",false,1:00 PM,11,17,1.55,Metro,6
2026-09-18,Fri,MC-05,Blue,"Kalighat","Esplanade",false,7:00 PM,11,19,1.73,Metro,8
2026-09-18,Fri,MC-06,Blue,"Dakshineswar","Dum Dum",false,12:00 AM,12,18,1.50,Metro,6
2026-09-18,Fri,MC-06,Blue,"Dakshineswar","Dum Dum",false,10:00 AM,12,25,2.08,Metro,13
2026-09-18,Fri,MC-06,Blue,"Dakshineswar","Dum Dum",false,1:00 PM,15,23,1.53,Metro,8
2026-09-18,Fri,MC-06,Blue,"Dakshineswar","Dum Dum",false,7:00 PM,12,24,2.00,Metro,12
2026-09-18,Fri,MC-07,Blue,"Esplanade","Mahanayak Uttam Kumar (Tollygunge)",false,12:00 AM,17,18,1.06,Metro,1
2026-09-18,Fri,MC-07,Blue,"Esplanade","Mahanayak Uttam Kumar (Tollygunge)",false,10:00 AM,17,28,1.65,Metro,11
2026-09-18,Fri,MC-07,Blue,"Esplanade","Mahanayak Uttam Kumar (Tollygunge)",false,1:00 PM,23,30,1.30,Metro,7
2026-09-18,Fri,MC-07,Blue,"Esplanade","Mahanayak Uttam Kumar (Tollygunge)",false,7:00 PM,18,33,1.83,Metro,15
2026-09-18,Fri,MC-08,Blue,"Mahanayak Uttam Kumar (Tollygunge)","Kavi Subhash",false,12:00 AM,15,16,1.07,Metro,1
2026-09-18,Fri,MC-08,Blue,"Mahanayak Uttam Kumar (Tollygunge)","Kavi Subhash",false,10:00 AM,15,22,1.47,Metro,7
2026-09-18,Fri,MC-08,Blue,"Mahanayak Uttam Kumar (Tollygunge)","Kavi Subhash",false,1:00 PM,17,22,1.29,Metro,5
2026-09-18,Fri,MC-08,Blue,"Mahanayak Uttam Kumar (Tollygunge)","Kavi Subhash",false,7:00 PM,15,28,1.87,Metro,13
2026-09-18,Fri,MC-09,Blue,"Dum Dum","Esplanade",false,12:00 AM,16,26,1.63,Metro,10
2026-09-18,Fri,MC-09,Blue,"Dum Dum","Esplanade",false,10:00 AM,16,32,2.00,Metro,16
2026-09-18,Fri,MC-09,Blue,"Dum Dum","Esplanade",false,1:00 PM,16,35,2.19,Metro,19
2026-09-18,Fri,MC-09,Blue,"Dum Dum","Esplanade",false,7:00 PM,16,38,2.38,Metro,22
2026-09-18,Fri,MC-10,Green,"Howrah","Salt Lake Sector V",true,12:00 AM,30,28,0.93,Car,-2
2026-09-18,Fri,MC-10,Green,"Howrah","Salt Lake Sector V",true,10:00 AM,30,43,1.43,Metro,13
2026-09-18,Fri,MC-10,Green,"Howrah","Salt Lake Sector V",true,1:00 PM,30,43,1.43,Metro,13
2026-09-18,Fri,MC-10,Green,"Howrah","Salt Lake Sector V",true,7:00 PM,30,49,1.63,Metro,19
2026-09-18,Fri,MC-11,Green,"Sealdah","Salt Lake Sector V",false,12:00 AM,21,17,0.81,Car,-4
2026-09-18,Fri,MC-11,Green,"Sealdah","Salt Lake Sector V",false,10:00 AM,21,27,1.29,Metro,6
2026-09-18,Fri,MC-11,Green,"Sealdah","Salt Lake Sector V",false,1:00 PM,21,25,1.19,Metro,4
2026-09-18,Fri,MC-11,Green,"Sealdah","Salt Lake Sector V",false,7:00 PM,21,27,1.29,Metro,6
2026-09-18,Fri,MC-12,Green,"Howrah","Sealdah",false,12:00 AM,11,17,1.55,Metro,6
2026-09-18,Fri,MC-12,Green,"Howrah","Sealdah",false,10:00 AM,11,23,2.09,Metro,12
2026-09-18,Fri,MC-12,Green,"Howrah","Sealdah",false,1:00 PM,11,28,2.55,Metro,17
2026-09-18,Fri,MC-12,Green,"Howrah","Sealdah",false,7:00 PM,11,28,2.55,Metro,17
2026-09-18,Fri,MC-13,Green,"Phoolbagan","Salt Lake Sector V",false,12:00 AM,18,14,0.78,Car,-4
2026-09-18,Fri,MC-13,Green,"Phoolbagan","Salt Lake Sector V",false,10:00 AM,18,20,1.11,Metro,2
2026-09-18,Fri,MC-13,Green,"Phoolbagan","Salt Lake Sector V",false,1:00 PM,18,18,1.00,Tie,0
2026-09-18,Fri,MC-13,Green,"Phoolbagan","Salt Lake Sector V",false,7:00 PM,18,21,1.17,Metro,3
2026-09-18,Fri,MC-14,Green,"Howrah","Phoolbagan",false,12:00 AM,12,17,1.42,Metro,5
2026-09-18,Fri,MC-14,Green,"Howrah","Phoolbagan",false,10:00 AM,12,25,2.08,Metro,13
2026-09-18,Fri,MC-14,Green,"Howrah","Phoolbagan",false,1:00 PM,12,27,2.25,Metro,15
2026-09-18,Fri,MC-14,Green,"Howrah","Phoolbagan",false,7:00 PM,12,32,2.67,Metro,20
2026-09-18,Fri,MC-15,Green,"Esplanade","Salt Lake Sector V",false,12:00 AM,25,22,0.88,Car,-3
2026-09-18,Fri,MC-15,Green,"Esplanade","Salt Lake Sector V",false,10:00 AM,25,31,1.24,Metro,6
2026-09-18,Fri,MC-15,Green,"Esplanade","Salt Lake Sector V",false,1:00 PM,25,31,1.24,Metro,6
2026-09-18,Fri,MC-15,Green,"Esplanade","Salt Lake Sector V",false,7:00 PM,25,34,1.36,Metro,9
2026-09-18,Fri,MC-16,Orange,"Kavi Subhash","Beleghata",true,12:00 AM,23,19,0.83,Car,-4
2026-09-18,Fri,MC-16,Orange,"Kavi Subhash","Beleghata",true,10:00 AM,23,24,1.04,Metro,1
2026-09-18,Fri,MC-16,Orange,"Kavi Subhash","Beleghata",true,1:00 PM,28,23,0.82,Car,-5
2026-09-18,Fri,MC-16,Orange,"Kavi Subhash","Beleghata",true,7:00 PM,28,26,0.93,Car,-2
2026-09-18,Fri,MC-17,Orange,"Hemanta Mukhopadhyay","Beleghata",false,12:00 AM,12,8,0.67,Car,-4
2026-09-18,Fri,MC-17,Orange,"Hemanta Mukhopadhyay","Beleghata",false,10:00 AM,12,11,0.92,Car,-1
2026-09-18,Fri,MC-17,Orange,"Hemanta Mukhopadhyay","Beleghata",false,1:00 PM,12,10,0.83,Car,-2
2026-09-18,Fri,MC-17,Orange,"Hemanta Mukhopadhyay","Beleghata",false,7:00 PM,17,11,0.65,Car,-6
2026-09-18,Fri,MC-18,Orange,"Kavi Subhash","Science City",false,12:00 AM,19,18,0.95,Car,-1
2026-09-18,Fri,MC-18,Orange,"Kavi Subhash","Science City",false,10:00 AM,19,22,1.16,Metro,3
2026-09-18,Fri,MC-18,Orange,"Kavi Subhash","Science City",false,1:00 PM,23,21,0.91,Car,-2
2026-09-18,Fri,MC-18,Orange,"Kavi Subhash","Science City",false,7:00 PM,23,24,1.04,Metro,1
2026-09-18,Fri,MC-19,Purple,"Joka","Majerhat",true,12:00 AM,17,17,1.00,Tie,0
2026-09-18,Fri,MC-19,Purple,"Joka","Majerhat",true,10:00 AM,17,21,1.24,Metro,4
2026-09-18,Fri,MC-19,Purple,"Joka","Majerhat",true,1:00 PM,17,23,1.35,Metro,6
2026-09-18,Fri,MC-19,Purple,"Joka","Majerhat",true,7:00 PM,17,23,1.35,Metro,6
2026-09-18,Fri,MC-20,Purple,"Behala Chowrasta","Majerhat",false,10:00 AM,9,10,1.11,Metro,1
2026-09-18,Fri,MC-20,Purple,"Behala Chowrasta","Majerhat",false,7:00 PM,9,10,1.11,Metro,1
2026-09-18,Fri,MC-21,Purple,"Joka","Behala Chowrasta",false,12:00 AM,8,9,1.13,Metro,1
2026-09-18,Fri,MC-21,Purple,"Joka","Behala Chowrasta",false,10:00 AM,8,11,1.38,Metro,3
2026-09-18,Fri,MC-21,Purple,"Joka","Behala Chowrasta",false,7:00 PM,8,12,1.50,Metro,4
2026-09-18,Fri,MC-22,Purple,"Joka","Taratala",false,12:00 AM,14,15,1.07,Metro,1
2026-09-18,Fri,MC-22,Purple,"Joka","Taratala",false,10:00 AM,14,19,1.36,Metro,5
2026-09-18,Fri,MC-22,Purple,"Joka","Taratala",false,1:00 PM,14,20,1.43,Metro,6
2026-09-18,Fri,MC-22,Purple,"Joka","Taratala",false,7:00 PM,14,20,1.43,Metro,6
2026-09-18,Fri,MC-23,Purple,"Behala Chowrasta","Taratala",false,12:00 AM,6,6,1.00,Tie,0
2026-09-18,Fri,MC-23,Purple,"Behala Chowrasta","Taratala",false,10:00 AM,6,7,1.17,Metro,1
2026-09-18,Fri,MC-23,Purple,"Behala Chowrasta","Taratala",false,7:00 PM,6,8,1.33,Metro,2
2026-09-18,Fri,MC-24,Purple,"Taratala","Majerhat",false,12:00 AM,3,3,1.00,Tie,0
2026-09-18,Fri,MC-24,Purple,"Taratala","Majerhat",false,10:00 AM,3,3,1.00,Tie,0
2026-09-18,Fri,MC-24,Purple,"Taratala","Majerhat",false,7:00 PM,3,3,1.00,Tie,0
2026-09-19,Sat,MC-01,Blue,"Dakshineswar","Esplanade",true,12:00 AM,28,29,1.04,Metro,1
2026-09-19,Sat,MC-01,Blue,"Dakshineswar","Esplanade",true,10:00 AM,28,39,1.39,Metro,11
2026-09-19,Sat,MC-01,Blue,"Dakshineswar","Esplanade",true,1:00 PM,31,52,1.68,Metro,21
2026-09-19,Sat,MC-01,Blue,"Dakshineswar","Esplanade",true,7:00 PM,28,53,1.89,Metro,25
2026-09-19,Sat,MC-02,Blue,"Shahid Khudiram","Esplanade",true,12:00 AM,28,31,1.11,Metro,3
2026-09-19,Sat,MC-02,Blue,"Shahid Khudiram","Esplanade",true,10:00 AM,28,37,1.32,Metro,9
2026-09-19,Sat,MC-02,Blue,"Shahid Khudiram","Esplanade",true,1:00 PM,30,38,1.27,Metro,8
2026-09-19,Sat,MC-02,Blue,"Shahid Khudiram","Esplanade",true,7:00 PM,29,51,1.76,Metro,22
2026-09-19,Sat,MC-03,Blue,"Shyambazar","Dum Dum",false,12:00 AM,7,11,1.57,Metro,4
2026-09-19,Sat,MC-03,Blue,"Shyambazar","Dum Dum",false,10:00 AM,7,14,2.00,Metro,7
2026-09-19,Sat,MC-03,Blue,"Shyambazar","Dum Dum",false,7:00 PM,8,17,2.13,Metro,9
2026-09-19,Sat,MC-04,Blue,"Shyambazar","Esplanade",false,12:00 AM,11,14,1.27,Metro,3
2026-09-19,Sat,MC-04,Blue,"Shyambazar","Esplanade",false,10:00 AM,11,18,1.64,Metro,7
2026-09-19,Sat,MC-04,Blue,"Shyambazar","Esplanade",false,1:00 PM,11,28,2.55,Metro,17
2026-09-19,Sat,MC-04,Blue,"Shyambazar","Esplanade",false,7:00 PM,11,30,2.73,Metro,19
2026-09-19,Sat,MC-05,Blue,"Kalighat","Esplanade",false,12:00 AM,11,12,1.09,Metro,1
2026-09-19,Sat,MC-05,Blue,"Kalighat","Esplanade",false,10:00 AM,11,15,1.36,Metro,4
2026-09-19,Sat,MC-05,Blue,"Kalighat","Esplanade",false,1:00 PM,11,22,2.00,Metro,11
2026-09-19,Sat,MC-05,Blue,"Kalighat","Esplanade",false,7:00 PM,11,31,2.82,Metro,20
2026-09-19,Sat,MC-06,Blue,"Dakshineswar","Dum Dum",false,12:00 AM,15,17,1.13,Metro,2
2026-09-19,Sat,MC-06,Blue,"Dakshineswar","Dum Dum",false,10:00 AM,12,25,2.08,Metro,13
2026-09-19,Sat,MC-06,Blue,"Dakshineswar","Dum Dum",false,1:00 PM,15,27,1.80,Metro,12
2026-09-19,Sat,MC-06,Blue,"Dakshineswar","Dum Dum",false,7:00 PM,12,29,2.42,Metro,17
2026-09-19,Sat,MC-07,Blue,"Esplanade","Mahanayak Uttam Kumar (Tollygunge)",false,12:00 AM,23,19,0.83,Car,-4
2026-09-19,Sat,MC-07,Blue,"Esplanade","Mahanayak Uttam Kumar (Tollygunge)",false,10:00 AM,17,26,1.53,Metro,9
2026-09-19,Sat,MC-07,Blue,"Esplanade","Mahanayak Uttam Kumar (Tollygunge)",false,1:00 PM,23,29,1.26,Metro,6
2026-09-19,Sat,MC-07,Blue,"Esplanade","Mahanayak Uttam Kumar (Tollygunge)",false,7:00 PM,18,37,2.06,Metro,19
2026-09-19,Sat,MC-08,Blue,"Mahanayak Uttam Kumar (Tollygunge)","Kavi Subhash",false,12:00 AM,15,15,1.00,Tie,0
2026-09-19,Sat,MC-08,Blue,"Mahanayak Uttam Kumar (Tollygunge)","Kavi Subhash",false,10:00 AM,15,23,1.53,Metro,8
2026-09-19,Sat,MC-08,Blue,"Mahanayak Uttam Kumar (Tollygunge)","Kavi Subhash",false,1:00 PM,17,24,1.41,Metro,7
2026-09-19,Sat,MC-08,Blue,"Mahanayak Uttam Kumar (Tollygunge)","Kavi Subhash",false,7:00 PM,15,31,2.07,Metro,16
2026-09-19,Sat,MC-09,Blue,"Dum Dum","Esplanade",false,12:00 AM,16,25,1.56,Metro,9
2026-09-19,Sat,MC-09,Blue,"Dum Dum","Esplanade",false,10:00 AM,16,32,2.00,Metro,16
2026-09-19,Sat,MC-09,Blue,"Dum Dum","Esplanade",false,1:00 PM,16,43,2.69,Metro,27
2026-09-19,Sat,MC-09,Blue,"Dum Dum","Esplanade",false,7:00 PM,16,47,2.94,Metro,31
2026-09-19,Sat,MC-10,Green,"Howrah","Salt Lake Sector V",true,12:00 AM,30,28,0.93,Car,-2
2026-09-19,Sat,MC-10,Green,"Howrah","Salt Lake Sector V",true,10:00 AM,30,38,1.27,Metro,8
2026-09-19,Sat,MC-10,Green,"Howrah","Salt Lake Sector V",true,1:00 PM,30,45,1.50,Metro,15
2026-09-19,Sat,MC-10,Green,"Howrah","Salt Lake Sector V",true,7:00 PM,30,54,1.80,Metro,24
2026-09-19,Sat,MC-11,Green,"Sealdah","Salt Lake Sector V",false,12:00 AM,21,17,0.81,Car,-4
2026-09-19,Sat,MC-11,Green,"Sealdah","Salt Lake Sector V",false,10:00 AM,22,24,1.09,Metro,2
2026-09-19,Sat,MC-11,Green,"Sealdah","Salt Lake Sector V",false,1:00 PM,22,25,1.14,Metro,3
2026-09-19,Sat,MC-11,Green,"Sealdah","Salt Lake Sector V",false,7:00 PM,22,25,1.14,Metro,3
2026-09-19,Sat,MC-12,Green,"Howrah","Sealdah",false,12:00 AM,11,16,1.45,Metro,5
2026-09-19,Sat,MC-12,Green,"Howrah","Sealdah",false,10:00 AM,10,24,2.40,Metro,14
2026-09-19,Sat,MC-12,Green,"Howrah","Sealdah",false,1:00 PM,10,32,3.20,Metro,22
2026-09-19,Sat,MC-12,Green,"Howrah","Sealdah",false,7:00 PM,10,32,3.20,Metro,22
2026-09-19,Sat,MC-13,Green,"Phoolbagan","Salt Lake Sector V",false,12:00 AM,18,14,0.78,Car,-4
2026-09-19,Sat,MC-13,Green,"Phoolbagan","Salt Lake Sector V",false,10:00 AM,19,18,0.95,Car,-1
2026-09-19,Sat,MC-13,Green,"Phoolbagan","Salt Lake Sector V",false,1:00 PM,19,18,0.95,Car,-1
2026-09-19,Sat,MC-13,Green,"Phoolbagan","Salt Lake Sector V",false,7:00 PM,19,21,1.11,Metro,2
2026-09-19,Sat,MC-14,Green,"Howrah","Phoolbagan",false,12:00 AM,12,17,1.42,Metro,5
2026-09-19,Sat,MC-14,Green,"Howrah","Phoolbagan",false,10:00 AM,11,25,2.27,Metro,14
2026-09-19,Sat,MC-14,Green,"Howrah","Phoolbagan",false,1:00 PM,11,35,3.18,Metro,24
2026-09-19,Sat,MC-14,Green,"Howrah","Phoolbagan",false,7:00 PM,11,40,3.64,Metro,29
2026-09-19,Sat,MC-15,Green,"Esplanade","Salt Lake Sector V",false,12:00 AM,25,23,0.92,Car,-2
2026-09-19,Sat,MC-15,Green,"Esplanade","Salt Lake Sector V",false,10:00 AM,25,27,1.08,Metro,2
2026-09-19,Sat,MC-15,Green,"Esplanade","Salt Lake Sector V",false,1:00 PM,25,29,1.16,Metro,4
2026-09-19,Sat,MC-15,Green,"Esplanade","Salt Lake Sector V",false,7:00 PM,25,36,1.44,Metro,11
2026-09-19,Sat,MC-16,Orange,"Kavi Subhash","Beleghata",true,12:00 AM,23,19,0.83,Car,-4
2026-09-19,Sat,MC-17,Orange,"Hemanta Mukhopadhyay","Beleghata",false,12:00 AM,12,8,0.67,Car,-4
2026-09-19,Sat,MC-18,Orange,"Kavi Subhash","Science City",false,12:00 AM,23,18,0.78,Car,-5
2026-09-19,Sat,MC-19,Purple,"Joka","Majerhat",true,12:00 AM,17,16,0.94,Car,-1
2026-09-19,Sat,MC-19,Purple,"Joka","Majerhat",true,1:00 PM,19,24,1.26,Metro,5
2026-09-19,Sat,MC-20,Purple,"Behala Chowrasta","Majerhat",false,12:00 AM,9,8,0.89,Car,-1
2026-09-19,Sat,MC-21,Purple,"Joka","Behala Chowrasta",false,12:00 AM,8,8,1.00,Tie,0
2026-09-19,Sat,MC-22,Purple,"Joka","Taratala",false,12:00 AM,14,14,1.00,Tie,0
2026-09-19,Sat,MC-22,Purple,"Joka","Taratala",false,1:00 PM,14,21,1.50,Metro,7
2026-09-19,Sat,MC-23,Purple,"Behala Chowrasta","Taratala",false,12:00 AM,6,6,1.00,Tie,0
2026-09-19,Sat,MC-24,Purple,"Taratala","Majerhat",false,12:00 AM,3,2,0.67,Car,-1
2026-09-20,Sun,MC-01,Blue,"Dakshineswar","Esplanade",true,12:00 AM,28,30,1.07,Metro,2
2026-09-20,Sun,MC-01,Blue,"Dakshineswar","Esplanade",true,10:00 AM,28,34,1.21,Metro,6
2026-09-20,Sun,MC-01,Blue,"Dakshineswar","Esplanade",true,1:00 PM,28,37,1.32,Metro,9
2026-09-20,Sun,MC-01,Blue,"Dakshineswar","Esplanade",true,7:00 PM,31,42,1.35,Metro,11
2026-09-20,Sun,MC-02,Blue,"Shahid Khudiram","Esplanade",true,12:00 AM,28,31,1.11,Metro,3
2026-09-20,Sun,MC-02,Blue,"Shahid Khudiram","Esplanade",true,10:00 AM,28,31,1.11,Metro,3
2026-09-20,Sun,MC-02,Blue,"Shahid Khudiram","Esplanade",true,1:00 PM,30,34,1.13,Metro,4
2026-09-20,Sun,MC-02,Blue,"Shahid Khudiram","Esplanade",true,7:00 PM,30,38,1.27,Metro,8
2026-09-20,Sun,MC-03,Blue,"Shyambazar","Dum Dum",false,12:00 AM,7,11,1.57,Metro,4
2026-09-20,Sun,MC-03,Blue,"Shyambazar","Dum Dum",false,10:00 AM,7,13,1.86,Metro,6
2026-09-20,Sun,MC-03,Blue,"Shyambazar","Dum Dum",false,7:00 PM,15,15,1.00,Tie,0
2026-09-20,Sun,MC-04,Blue,"Shyambazar","Esplanade",false,12:00 AM,11,15,1.36,Metro,4
2026-09-20,Sun,MC-04,Blue,"Shyambazar","Esplanade",false,10:00 AM,11,16,1.45,Metro,5
2026-09-20,Sun,MC-04,Blue,"Shyambazar","Esplanade",false,1:00 PM,11,19,1.73,Metro,8
2026-09-20,Sun,MC-04,Blue,"Shyambazar","Esplanade",false,7:00 PM,11,21,1.91,Metro,10
2026-09-20,Sun,MC-05,Blue,"Kalighat","Esplanade",false,12:00 AM,11,12,1.09,Metro,1
2026-09-20,Sun,MC-05,Blue,"Kalighat","Esplanade",false,10:00 AM,11,13,1.18,Metro,2
2026-09-20,Sun,MC-05,Blue,"Kalighat","Esplanade",false,1:00 PM,11,16,1.45,Metro,5
2026-09-20,Sun,MC-05,Blue,"Kalighat","Esplanade",false,7:00 PM,11,20,1.82,Metro,9
2026-09-20,Sun,MC-06,Blue,"Dakshineswar","Dum Dum",false,12:00 AM,12,16,1.33,Metro,4
2026-09-20,Sun,MC-06,Blue,"Dakshineswar","Dum Dum",false,10:00 AM,12,22,1.83,Metro,10
2026-09-20,Sun,MC-07,Blue,"Esplanade","Mahanayak Uttam Kumar (Tollygunge)",false,12:00 AM,23,19,0.83,Car,-4
2026-09-20,Sun,MC-07,Blue,"Esplanade","Mahanayak Uttam Kumar (Tollygunge)",false,10:00 AM,17,23,1.35,Metro,6
2026-09-20,Sun,MC-07,Blue,"Esplanade","Mahanayak Uttam Kumar (Tollygunge)",false,1:00 PM,17,26,1.53,Metro,9
2026-09-20,Sun,MC-07,Blue,"Esplanade","Mahanayak Uttam Kumar (Tollygunge)",false,7:00 PM,23,33,1.43,Metro,10
2026-09-20,Sun,MC-08,Blue,"Mahanayak Uttam Kumar (Tollygunge)","Kavi Subhash",false,12:00 AM,15,15,1.00,Tie,0
2026-09-20,Sun,MC-08,Blue,"Mahanayak Uttam Kumar (Tollygunge)","Kavi Subhash",false,10:00 AM,14,20,1.43,Metro,6
2026-09-20,Sun,MC-08,Blue,"Mahanayak Uttam Kumar (Tollygunge)","Kavi Subhash",false,1:00 PM,17,23,1.35,Metro,6
2026-09-20,Sun,MC-08,Blue,"Mahanayak Uttam Kumar (Tollygunge)","Kavi Subhash",false,7:00 PM,17,27,1.59,Metro,10
2026-09-20,Sun,MC-09,Blue,"Dum Dum","Esplanade",false,12:00 AM,16,26,1.63,Metro,10
2026-09-20,Sun,MC-09,Blue,"Dum Dum","Esplanade",false,10:00 AM,16,28,1.75,Metro,12
2026-09-20,Sun,MC-09,Blue,"Dum Dum","Esplanade",false,1:00 PM,16,31,1.94,Metro,15
2026-09-20,Sun,MC-09,Blue,"Dum Dum","Esplanade",false,7:00 PM,16,36,2.25,Metro,20
2026-09-20,Sun,MC-10,Green,"Howrah","Salt Lake Sector V",true,12:00 AM,30,30,1.00,Tie,0
2026-09-20,Sun,MC-10,Green,"Howrah","Salt Lake Sector V",true,10:00 AM,30,37,1.23,Metro,7
2026-09-20,Sun,MC-10,Green,"Howrah","Salt Lake Sector V",true,1:00 PM,30,39,1.30,Metro,9
2026-09-20,Sun,MC-10,Green,"Howrah","Salt Lake Sector V",true,7:00 PM,30,41,1.37,Metro,11
2026-09-20,Sun,MC-11,Green,"Sealdah","Salt Lake Sector V",false,12:00 AM,22,18,0.82,Car,-4
2026-09-20,Sun,MC-11,Green,"Sealdah","Salt Lake Sector V",false,10:00 AM,22,23,1.05,Metro,1
2026-09-20,Sun,MC-11,Green,"Sealdah","Salt Lake Sector V",false,1:00 PM,22,23,1.05,Metro,1
2026-09-20,Sun,MC-11,Green,"Sealdah","Salt Lake Sector V",false,7:00 PM,22,26,1.18,Metro,4
2026-09-20,Sun,MC-12,Green,"Howrah","Sealdah",false,12:00 AM,10,16,1.60,Metro,6
2026-09-20,Sun,MC-12,Green,"Howrah","Sealdah",false,10:00 AM,10,22,2.20,Metro,12
2026-09-20,Sun,MC-12,Green,"Howrah","Sealdah",false,1:00 PM,10,22,2.20,Metro,12
2026-09-20,Sun,MC-12,Green,"Howrah","Sealdah",false,7:00 PM,10,23,2.30,Metro,13
2026-09-20,Sun,MC-13,Green,"Phoolbagan","Salt Lake Sector V",false,12:00 AM,19,14,0.74,Car,-5
2026-09-20,Sun,MC-13,Green,"Phoolbagan","Salt Lake Sector V",false,10:00 AM,19,17,0.89,Car,-2
2026-09-20,Sun,MC-13,Green,"Phoolbagan","Salt Lake Sector V",false,1:00 PM,19,17,0.89,Car,-2
2026-09-20,Sun,MC-13,Green,"Phoolbagan","Salt Lake Sector V",false,7:00 PM,19,20,1.05,Metro,1
2026-09-20,Sun,MC-14,Green,"Howrah","Phoolbagan",false,12:00 AM,11,17,1.55,Metro,6
2026-09-20,Sun,MC-14,Green,"Howrah","Phoolbagan",false,10:00 AM,11,22,2.00,Metro,11
2026-09-20,Sun,MC-14,Green,"Howrah","Phoolbagan",false,1:00 PM,11,25,2.27,Metro,14
2026-09-20,Sun,MC-14,Green,"Howrah","Phoolbagan",false,7:00 PM,11,28,2.55,Metro,17
2026-09-20,Sun,MC-15,Green,"Esplanade","Salt Lake Sector V",false,12:00 AM,25,24,0.96,Car,-1
2026-09-20,Sun,MC-15,Green,"Esplanade","Salt Lake Sector V",false,10:00 AM,25,25,1.00,Tie,0
2026-09-20,Sun,MC-15,Green,"Esplanade","Salt Lake Sector V",false,1:00 PM,25,26,1.04,Metro,1
2026-09-20,Sun,MC-15,Green,"Esplanade","Salt Lake Sector V",false,7:00 PM,25,29,1.16,Metro,4
2026-09-20,Sun,MC-19,Purple,"Joka","Majerhat",true,12:00 AM,19,19,1.00,Tie,0
2026-09-20,Sun,MC-20,Purple,"Behala Chowrasta","Majerhat",false,12:00 AM,11,11,1.00,Tie,0
2026-09-20,Sun,MC-21,Purple,"Joka","Behala Chowrasta",false,12:00 AM,8,8,1.00,Tie,0
2026-09-20,Sun,MC-22,Purple,"Joka","Taratala",false,12:00 AM,14,15,1.07,Metro,1
2026-09-21,Mon,MC-01,Blue,"Dakshineswar","Esplanade",true,12:00 AM,28,32,1.14,Metro,4
2026-09-21,Mon,MC-01,Blue,"Dakshineswar","Esplanade",true,10:00 AM,28,51,1.82,Metro,23
2026-09-21,Mon,MC-01,Blue,"Dakshineswar","Esplanade",true,1:00 PM,31,55,1.77,Metro,24
2026-09-21,Mon,MC-01,Blue,"Dakshineswar","Esplanade",true,7:00 PM,28,53,1.89,Metro,25
2026-09-21,Mon,MC-02,Blue,"Shahid Khudiram","Esplanade",true,12:00 AM,28,30,1.07,Metro,2
2026-09-21,Mon,MC-02,Blue,"Shahid Khudiram","Esplanade",true,10:00 AM,28,54,1.93,Metro,26
2026-09-21,Mon,MC-02,Blue,"Shahid Khudiram","Esplanade",true,1:00 PM,30,45,1.50,Metro,15
2026-09-21,Mon,MC-02,Blue,"Shahid Khudiram","Esplanade",true,7:00 PM,29,65,2.24,Metro,36
2026-09-21,Mon,MC-03,Blue,"Shyambazar","Dum Dum",false,12:00 AM,7,11,1.57,Metro,4
2026-09-21,Mon,MC-03,Blue,"Shyambazar","Dum Dum",false,10:00 AM,7,15,2.14,Metro,8
2026-09-21,Mon,MC-03,Blue,"Shyambazar","Dum Dum",false,7:00 PM,8,17,2.13,Metro,9
2026-09-21,Mon,MC-04,Blue,"Shyambazar","Esplanade",false,12:00 AM,11,15,1.36,Metro,4
2026-09-21,Mon,MC-04,Blue,"Shyambazar","Esplanade",false,10:00 AM,11,23,2.09,Metro,12
2026-09-21,Mon,MC-04,Blue,"Shyambazar","Esplanade",false,1:00 PM,11,29,2.64,Metro,18
2026-09-21,Mon,MC-04,Blue,"Shyambazar","Esplanade",false,7:00 PM,11,33,3.00,Metro,22
2026-09-21,Mon,MC-05,Blue,"Kalighat","Esplanade",false,12:00 AM,11,12,1.09,Metro,1
2026-09-21,Mon,MC-05,Blue,"Kalighat","Esplanade",false,10:00 AM,11,18,1.64,Metro,7
2026-09-21,Mon,MC-05,Blue,"Kalighat","Esplanade",false,1:00 PM,11,31,2.82,Metro,20
2026-09-21,Mon,MC-05,Blue,"Kalighat","Esplanade",false,7:00 PM,11,22,2.00,Metro,11
2026-09-21,Mon,MC-06,Blue,"Dakshineswar","Dum Dum",false,12:00 AM,12,18,1.50,Metro,6
2026-09-21,Mon,MC-06,Blue,"Dakshineswar","Dum Dum",false,10:00 AM,12,32,2.67,Metro,20
2026-09-21,Mon,MC-06,Blue,"Dakshineswar","Dum Dum",false,1:00 PM,15,31,2.07,Metro,16
2026-09-21,Mon,MC-06,Blue,"Dakshineswar","Dum Dum",false,7:00 PM,12,26,2.17,Metro,14
2026-09-21,Mon,MC-07,Blue,"Esplanade","Mahanayak Uttam Kumar (Tollygunge)",false,12:00 AM,17,18,1.06,Metro,1
2026-09-21,Mon,MC-07,Blue,"Esplanade","Mahanayak Uttam Kumar (Tollygunge)",false,10:00 AM,17,29,1.71,Metro,12
2026-09-21,Mon,MC-07,Blue,"Esplanade","Mahanayak Uttam Kumar (Tollygunge)",false,1:00 PM,23,32,1.39,Metro,9
2026-09-21,Mon,MC-07,Blue,"Esplanade","Mahanayak Uttam Kumar (Tollygunge)",false,7:00 PM,18,37,2.06,Metro,19
2026-09-21,Mon,MC-08,Blue,"Mahanayak Uttam Kumar (Tollygunge)","Kavi Subhash",false,12:00 AM,15,16,1.07,Metro,1
2026-09-21,Mon,MC-08,Blue,"Mahanayak Uttam Kumar (Tollygunge)","Kavi Subhash",false,10:00 AM,15,25,1.67,Metro,10
2026-09-21,Mon,MC-08,Blue,"Mahanayak Uttam Kumar (Tollygunge)","Kavi Subhash",false,1:00 PM,17,27,1.59,Metro,10
2026-09-21,Mon,MC-08,Blue,"Mahanayak Uttam Kumar (Tollygunge)","Kavi Subhash",false,7:00 PM,15,33,2.20,Metro,18
2026-09-21,Mon,MC-09,Blue,"Dum Dum","Esplanade",false,12:00 AM,16,26,1.63,Metro,10
2026-09-21,Mon,MC-09,Blue,"Dum Dum","Esplanade",false,10:00 AM,16,38,2.38,Metro,22
2026-09-21,Mon,MC-09,Blue,"Dum Dum","Esplanade",false,1:00 PM,16,42,2.63,Metro,26
2026-09-21,Mon,MC-09,Blue,"Dum Dum","Esplanade",false,7:00 PM,16,47,2.94,Metro,31
2026-09-21,Mon,MC-10,Green,"Howrah","Salt Lake Sector V",true,12:00 AM,30,29,0.97,Car,-1
2026-09-21,Mon,MC-10,Green,"Howrah","Salt Lake Sector V",true,10:00 AM,30,52,1.73,Metro,22
2026-09-21,Mon,MC-10,Green,"Howrah","Salt Lake Sector V",true,1:00 PM,30,48,1.60,Metro,18
2026-09-21,Mon,MC-10,Green,"Howrah","Salt Lake Sector V",true,7:00 PM,30,63,2.10,Metro,33
2026-09-21,Mon,MC-11,Green,"Sealdah","Salt Lake Sector V",false,12:00 AM,22,17,0.77,Car,-5
2026-09-21,Mon,MC-11,Green,"Sealdah","Salt Lake Sector V",false,10:00 AM,21,33,1.57,Metro,12
2026-09-21,Mon,MC-11,Green,"Sealdah","Salt Lake Sector V",false,1:00 PM,21,25,1.19,Metro,4
2026-09-21,Mon,MC-11,Green,"Sealdah","Salt Lake Sector V",false,7:00 PM,21,31,1.48,Metro,10
2026-09-21,Mon,MC-12,Green,"Howrah","Sealdah",false,12:00 AM,10,15,1.50,Metro,5
2026-09-21,Mon,MC-12,Green,"Howrah","Sealdah",false,10:00 AM,11,30,2.73,Metro,19
2026-09-21,Mon,MC-12,Green,"Howrah","Sealdah",false,1:00 PM,11,36,3.27,Metro,25
2026-09-21,Mon,MC-12,Green,"Howrah","Sealdah",false,7:00 PM,11,37,3.36,Metro,26
2026-09-21,Mon,MC-13,Green,"Phoolbagan","Salt Lake Sector V",false,12:00 AM,19,13,0.68,Car,-6
2026-09-21,Mon,MC-13,Green,"Phoolbagan","Salt Lake Sector V",false,10:00 AM,18,24,1.33,Metro,6
2026-09-21,Mon,MC-13,Green,"Phoolbagan","Salt Lake Sector V",false,1:00 PM,18,20,1.11,Metro,2
2026-09-21,Mon,MC-13,Green,"Phoolbagan","Salt Lake Sector V",false,7:00 PM,18,24,1.33,Metro,6
2026-09-21,Mon,MC-14,Green,"Howrah","Phoolbagan",false,12:00 AM,11,17,1.55,Metro,6
2026-09-21,Mon,MC-14,Green,"Howrah","Phoolbagan",false,10:00 AM,12,30,2.50,Metro,18
2026-09-21,Mon,MC-14,Green,"Howrah","Phoolbagan",false,1:00 PM,12,36,3.00,Metro,24
2026-09-21,Mon,MC-14,Green,"Howrah","Phoolbagan",false,7:00 PM,12,45,3.75,Metro,33
2026-09-21,Mon,MC-15,Green,"Esplanade","Salt Lake Sector V",false,12:00 AM,25,23,0.92,Car,-2
2026-09-21,Mon,MC-15,Green,"Esplanade","Salt Lake Sector V",false,10:00 AM,25,39,1.56,Metro,14
2026-09-21,Mon,MC-15,Green,"Esplanade","Salt Lake Sector V",false,1:00 PM,25,32,1.28,Metro,7
2026-09-21,Mon,MC-15,Green,"Esplanade","Salt Lake Sector V",false,7:00 PM,25,49,1.96,Metro,24
2026-09-21,Mon,MC-16,Orange,"Kavi Subhash","Beleghata",true,10:00 AM,23,36,1.57,Metro,13
2026-09-21,Mon,MC-16,Orange,"Kavi Subhash","Beleghata",true,1:00 PM,28,24,0.86,Car,-4
2026-09-21,Mon,MC-16,Orange,"Kavi Subhash","Beleghata",true,7:00 PM,28,42,1.50,Metro,14
2026-09-21,Mon,MC-17,Orange,"Hemanta Mukhopadhyay","Beleghata",false,10:00 AM,12,22,1.83,Metro,10
2026-09-21,Mon,MC-17,Orange,"Hemanta Mukhopadhyay","Beleghata",false,1:00 PM,12,11,0.92,Car,-1
2026-09-21,Mon,MC-17,Orange,"Hemanta Mukhopadhyay","Beleghata",false,7:00 PM,17,27,1.59,Metro,10
2026-09-21,Mon,MC-18,Orange,"Kavi Subhash","Science City",false,10:00 AM,19,30,1.58,Metro,11
2026-09-21,Mon,MC-18,Orange,"Kavi Subhash","Science City",false,1:00 PM,23,22,0.96,Car,-1
2026-09-21,Mon,MC-18,Orange,"Kavi Subhash","Science City",false,7:00 PM,23,40,1.74,Metro,17
2026-09-21,Mon,MC-19,Purple,"Joka","Majerhat",true,10:00 AM,17,27,1.59,Metro,10
2026-09-21,Mon,MC-19,Purple,"Joka","Majerhat",true,1:00 PM,17,25,1.47,Metro,8
2026-09-21,Mon,MC-19,Purple,"Joka","Majerhat",true,7:00 PM,17,25,1.47,Metro,8
2026-09-21,Mon,MC-20,Purple,"Behala Chowrasta","Majerhat",false,10:00 AM,9,15,1.67,Metro,6
2026-09-21,Mon,MC-20,Purple,"Behala Chowrasta","Majerhat",false,7:00 PM,9,11,1.22,Metro,2
2026-09-21,Mon,MC-21,Purple,"Joka","Behala Chowrasta",false,10:00 AM,8,12,1.50,Metro,4
2026-09-21,Mon,MC-21,Purple,"Joka","Behala Chowrasta",false,7:00 PM,8,13,1.63,Metro,5
2026-09-21,Mon,MC-22,Purple,"Joka","Taratala",false,10:00 AM,14,21,1.50,Metro,7
2026-09-21,Mon,MC-22,Purple,"Joka","Taratala",false,1:00 PM,14,22,1.57,Metro,8
2026-09-21,Mon,MC-22,Purple,"Joka","Taratala",false,7:00 PM,14,22,1.57,Metro,8
2026-09-21,Mon,MC-23,Purple,"Behala Chowrasta","Taratala",false,10:00 AM,6,9,1.50,Metro,3
2026-09-21,Mon,MC-23,Purple,"Behala Chowrasta","Taratala",false,7:00 PM,6,9,1.50,Metro,3
2026-09-21,Mon,MC-24,Purple,"Taratala","Majerhat",false,10:00 AM,3,6,2.00,Metro,3
2026-09-21,Mon,MC-24,Purple,"Taratala","Majerhat",false,7:00 PM,3,3,1.00,Tie,0
2026-09-22,Tue,MC-01,Blue,"Dakshineswar","Esplanade",true,12:00 AM,31,33,1.06,Metro,2
2026-09-22,Tue,MC-01,Blue,"Dakshineswar","Esplanade",true,10:00 AM,28,52,1.86,Metro,24
2026-09-22,Tue,MC-01,Blue,"Dakshineswar","Esplanade",true,1:00 PM,31,52,1.68,Metro,21
2026-09-22,Tue,MC-01,Blue,"Dakshineswar","Esplanade",true,7:00 PM,28,52,1.86,Metro,24
2026-09-22,Tue,MC-02,Blue,"Shahid Khudiram","Esplanade",true,12:00 AM,28,31,1.11,Metro,3
2026-09-22,Tue,MC-02,Blue,"Shahid Khudiram","Esplanade",true,10:00 AM,28,48,1.71,Metro,20
2026-09-22,Tue,MC-02,Blue,"Shahid Khudiram","Esplanade",true,1:00 PM,30,48,1.60,Metro,18
2026-09-22,Tue,MC-02,Blue,"Shahid Khudiram","Esplanade",true,7:00 PM,29,58,2.00,Metro,29
2026-09-22,Tue,MC-03,Blue,"Shyambazar","Dum Dum",false,12:00 AM,7,12,1.71,Metro,5
2026-09-22,Tue,MC-03,Blue,"Shyambazar","Dum Dum",false,10:00 AM,7,14,2.00,Metro,7
2026-09-22,Tue,MC-03,Blue,"Shyambazar","Dum Dum",false,7:00 PM,8,16,2.00,Metro,8
2026-09-22,Tue,MC-04,Blue,"Shyambazar","Esplanade",false,12:00 AM,11,16,1.45,Metro,5
2026-09-22,Tue,MC-04,Blue,"Shyambazar","Esplanade",false,10:00 AM,11,22,2.00,Metro,11
2026-09-22,Tue,MC-04,Blue,"Shyambazar","Esplanade",false,1:00 PM,11,29,2.64,Metro,18
2026-09-22,Tue,MC-04,Blue,"Shyambazar","Esplanade",false,7:00 PM,11,33,3.00,Metro,22
2026-09-22,Tue,MC-05,Blue,"Kalighat","Esplanade",false,12:00 AM,11,12,1.09,Metro,1
2026-09-22,Tue,MC-05,Blue,"Kalighat","Esplanade",false,10:00 AM,11,20,1.82,Metro,9
2026-09-22,Tue,MC-05,Blue,"Kalighat","Esplanade",false,1:00 PM,11,26,2.36,Metro,15
2026-09-22,Tue,MC-05,Blue,"Kalighat","Esplanade",false,7:00 PM,11,21,1.91,Metro,10
2026-09-22,Tue,MC-06,Blue,"Dakshineswar","Dum Dum",false,12:00 AM,12,19,1.58,Metro,7
2026-09-22,Tue,MC-06,Blue,"Dakshineswar","Dum Dum",false,10:00 AM,12,31,2.58,Metro,19
2026-09-22,Tue,MC-06,Blue,"Dakshineswar","Dum Dum",false,1:00 PM,15,26,1.73,Metro,11
2026-09-22,Tue,MC-06,Blue,"Dakshineswar","Dum Dum",false,7:00 PM,12,26,2.17,Metro,14
2026-09-22,Tue,MC-07,Blue,"Esplanade","Mahanayak Uttam Kumar (Tollygunge)",false,12:00 AM,17,18,1.06,Metro,1
2026-09-22,Tue,MC-07,Blue,"Esplanade","Mahanayak Uttam Kumar (Tollygunge)",false,10:00 AM,17,30,1.76,Metro,13
2026-09-22,Tue,MC-07,Blue,"Esplanade","Mahanayak Uttam Kumar (Tollygunge)",false,1:00 PM,23,33,1.43,Metro,10
2026-09-22,Tue,MC-07,Blue,"Esplanade","Mahanayak Uttam Kumar (Tollygunge)",false,7:00 PM,18,37,2.06,Metro,19
2026-09-22,Tue,MC-08,Blue,"Mahanayak Uttam Kumar (Tollygunge)","Kavi Subhash",false,12:00 AM,15,16,1.07,Metro,1
2026-09-22,Tue,MC-08,Blue,"Mahanayak Uttam Kumar (Tollygunge)","Kavi Subhash",false,10:00 AM,15,25,1.67,Metro,10
2026-09-22,Tue,MC-08,Blue,"Mahanayak Uttam Kumar (Tollygunge)","Kavi Subhash",false,1:00 PM,17,25,1.47,Metro,8
2026-09-22,Tue,MC-08,Blue,"Mahanayak Uttam Kumar (Tollygunge)","Kavi Subhash",false,7:00 PM,15,32,2.13,Metro,17
2026-09-22,Tue,MC-09,Blue,"Dum Dum","Esplanade",false,12:00 AM,16,26,1.63,Metro,10
2026-09-22,Tue,MC-09,Blue,"Dum Dum","Esplanade",false,10:00 AM,16,37,2.31,Metro,21
2026-09-22,Tue,MC-09,Blue,"Dum Dum","Esplanade",false,1:00 PM,16,40,2.50,Metro,24
2026-09-22,Tue,MC-09,Blue,"Dum Dum","Esplanade",false,7:00 PM,16,45,2.81,Metro,29
2026-09-22,Tue,MC-10,Green,"Howrah","Salt Lake Sector V",true,12:00 AM,30,30,1.00,Tie,0
2026-09-22,Tue,MC-10,Green,"Howrah","Salt Lake Sector V",true,10:00 AM,30,53,1.77,Metro,23
2026-09-22,Tue,MC-10,Green,"Howrah","Salt Lake Sector V",true,1:00 PM,30,51,1.70,Metro,21
2026-09-22,Tue,MC-10,Green,"Howrah","Salt Lake Sector V",true,7:00 PM,30,64,2.13,Metro,34
2026-09-22,Tue,MC-11,Green,"Sealdah","Salt Lake Sector V",false,12:00 AM,21,17,0.81,Car,-4
2026-09-22,Tue,MC-11,Green,"Sealdah","Salt Lake Sector V",false,10:00 AM,21,33,1.57,Metro,12
2026-09-22,Tue,MC-11,Green,"Sealdah","Salt Lake Sector V",false,1:00 PM,21,27,1.29,Metro,6
2026-09-22,Tue,MC-11,Green,"Sealdah","Salt Lake Sector V",false,7:00 PM,21,30,1.43,Metro,9
2026-09-22,Tue,MC-12,Green,"Howrah","Sealdah",false,12:00 AM,11,17,1.55,Metro,6
2026-09-22,Tue,MC-12,Green,"Howrah","Sealdah",false,10:00 AM,11,29,2.64,Metro,18
2026-09-22,Tue,MC-12,Green,"Howrah","Sealdah",false,1:00 PM,11,37,3.36,Metro,26
2026-09-22,Tue,MC-12,Green,"Howrah","Sealdah",false,7:00 PM,11,45,4.09,Metro,34
2026-09-22,Tue,MC-13,Green,"Phoolbagan","Salt Lake Sector V",false,12:00 AM,18,14,0.78,Car,-4
2026-09-22,Tue,MC-13,Green,"Phoolbagan","Salt Lake Sector V",false,10:00 AM,18,25,1.39,Metro,7
2026-09-22,Tue,MC-13,Green,"Phoolbagan","Salt Lake Sector V",false,1:00 PM,18,22,1.22,Metro,4
2026-09-22,Tue,MC-13,Green,"Phoolbagan","Salt Lake Sector V",false,7:00 PM,18,23,1.28,Metro,5
2026-09-22,Tue,MC-14,Green,"Howrah","Phoolbagan",false,12:00 AM,12,18,1.50,Metro,6
2026-09-22,Tue,MC-14,Green,"Howrah","Phoolbagan",false,10:00 AM,12,31,2.58,Metro,19
2026-09-22,Tue,MC-14,Green,"Howrah","Phoolbagan",false,1:00 PM,12,35,2.92,Metro,23
2026-09-22,Tue,MC-14,Green,"Howrah","Phoolbagan",false,7:00 PM,12,48,4.00,Metro,36
2026-09-22,Tue,MC-15,Green,"Esplanade","Salt Lake Sector V",false,12:00 AM,25,24,0.96,Car,-1
2026-09-22,Tue,MC-15,Green,"Esplanade","Salt Lake Sector V",false,10:00 AM,25,46,1.84,Metro,21
2026-09-22,Tue,MC-15,Green,"Esplanade","Salt Lake Sector V",false,1:00 PM,25,37,1.48,Metro,12
2026-09-22,Tue,MC-15,Green,"Esplanade","Salt Lake Sector V",false,7:00 PM,25,37,1.48,Metro,12
2026-09-22,Tue,MC-16,Orange,"Kavi Subhash","Beleghata",true,12:00 AM,23,19,0.83,Car,-4
2026-09-22,Tue,MC-16,Orange,"Kavi Subhash","Beleghata",true,10:00 AM,23,28,1.22,Metro,5
2026-09-22,Tue,MC-16,Orange,"Kavi Subhash","Beleghata",true,1:00 PM,28,25,0.89,Car,-3
2026-09-22,Tue,MC-16,Orange,"Kavi Subhash","Beleghata",true,7:00 PM,28,39,1.39,Metro,11
2026-09-22,Tue,MC-17,Orange,"Hemanta Mukhopadhyay","Beleghata",false,12:00 AM,12,8,0.67,Car,-4
2026-09-22,Tue,MC-17,Orange,"Hemanta Mukhopadhyay","Beleghata",false,10:00 AM,12,15,1.25,Metro,3
2026-09-22,Tue,MC-17,Orange,"Hemanta Mukhopadhyay","Beleghata",false,1:00 PM,12,11,0.92,Car,-1
2026-09-22,Tue,MC-17,Orange,"Hemanta Mukhopadhyay","Beleghata",false,7:00 PM,17,27,1.59,Metro,10
2026-09-22,Tue,MC-18,Orange,"Kavi Subhash","Science City",false,12:00 AM,19,18,0.95,Car,-1
2026-09-22,Tue,MC-18,Orange,"Kavi Subhash","Science City",false,10:00 AM,19,24,1.26,Metro,5
2026-09-22,Tue,MC-18,Orange,"Kavi Subhash","Science City",false,1:00 PM,23,23,1.00,Tie,0
2026-09-22,Tue,MC-18,Orange,"Kavi Subhash","Science City",false,7:00 PM,23,36,1.57,Metro,13
2026-09-22,Tue,MC-19,Purple,"Joka","Majerhat",true,12:00 AM,17,19,1.12,Metro,2
2026-09-22,Tue,MC-19,Purple,"Joka","Majerhat",true,10:00 AM,17,25,1.47,Metro,8
2026-09-22,Tue,MC-19,Purple,"Joka","Majerhat",true,1:00 PM,17,23,1.35,Metro,6
2026-09-22,Tue,MC-19,Purple,"Joka","Majerhat",true,7:00 PM,17,23,1.35,Metro,6
2026-09-22,Tue,MC-20,Purple,"Behala Chowrasta","Majerhat",false,12:00 AM,9,11,1.22,Metro,2
2026-09-22,Tue,MC-20,Purple,"Behala Chowrasta","Majerhat",false,10:00 AM,9,12,1.33,Metro,3
2026-09-22,Tue,MC-20,Purple,"Behala Chowrasta","Majerhat",false,7:00 PM,9,11,1.22,Metro,2
2026-09-22,Tue,MC-21,Purple,"Joka","Behala Chowrasta",false,12:00 AM,8,9,1.13,Metro,1
2026-09-22,Tue,MC-21,Purple,"Joka","Behala Chowrasta",false,10:00 AM,8,13,1.63,Metro,5
2026-09-22,Tue,MC-21,Purple,"Joka","Behala Chowrasta",false,7:00 PM,8,13,1.63,Metro,5
2026-09-22,Tue,MC-22,Purple,"Joka","Taratala",false,12:00 AM,14,20,1.43,Metro,6
2026-09-22,Tue,MC-22,Purple,"Joka","Taratala",false,10:00 AM,14,21,1.50,Metro,7
2026-09-22,Tue,MC-22,Purple,"Joka","Taratala",false,1:00 PM,14,21,1.50,Metro,7
2026-09-22,Tue,MC-22,Purple,"Joka","Taratala",false,7:00 PM,14,21,1.50,Metro,7
2026-09-22,Tue,MC-23,Purple,"Behala Chowrasta","Taratala",false,12:00 AM,6,14,2.33,Metro,8
2026-09-22,Tue,MC-23,Purple,"Behala Chowrasta","Taratala",false,10:00 AM,6,8,1.33,Metro,2
2026-09-22,Tue,MC-23,Purple,"Behala Chowrasta","Taratala",false,7:00 PM,6,9,1.50,Metro,3
2026-09-22,Tue,MC-24,Purple,"Taratala","Majerhat",false,12:00 AM,3,7,2.33,Metro,4
2026-09-22,Tue,MC-24,Purple,"Taratala","Majerhat",false,10:00 AM,3,4,1.33,Metro,1
2026-09-22,Tue,MC-24,Purple,"Taratala","Majerhat",false,7:00 PM,3,3,1.00,Tie,0